Generated by HiviewDFX@OpenHarmony
================================================================
Device info:HUAWEI Mate 60
Build info:BRA-AL00 6.1.0.120(SP8C00E120R4P9log)
DeviceDebuggable:No
Fingerprint:14eccb903b925fc0a03ce6c635df9d1a13f8e61579b2f6eec0b493dca1839aec
Module name:com.netease.cloudmusic.hm
ReleaseType:debug
CpuAbi:arm64-v8a
Version:9.5.80
VersionCode:9050800
IsSystemApp:No
PreInstalled:No
Foreground:Yes
Page switch history:
  20:19:27.481 /utils/float/FloatPage:orpheus://nm/internal/globalLayer
  20:19:22.191 /utils/float/FloatPage:rnpage
  20:19:15.956 :enters foreground
Timestamp:2026-08-27 20:19:29.748
Pid:54773
Uid:20020237
Process name:com.netease.cloudmusic.hm
Process life time:152s
Process Memory(kB): 1061150(Rss)
Device Memory(kB): Total 11679652, Free 1189064, Available 5851136
Reason:Signal:SIGSEGV(SEGV_MAPERR)@000000000000000000  probably caused by NULL pointer dereference
Fault thread info:
Tid:54773, Name:e.cloudmusic.hm
#00 pc 000000000004475c /data/storage/el1/bundle/libs/arm64/librnoh_flash_list.so(rnoh::AutoLayoutNode::onNodeEvent(ArkUI_NodeEventType, ArkUI_NumberValue (&) [12])+44)(60ec9d42cdedee423aaefaaf6493eec752e7ea95)
#01 pc 000000000038464c /data/storage/el1/bundle/libs/arm64/librnoh_core.so(24ddd36a9a0cc1cc52a08291f31514f635cf0edc)
#02 pc 000000000008e2b4 /system/lib64/libace_ndk.z.so(OHOS::Ace::NodeModel::HandleInnerNodeEvent(ArkUINodeEvent*)+2248)(bf386d105b9b7335aff4a03417f37590)
#03 pc 00000000030b7040 /system/lib64/platformsdk/libace_compatible.z.so(std::__h::__function::__func<OHOS::Ace::NG::NodeModifier::SetOnAppear(_ArkUINode*, void*)::$_0, std::__h::allocator<OHOS::Ace::NG::NodeModifier::SetOnAppear(_ArkUINode*, void*)::$_0>, void ()>::operator()() (.a95ed43758993bead7b9c1835d5074ff)+108)(cc1bfc807dc9db36fb87af8c27bbeb8d)
#04 pc 00000000014671c0 /system/lib64/platformsdk/libace_compatible.z.so(std::__h::__function::__func<OHOS::Ace::NG::EventHub::FireOnAppear()::$_2, std::__h::allocator<OHOS::Ace::NG::EventHub::FireOnAppear()::$_2>, void ()>::operator()() (.0bf03df24323c2e4cda8eefbc6a3a9de)+128)(cc1bfc807dc9db36fb87af8c27bbeb8d)
#05 pc 00000000000261cc /system/lib64/chipset-sdk-sp/libeventhandler.z.so(OHOS::AppExecFwk::(anonymous namespace)::EventRunnerImpl::ExecuteEventHandler(std::__h::unique_ptr<OHOS::AppExecFwk::InnerEvent, void (*)(OHOS::AppExecFwk::InnerEvent*)>&)+1820)(8ab952cee05d2ecabf3a7380e0e9fe52)
#06 pc 00000000000215ac /system/lib64/chipset-sdk-sp/libeventhandler.z.so(OHOS::AppExecFwk::(anonymous namespace)::EventRunnerImpl::Run()+792)(8ab952cee05d2ecabf3a7380e0e9fe52)
#07 pc 00000000000418d0 /system/lib64/chipset-sdk-sp/libeventhandler.z.so(OHOS::AppExecFwk::EventRunner::Run()+396)(8ab952cee05d2ecabf3a7380e0e9fe52)
#08 pc 00000000000ccad0 /system/lib64/platformsdk/libappkit_native.z.so(OHOS::AppExecFwk::MainThread::Start()+244)(bb5b75d4875238f235f1adedf8997c8a)
#09 pc 000000000000a028 /system/lib64/appspawn/appspawn/libappspawn_ace.z.so(RunChildProcessor(AppSpawnContent*, AppSpawnClient*)+792)(6b15ef5a328fd2b4f5e70cccf3175d65)
#10 pc 000000000000ba3c /system/bin/appspawn(AppSpawnChild+512)(e36b8658efae7251ba127657137b5ebe)
#11 pc 0000000000016ce4 /system/bin/appspawn(ProcessSpawnReqMsg+3788)(e36b8658efae7251ba127657137b5ebe)
#12 pc 0000000000014b0c /system/bin/appspawn(OnReceiveRequest+632)(e36b8658efae7251ba127657137b5ebe)
#13 pc 0000000000017780 /system/lib64/chipset-sdk-sp/libbegetutil.z.so(HandleRecvMsg_+384)(a6f26662bd16a268fc916804b00d889e)
#14 pc 0000000000017098 /system/lib64/chipset-sdk-sp/libbegetutil.z.so(HandleStreamEvent_+152)(a6f26662bd16a268fc916804b00d889e)
#15 pc 0000000000014318 /system/lib64/chipset-sdk-sp/libbegetutil.z.so(ProcessEvent+600)(a6f26662bd16a268fc916804b00d889e)
#16 pc 0000000000013ccc /system/lib64/chipset-sdk-sp/libbegetutil.z.so(RunLoop_.llvm.9623655958526475533+656)(a6f26662bd16a268fc916804b00d889e)
#17 pc 00000000000116e0 /system/bin/appspawn(AppSpawnRun+212)(e36b8658efae7251ba127657137b5ebe)
#18 pc 000000000000f2a4 /system/bin/appspawn(main+1148)(e36b8658efae7251ba127657137b5ebe)
#19 pc 00000000000b41ec /system/lib/ld-musl-aarch64.so.1(libc_start_main_stage2+84)(8c2ca4e308a1de9ed1e6b4ccc14c7443)
Registers:
x0:0000000000000000 x1:0000000000000001 x2:0000007fc70b6a78 x3:0000007fc70b69a0
x4:0000007fc70b6c60 x5:0000000000000004 x6:6e6148746e657645 x7:72656c646e614874
x8:0000005cdebecad0 x9:0000000000000001 x10:0000000000000000 x11:0000005cbd8eb588
x12:0000000000000000 x13:0000007fc70b67e0 x14:0000000000000001 x15:2b21cd15ac206532
x16:0000005ca0259db0 x17:0000005b49879148 x18:000000226ac98428 x19:0000007fc70b6a60
x20:0000005cbd8eb588 x21:0000000000000008 x22:0000005cbd8eb590 x23:0000005cbd8eb590
x24:0000005cdea3b2e8 x25:0000005cdea3b2e8 x26:0000007fc70b6760 x27:0000005cde1965a0
x28:0000005cdea3b400 x29:0000007fc70b6520
lr:0000005ca01c4650 sp:0000007fc70b6500 pc:0000005b4a54475c
pstate:0000000060001000 esr:0000000092000007
Other thread info:
Tid:55456, Name:OS_IPC_0_55456
#00 pc 0000000000197768 /system/lib/ld-musl-aarch64.so.1(ioctl+172)(8c2ca4e308a1de9ed1e6b4ccc14c7443)
#01 pc 000000000000f0ac /system/lib64/platformsdk/libipc_common.z.so(OHOS::BinderConnector::WriteBinder(unsigned long, void*)+120)(21def93073c96c4161bfa61b948c2957)
#02 pc 0000000000074934 /system/lib64/platformsdk/libipc_single.z.so(OHOS::BinderInvoker::TransactWithDriver(bool)+284)(5a12a4b7e05d71d18ea20b9f1e1aed8a)
#03 pc 0000000000074d24 /system/lib64/platformsdk/libipc_single.z.so(OHOS::BinderInvoker::StartWorkLoop()+100)(5a12a4b7e05d71d18ea20b9f1e1aed8a)
#04 pc 0000000000077958 /system/lib64/platformsdk/libipc_single.z.so(OHOS::BinderInvoker::JoinThread(bool)+80)(5a12a4b7e05d71d18ea20b9f1e1aed8a)
#05 pc 000000000006c248 /system/lib64/platformsdk/libipc_single.z.so(OHOS::IPCWorkThread::ThreadHandler(void*)+1056)(5a12a4b7e05d71d18ea20b9f1e1aed8a)
#06 pc 00000000001de740 /system/lib/ld-musl-aarch64.so.1(start+240)(8c2ca4e308a1de9ed1e6b4ccc14c7443)
Tid:55457, Name:OS_IPC_1_55457
#00 pc 0000000000197768 /system/lib/ld-musl-aarch64.so.1(ioctl+172)(8c2ca4e308a1de9ed1e6b4ccc14c7443)
#01 pc 000000000000f0ac /system/lib64/platformsdk/libipc_common.z.so(OHOS::BinderConnector::WriteBinder(unsigned long, void*)+120)(21def93073c96c4161bfa61b948c2957)
#02 pc 0000000000074934 /system/lib64/platformsdk/libipc_single.z.so(OHOS::BinderInvoker::TransactWithDriver(bool)+284)(5a12a4b7e05d71d18ea20b9f1e1aed8a)
#03 pc 0000000000074d24 /system/lib64/platformsdk/libipc_single.z.so(OHOS::BinderInvoker::StartWorkLoop()+100)(5a12a4b7e05d71d18ea20b9f1e1aed8a)
#04 pc 0000000000077958 /system/lib64/platformsdk/libipc_single.z.so(OHOS::BinderInvoker::JoinThread(bool)+80)(5a12a4b7e05d71d18ea20b9f1e1aed8a)
#05 pc 000000000006c248 /system/lib64/platformsdk/libipc_single.z.so(OHOS::IPCWorkThread::ThreadHandler(void*)+1056)(5a12a4b7e05d71d18ea20b9f1e1aed8a)
#06 pc 00000000001de740 /system/lib/ld-musl-aarch64.so.1(start+240)(8c2ca4e308a1de9ed1e6b4ccc14c7443)
Tid:55459, Name:OS_DfxWatchdog
#00 pc 00000000001d9f3c /system/lib/ld-musl-aarch64.so.1(__timedwait_cp+156)(8c2ca4e308a1de9ed1e6b4ccc14c7443)
#01 pc 00000000001dc014 /system/lib/ld-musl-aarch64.so.1(pthread_cond_timedwait+172)(8c2ca4e308a1de9ed1e6b4ccc14c7443)
#02 pc 00000000000c4a24 /system/lib64/chipset-sdk-sp/libc++.so(std::__h::condition_variable::__do_timed_wait(std::__h::unique_lock<std::__h::mutex>&, std::__h::chrono::time_point<std::__h::chrono::system_clock, std::__h::chrono::duration<long long, std::__h::ratio<1l, 1000000000l>>>)+104)(f5cb5b97de4ebde633d700fc105f2d2c13a9bbc5)
#03 pc 000000000001cd88 /system/lib64/chipset-sdk-sp/libhicollie.z.so(OHOS::HiviewDFX::WatchdogInner::Start()+1696)(b516034f29e82b6503b9c93de8b94799)
#04 pc 000000000002645c /system/lib64/chipset-sdk-sp/libhicollie.z.so(void* std::__h::__thread_proxy[abi:v15004]<std::__h::tuple<std::__h::unique_ptr<std::__h::__thread_struct, std::__h::default_delete<std::__h::__thread_struct>>, bool (OHOS::HiviewDFX::WatchdogInner::*)(), OHOS::HiviewDFX::WatchdogInner*>>(void*)+64)(b516034f29e82b6503b9c93de8b94799)
#05 pc 00000000001de740 /system/lib/ld-musl-aarch64.so.1(start+240)(8c2ca4e308a1de9ed1e6b4ccc14c7443)
Tid:55463, Name:OS_FFRT_5_0
#00 pc 00000000001d9f3c /system/lib/ld-musl-aarch64.so.1(__timedwait_cp+156)(8c2ca4e308a1de9ed1e6b4ccc14c7443)
#01 pc 00000000001dc014 /system/lib/ld-musl-aarch64.so.1(pthread_cond_timedwait+172)(8c2ca4e308a1de9ed1e6b4ccc14c7443)
#02 pc 00000000000c4a24 /system/lib64/chipset-sdk-sp/libc++.so(std::__h::condition_variable::__do_timed_wait(std::__h::unique_lock<std::__h::mutex>&, std::__h::chrono::time_point<std::__h::chrono::system_clock, std::__h::chrono::duration<long long, std::__h::ratio<1l, 1000000000l>>>)+104)(f5cb5b97de4ebde633d700fc105f2d2c13a9bbc5)
#03 pc 0000000000065190 /system/lib64/ndk/libffrt.so(ffrt::SExecuteUnit::WorkerIdleAction(ffrt::CPUWorker*)+332)(4909c9bfbd00363a4658edc9322f5e32)
#04 pc 000000000002dbf8 /system/lib64/ndk/libffrt.so(ffrt::CPUWorker::WrapDispatch(void*)+224)(4909c9bfbd00363a4658edc9322f5e32)
#05 pc 00000000001de740 /system/lib/ld-musl-aarch64.so.1(start+240)(8c2ca4e308a1de9ed1e6b4ccc14c7443)
Tid:55464, Name:OS_FFRT_Delay
#00 pc 00000000001777c0 /system/lib/ld-musl-aarch64.so.1(epoll_wait+84)(8c2ca4e308a1de9ed1e6b4ccc14c7443)
#01 pc 000000000008612c /system/lib64/ndk/libffrt.so(void* std::__h::__thread_proxy[abi:v15004]<std::__h::tuple<std::__h::unique_ptr<std::__h::__thread_struct, std::__h::default_delete<std::__h::__thread_struct>>, ffrt::DelayedWorker::ThreadInit()::$_0>>(void*)+1320)(4909c9bfbd00363a4658edc9322f5e32)
#02 pc 00000000001de740 /system/lib/ld-musl-aarch64.so.1(start+240)(8c2ca4e308a1de9ed1e6b4ccc14c7443)
Tid:55471, Name:OS_FFRT_2_0
#00 pc 00000000001d9f3c /system/lib/ld-musl-aarch64.so.1(__timedwait_cp+156)(8c2ca4e308a1de9ed1e6b4ccc14c7443)
#01 pc 00000000001dc014 /system/lib/ld-musl-aarch64.so.1(pthread_cond_timedwait+172)(8c2ca4e308a1de9ed1e6b4ccc14c7443)
#02 pc 00000000000c4a24 /system/lib64/chipset-sdk-sp/libc++.so(std::__h::condition_variable::__do_timed_wait(std::__h::unique_lock<std::__h::mutex>&, std::__h::chrono::time_point<std::__h::chrono::system_clock, std::__h::chrono::duration<long long, std::__h::ratio<1l, 1000000000l>>>)+104)(f5cb5b97de4ebde633d700fc105f2d2c13a9bbc5)
#03 pc 0000000000065190 /system/lib64/ndk/libffrt.so(ffrt::SExecuteUnit::WorkerIdleAction(ffrt::CPUWorker*)+332)(4909c9bfbd00363a4658edc9322f5e32)
#04 pc 000000000002dbf8 /system/lib64/ndk/libffrt.so(ffrt::CPUWorker::WrapDispatch(void*)+224)(4909c9bfbd00363a4658edc9322f5e32)
#05 pc 00000000001de740 /system/lib/ld-musl-aarch64.so.1(start+240)(8c2ca4e308a1de9ed1e6b4ccc14c7443)
Tid:55473, Name:OS_GC_Thread
#00 pc 00000000001d9f3c /system/lib/ld-musl-aarch64.so.1(__timedwait_cp+156)(8c2ca4e308a1de9ed1e6b4ccc14c7443)
#01 pc 00000000001dc014 /system/lib/ld-musl-aarch64.so.1(pthread_cond_timedwait+172)(8c2ca4e308a1de9ed1e6b4ccc14c7443)
#02 pc 0000000000547f84 /system/lib64/platformsdk/libark_jsruntime.so(panda::ecmascript::DaemonThread::Run()+224)(4025597d50430dc8ac5e5f0b44678df8)
#03 pc 0000000000547e68 /system/lib64/platformsdk/libark_jsruntime.so(void* std::__h::__thread_proxy[abi:v15004]<std::__h::tuple<std::__h::unique_ptr<std::__h::__thread_struct, std::__h::default_delete<std::__h::__thread_struct>>, panda::ecmascript::DaemonThread::StartRunning()::$_0>>(void*) (.llvm.11872296968463488919)+64)(4025597d50430dc8ac5e5f0b44678df8)
#04 pc 00000000001de740 /system/lib/ld-musl-aarch64.so.1(start+240)(8c2ca4e308a1de9ed1e6b4ccc14c7443)
Tid:55474, Name:OS_GC_Thread
#00 pc 00000000001d9f3c /system/lib/ld-musl-aarch64.so.1(__timedwait_cp+156)(8c2ca4e308a1de9ed1e6b4ccc14c7443)
#01 pc 00000000001dc014 /system/lib/ld-musl-aarch64.so.1(pthread_cond_timedwait+172)(8c2ca4e308a1de9ed1e6b4ccc14c7443)
#02 pc 00000000000c4988 /system/lib64/chipset-sdk-sp/libc++.so(std::__h::condition_variable::wait(std::__h::unique_lock<std::__h::mutex>&)+32)(f5cb5b97de4ebde633d700fc105f2d2c13a9bbc5)
#03 pc 00000000001e4098 /system/lib64/platformsdk/libark_jsruntime.so(4025597d50430dc8ac5e5f0b44678df8)
#04 pc 00000000001de740 /system/lib/ld-musl-aarch64.so.1(start+240)(8c2ca4e308a1de9ed1e6b4ccc14c7443)
Tid:55475, Name:OS_GC_Thread
#00 pc 00000000001d9f3c /system/lib/ld-musl-aarch64.so.1(__timedwait_cp+156)(8c2ca4e308a1de9ed1e6b4ccc14c7443)
#01 pc 00000000001dc014 /system/lib/ld-musl-aarch64.so.1(pthread_cond_timedwait+172)(8c2ca4e308a1de9ed1e6b4ccc14c7443)
#02 pc 00000000000c4988 /system/lib64/chipset-sdk-sp/libc++.so(std::__h::condition_variable::wait(std::__h::unique_lock<std::__h::mutex>&)+32)(f5cb5b97de4ebde633d700fc105f2d2c13a9bbc5)
#03 pc 00000000001e4098 /system/lib64/platformsdk/libark_jsruntime.so(4025597d50430dc8ac5e5f0b44678df8)
#04 pc 00000000001de740 /system/lib/ld-musl-aarch64.so.1(start+240)(8c2ca4e308a1de9ed1e6b4ccc14c7443)
Tid:55476, Name:OS_GC_Thread
#00 pc 00000000001d9f3c /system/lib/ld-musl-aarch64.so.1(__timedwait_cp+156)(8c2ca4e308a1de9ed1e6b4ccc14c7443)
#01 pc 00000000001dc014 /system/lib/ld-musl-aarch64.so.1(pthread_cond_timedwait+172)(8c2ca4e308a1de9ed1e6b4ccc14c7443)
#02 pc 00000000000c4988 /system/lib64/chipset-sdk-sp/libc++.so(std::__h::condition_variable::wait(std::__h::unique_lock<std::__h::mutex>&)+32)(f5cb5b97de4ebde633d700fc105f2d2c13a9bbc5)
#03 pc 00000000001e4098 /system/lib64/platformsdk/libark_jsruntime.so(4025597d50430dc8ac5e5f0b44678df8)
#04 pc 00000000001de740 /system/lib/ld-musl-aarch64.so.1(start+240)(8c2ca4e308a1de9ed1e6b4ccc14c7443)
Tid:55477, Name:OS_GC_Thread
#00 pc 00000000001d9f3c /system/lib/ld-musl-aarch64.so.1(__timedwait_cp+156)(8c2ca4e308a1de9ed1e6b4ccc14c7443)
#01 pc 00000000001dc014 /system/lib/ld-musl-aarch64.so.1(pthread_cond_timedwait+172)(8c2ca4e308a1de9ed1e6b4ccc14c7443)
#02 pc 00000000000c4988 /system/lib64/chipset-sdk-sp/libc++.so(std::__h::condition_variable::wait(std::__h::unique_lock<std::__h::mutex>&)+32)(f5cb5b97de4ebde633d700fc105f2d2c13a9bbc5)
#03 pc 00000000001e4098 /system/lib64/platformsdk/libark_jsruntime.so(4025597d50430dc8ac5e5f0b44678df8)
#04 pc 00000000001de740 /system/lib/ld-musl-aarch64.so.1(start+240)(8c2ca4e308a1de9ed1e6b4ccc14c7443)
Tid:55480, Name:OS_FFRT_3_0
#00 pc 00000000001d9f3c /system/lib/ld-musl-aarch64.so.1(__timedwait_cp+156)(8c2ca4e308a1de9ed1e6b4ccc14c7443)
#01 pc 00000000001dc014 /system/lib/ld-musl-aarch64.so.1(pthread_cond_timedwait+172)(8c2ca4e308a1de9ed1e6b4ccc14c7443)
#02 pc 00000000000c4a24 /system/lib64/chipset-sdk-sp/libc++.so(std::__h::condition_variable::__do_timed_wait(std::__h::unique_lock<std::__h::mutex>&, std::__h::chrono::time_point<std::__h::chrono::system_clock, std::__h::chrono::duration<long long, std::__h::ratio<1l, 1000000000l>>>)+104)(f5cb5b97de4ebde633d700fc105f2d2c13a9bbc5)
#03 pc 0000000000065190 /system/lib64/ndk/libffrt.so(ffrt::SExecuteUnit::WorkerIdleAction(ffrt::CPUWorker*)+332)(4909c9bfbd00363a4658edc9322f5e32)
#04 pc 000000000002dbf8 /system/lib64/ndk/libffrt.so(ffrt::CPUWorker::WrapDispatch(void*)+224)(4909c9bfbd00363a4658edc9322f5e32)
#05 pc 00000000001de740 /system/lib/ld-musl-aarch64.so.1(start+240)(8c2ca4e308a1de9ed1e6b4ccc14c7443)
Tid:55482, Name:OS_hdcRegister
#00 pc 00000000001777c0 /system/lib/ld-musl-aarch64.so.1(epoll_wait+84)(8c2ca4e308a1de9ed1e6b4ccc14c7443)
#01 pc 0000000000005808 /system/lib64/platformsdk/libhdc_register.z.so(Hdc::HdcJdwpSimulator::ReadFromJdwp()+212)(2ff7ad127fd2bb1a38b484250f74939f)
#02 pc 0000000000005eac /system/lib64/platformsdk/libhdc_register.z.so(Hdc::HdcJdwpSimulator::Connect()+244)(2ff7ad127fd2bb1a38b484250f74939f)
#03 pc 00000000000044e8 /system/lib64/platformsdk/libhdc_register.z.so(Hdc::HdcConnectRun(void*)+532)(2ff7ad127fd2bb1a38b484250f74939f)
#04 pc 00000000001de740 /system/lib/ld-musl-aarch64.so.1(start+240)(8c2ca4e308a1de9ed1e6b4ccc14c7443)
Tid:55488, Name:OS_FFRT_2_1
#00 pc 00000000001d9f3c /system/lib/ld-musl-aarch64.so.1(__timedwait_cp+156)(8c2ca4e308a1de9ed1e6b4ccc14c7443)
#01 pc 00000000001dc014 /system/lib/ld-musl-aarch64.so.1(pthread_cond_timedwait+172)(8c2ca4e308a1de9ed1e6b4ccc14c7443)
#02 pc 00000000000c4a24 /system/lib64/chipset-sdk-sp/libc++.so(std::__h::condition_variable::__do_timed_wait(std::__h::unique_lock<std::__h::mutex>&, std::__h::chrono::time_point<std::__h::chrono::system_clock, std::__h::chrono::duration<long long, std::__h::ratio<1l, 1000000000l>>>)+104)(f5cb5b97de4ebde633d700fc105f2d2c13a9bbc5)
#03 pc 0000000000065190 /system/lib64/ndk/libffrt.so(ffrt::SExecuteUnit::WorkerIdleAction(ffrt::CPUWorker*)+332)(4909c9bfbd00363a4658edc9322f5e32)
#04 pc 000000000002dbf8 /system/lib64/ndk/libffrt.so(ffrt::CPUWorker::WrapDispatch(void*)+224)(4909c9bfbd00363a4658edc9322f5e32)
#05 pc 00000000001de740 /system/lib/ld-musl-aarch64.so.1(start+240)(8c2ca4e308a1de9ed1e6b4ccc14c7443)
Tid:55491, Name:OS_FFRT_2_2
#00 pc 00000000001d9f3c /system/lib/ld-musl-aarch64.so.1(__timedwait_cp+156)(8c2ca4e308a1de9ed1e6b4ccc14c7443)
#01 pc 00000000001dc014 /system/lib/ld-musl-aarch64.so.1(pthread_cond_timedwait+172)(8c2ca4e308a1de9ed1e6b4ccc14c7443)
#02 pc 00000000000c4a24 /system/lib64/chipset-sdk-sp/libc++.so(std::__h::condition_variable::__do_timed_wait(std::__h::unique_lock<std::__h::mutex>&, std::__h::chrono::time_point<std::__h::chrono::system_clock, std::__h::chrono::duration<long long, std::__h::ratio<1l, 1000000000l>>>)+104)(f5cb5b97de4ebde633d700fc105f2d2c13a9bbc5)
#03 pc 0000000000065190 /system/lib64/ndk/libffrt.so(ffrt::SExecuteUnit::WorkerIdleAction(ffrt::CPUWorker*)+332)(4909c9bfbd00363a4658edc9322f5e32)
#04 pc 000000000002dbf8 /system/lib64/ndk/libffrt.so(ffrt::CPUWorker::WrapDispatch(void*)+224)(4909c9bfbd00363a4658edc9322f5e32)
#05 pc 00000000001de740 /system/lib/ld-musl-aarch64.so.1(start+240)(8c2ca4e308a1de9ed1e6b4ccc14c7443)
Tid:55492, Name:OS_FFRT_0_0
#00 pc 00000000001d9f3c /system/lib/ld-musl-aarch64.so.1(__timedwait_cp+156)(8c2ca4e308a1de9ed1e6b4ccc14c7443)
#01 pc 00000000001dc014 /system/lib/ld-musl-aarch64.so.1(pthread_cond_timedwait+172)(8c2ca4e308a1de9ed1e6b4ccc14c7443)
#02 pc 00000000000c4a24 /system/lib64/chipset-sdk-sp/libc++.so(std::__h::condition_variable::__do_timed_wait(std::__h::unique_lock<std::__h::mutex>&, std::__h::chrono::time_point<std::__h::chrono::system_clock, std::__h::chrono::duration<long long, std::__h::ratio<1l, 1000000000l>>>)+104)(f5cb5b97de4ebde633d700fc105f2d2c13a9bbc5)
#03 pc 0000000000065190 /system/lib64/ndk/libffrt.so(ffrt::SExecuteUnit::WorkerIdleAction(ffrt::CPUWorker*)+332)(4909c9bfbd00363a4658edc9322f5e32)
#04 pc 000000000002dbf8 /system/lib64/ndk/libffrt.so(ffrt::CPUWorker::WrapDispatch(void*)+224)(4909c9bfbd00363a4658edc9322f5e32)
#05 pc 00000000001de740 /system/lib/ld-musl-aarch64.so.1(start+240)(8c2ca4e308a1de9ed1e6b4ccc14c7443)
Tid:55497, Name:OS_VSyncThread
#00 pc 00000000001777c0 /system/lib/ld-musl-aarch64.so.1(epoll_wait+84)(8c2ca4e308a1de9ed1e6b4ccc14c7443)
#01 pc 000000000002fab0 /system/lib64/chipset-sdk-sp/libeventhandler.z.so(OHOS::AppExecFwk::EpollIoWaiter::WaitFor(OHOS::AppExecFwk::UniqueLockBase&, long, bool)+276)(8ab952cee05d2ecabf3a7380e0e9fe52)
#02 pc 000000000001a448 /system/lib64/chipset-sdk-sp/libeventhandler.z.so(OHOS::AppExecFwk::EventQueueBase::GetEvent()+1912)(8ab952cee05d2ecabf3a7380e0e9fe52)
#03 pc 00000000000215c8 /system/lib64/chipset-sdk-sp/libeventhandler.z.so(OHOS::AppExecFwk::(anonymous namespace)::EventRunnerImpl::Run()+820)(8ab952cee05d2ecabf3a7380e0e9fe52)
#04 pc 0000000000020b14 /system/lib64/chipset-sdk-sp/libeventhandler.z.so(OHOS::AppExecFwk::(anonymous namespace)::EventRunnerImpl::ThreadMain(std::__h::weak_ptr<OHOS::AppExecFwk::(anonymous namespace)::EventRunnerImpl> const&) (.cfi)+264)(8ab952cee05d2ecabf3a7380e0e9fe52)
#05 pc 00000000000407f0 /system/lib64/chipset-sdk-sp/libeventhandler.z.so(8ab952cee05d2ecabf3a7380e0e9fe52)
#06 pc 00000000001de740 /system/lib/ld-musl-aarch64.so.1(start+240)(8c2ca4e308a1de9ed1e6b4ccc14c7443)
Tid:55498, Name:RNOH_CLEANUP
#00 pc 0000000000177714 /system/lib/ld-musl-aarch64.so.1(epoll_pwait+88)(8c2ca4e308a1de9ed1e6b4ccc14c7443)
#01 pc 000000000002f4e0 /system/lib64/platformsdk/libuv.so(uv__io_poll+608)(dd4ce8a088606e6444f0dceac8540868)
#02 pc 000000000001b7e4 /system/lib64/platformsdk/libuv.so(uv_run+888)(dd4ce8a088606e6444f0dceac8540868)
#03 pc 00000000003465fc /data/storage/el1/bundle/libs/arm64/librnoh_core.so(rnoh::uv::EventLoop::run() const+28)(24ddd36a9a0cc1cc52a08291f31514f635cf0edc)
#04 pc 0000000000345770 /data/storage/el1/bundle/libs/arm64/librnoh_core.so(24ddd36a9a0cc1cc52a08291f31514f635cf0edc)
#05 pc 00000000003456c4 /data/storage/el1/bundle/libs/arm64/librnoh_core.so(24ddd36a9a0cc1cc52a08291f31514f635cf0edc)
#06 pc 0000000000345678 /data/storage/el1/bundle/libs/arm64/librnoh_core.so(24ddd36a9a0cc1cc52a08291f31514f635cf0edc)
#07 pc 0000000000345410 /data/storage/el1/bundle/libs/arm64/librnoh_core.so(24ddd36a9a0cc1cc52a08291f31514f635cf0edc)
#08 pc 00000000001de740 /system/lib/ld-musl-aarch64.so.1(start+240)(8c2ca4e308a1de9ed1e6b4ccc14c7443)
Tid:55507, Name:OS_FFRT_3_1
#00 pc 00000000001d9f3c /system/lib/ld-musl-aarch64.so.1(__timedwait_cp+156)(8c2ca4e308a1de9ed1e6b4ccc14c7443)
#01 pc 00000000001dc014 /system/lib/ld-musl-aarch64.so.1(pthread_cond_timedwait+172)(8c2ca4e308a1de9ed1e6b4ccc14c7443)
#02 pc 00000000000c4a24 /system/lib64/chipset-sdk-sp/libc++.so(std::__h::condition_variable::__do_timed_wait(std::__h::unique_lock<std::__h::mutex>&, std::__h::chrono::time_point<std::__h::chrono::system_clock, std::__h::chrono::duration<long long, std::__h::ratio<1l, 1000000000l>>>)+104)(f5cb5b97de4ebde633d700fc105f2d2c13a9bbc5)
#03 pc 0000000000065190 /system/lib64/ndk/libffrt.so(ffrt::SExecuteUnit::WorkerIdleAction(ffrt::CPUWorker*)+332)(4909c9bfbd00363a4658edc9322f5e32)
#04 pc 000000000002dbf8 /system/lib64/ndk/libffrt.so(ffrt::CPUWorker::WrapDispatch(void*)+224)(4909c9bfbd00363a4658edc9322f5e32)
#05 pc 00000000001de740 /system/lib/ld-musl-aarch64.so.1(start+240)(8c2ca4e308a1de9ed1e6b4ccc14c7443)
Tid:55510, Name:TaskExecutorRDB
#00 pc 00000000001d9f3c /system/lib/ld-musl-aarch64.so.1(__timedwait_cp+156)(8c2ca4e308a1de9ed1e6b4ccc14c7443)
#01 pc 00000000001dc014 /system/lib/ld-musl-aarch64.so.1(pthread_cond_timedwait+172)(8c2ca4e308a1de9ed1e6b4ccc14c7443)
#02 pc 00000000000c4a24 /system/lib64/chipset-sdk-sp/libc++.so(std::__h::condition_variable::__do_timed_wait(std::__h::unique_lock<std::__h::mutex>&, std::__h::chrono::time_point<std::__h::chrono::system_clock, std::__h::chrono::duration<long long, std::__h::ratio<1l, 1000000000l>>>)+104)(f5cb5b97de4ebde633d700fc105f2d2c13a9bbc5)
#03 pc 000000000004b39c /system/lib64/platformsdk/libnative_rdb.z.so(43e393be01d85fb10bb2983cdeed7c93)
#04 pc 00000000001de740 /system/lib/ld-musl-aarch64.so.1(start+240)(8c2ca4e308a1de9ed1e6b4ccc14c7443)
Tid:55518, Name:OS_TaskWorker
#00 pc 0000000000177714 /system/lib/ld-musl-aarch64.so.1(epoll_pwait+88)(8c2ca4e308a1de9ed1e6b4ccc14c7443)
#01 pc 000000000002f4e0 /system/lib64/platformsdk/libuv.so(uv__io_poll+608)(dd4ce8a088606e6444f0dceac8540868)
#02 pc 000000000001b7e4 /system/lib64/platformsdk/libuv.so(uv_run+888)(dd4ce8a088606e6444f0dceac8540868)
#03 pc 0000000000042a6c /system/lib64/module/libtaskpool.z.so(Commonlibrary::Concurrent::TaskPoolModule::Worker::ExecuteInThread(void const*) (.cfi)+2168)(7bb8d02832b219eb24d6090d8ca54599)
#04 pc 0000000000036ce8 /system/lib64/module/libtaskpool.z.so(Commonlibrary::Concurrent::TaskPoolModule::TaskRunner::TaskInnerRunner::Run()+72)(7bb8d02832b219eb24d6090d8ca54599)
#05 pc 00000000001de740 /system/lib/ld-musl-aarch64.so.1(start+240)(8c2ca4e308a1de9ed1e6b4ccc14c7443)
Tid:55519, Name:OS_TaskManager
#00 pc 0000000000177714 /system/lib/ld-musl-aarch64.so.1(epoll_pwait+88)(8c2ca4e308a1de9ed1e6b4ccc14c7443)
#01 pc 000000000002f4e0 /system/lib64/platformsdk/libuv.so(uv__io_poll+608)(dd4ce8a088606e6444f0dceac8540868)
#02 pc 000000000001b7e4 /system/lib64/platformsdk/libuv.so(uv_run+888)(dd4ce8a088606e6444f0dceac8540868)
#03 pc 00000000000332b8 /system/lib64/module/libtaskpool.z.so(7bb8d02832b219eb24d6090d8ca54599)
#04 pc 00000000001de740 /system/lib/ld-musl-aarch64.so.1(start+240)(8c2ca4e308a1de9ed1e6b4ccc14c7443)
Tid:55537, Name:OS_EVENT_POLL
#00 pc 00000000001777c0 /system/lib/ld-musl-aarch64.so.1(epoll_wait+84)(8c2ca4e308a1de9ed1e6b4ccc14c7443)
#01 pc 000000000001d0b0 /system/lib64/chipset-sdk-sp/libeventhandler.z.so(OHOS::AppExecFwk::DeamonIoWaiter::EpollWaitFor()+1636)(8ab952cee05d2ecabf3a7380e0e9fe52)
#02 pc 0000000000024400 /system/lib64/chipset-sdk-sp/libeventhandler.z.so(8ab952cee05d2ecabf3a7380e0e9fe52)
#03 pc 00000000001de740 /system/lib/ld-musl-aarch64.so.1(start+240)(8c2ca4e308a1de9ed1e6b4ccc14c7443)
Tid:55538, Name:OS_FFRT_2_3
#00 pc 00000000001d9f3c /system/lib/ld-musl-aarch64.so.1(__timedwait_cp+156)(8c2ca4e308a1de9ed1e6b4ccc14c7443)
#01 pc 00000000001dc014 /system/lib/ld-musl-aarch64.so.1(pthread_cond_timedwait+172)(8c2ca4e308a1de9ed1e6b4ccc14c7443)
#02 pc 00000000000c4a24 /system/lib64/chipset-sdk-sp/libc++.so(std::__h::condition_variable::__do_timed_wait(std::__h::unique_lock<std::__h::mutex>&, std::__h::chrono::time_point<std::__h::chrono::system_clock, std::__h::chrono::duration<long long, std::__h::ratio<1l, 1000000000l>>>)+104)(f5cb5b97de4ebde633d700fc105f2d2c13a9bbc5)
#03 pc 0000000000065190 /system/lib64/ndk/libffrt.so(ffrt::SExecuteUnit::WorkerIdleAction(ffrt::CPUWorker*)+332)(4909c9bfbd00363a4658edc9322f5e32)
#04 pc 000000000002dbf8 /system/lib64/ndk/libffrt.so(ffrt::CPUWorker::WrapDispatch(void*)+224)(4909c9bfbd00363a4658edc9322f5e32)
#05 pc 00000000001de740 /system/lib/ld-musl-aarch64.so.1(start+240)(8c2ca4e308a1de9ed1e6b4ccc14c7443)
Tid:55546, Name:OS_FFRT_3_2
#00 pc 00000000001d9f3c /system/lib/ld-musl-aarch64.so.1(__timedwait_cp+156)(8c2ca4e308a1de9ed1e6b4ccc14c7443)
#01 pc 00000000001dc014 /system/lib/ld-musl-aarch64.so.1(pthread_cond_timedwait+172)(8c2ca4e308a1de9ed1e6b4ccc14c7443)
#02 pc 00000000000c4a24 /system/lib64/chipset-sdk-sp/libc++.so(std::__h::condition_variable::__do_timed_wait(std::__h::unique_lock<std::__h::mutex>&, std::__h::chrono::time_point<std::__h::chrono::system_clock, std::__h::chrono::duration<long long, std::__h::ratio<1l, 1000000000l>>>)+104)(f5cb5b97de4ebde633d700fc105f2d2c13a9bbc5)
#03 pc 0000000000065190 /system/lib64/ndk/libffrt.so(ffrt::SExecuteUnit::WorkerIdleAction(ffrt::CPUWorker*)+332)(4909c9bfbd00363a4658edc9322f5e32)
#04 pc 000000000002dbf8 /system/lib64/ndk/libffrt.so(ffrt::CPUWorker::WrapDispatch(void*)+224)(4909c9bfbd00363a4658edc9322f5e32)
#05 pc 00000000001de740 /system/lib/ld-musl-aarch64.so.1(start+240)(8c2ca4e308a1de9ed1e6b4ccc14c7443)
Tid:55548, Name:OS_FFRT_3_3
#00 pc 00000000001d9f3c /system/lib/ld-musl-aarch64.so.1(__timedwait_cp+156)(8c2ca4e308a1de9ed1e6b4ccc14c7443)
#01 pc 00000000001dc014 /system/lib/ld-musl-aarch64.so.1(pthread_cond_timedwait+172)(8c2ca4e308a1de9ed1e6b4ccc14c7443)
#02 pc 00000000000c4a24 /system/lib64/chipset-sdk-sp/libc++.so(std::__h::condition_variable::__do_timed_wait(std::__h::unique_lock<std::__h::mutex>&, std::__h::chrono::time_point<std::__h::chrono::system_clock, std::__h::chrono::duration<long long, std::__h::ratio<1l, 1000000000l>>>)+104)(f5cb5b97de4ebde633d700fc105f2d2c13a9bbc5)
#03 pc 0000000000065190 /system/lib64/ndk/libffrt.so(ffrt::SExecuteUnit::WorkerIdleAction(ffrt::CPUWorker*)+332)(4909c9bfbd00363a4658edc9322f5e32)
#04 pc 000000000002dbf8 /system/lib64/ndk/libffrt.so(ffrt::CPUWorker::WrapDispatch(void*)+224)(4909c9bfbd00363a4658edc9322f5e32)
#05 pc 00000000001de740 /system/lib/ld-musl-aarch64.so.1(start+240)(8c2ca4e308a1de9ed1e6b4ccc14c7443)
Tid:55549, Name:OS_FFRT_3_5
#00 pc 00000000001d9f3c /system/lib/ld-musl-aarch64.so.1(__timedwait_cp+156)(8c2ca4e308a1de9ed1e6b4ccc14c7443)
#01 pc 00000000001dc014 /system/lib/ld-musl-aarch64.so.1(pthread_cond_timedwait+172)(8c2ca4e308a1de9ed1e6b4ccc14c7443)
#02 pc 00000000000c4a24 /system/lib64/chipset-sdk-sp/libc++.so(std::__h::condition_variable::__do_timed_wait(std::__h::unique_lock<std::__h::mutex>&, std::__h::chrono::time_point<std::__h::chrono::system_clock, std::__h::chrono::duration<long long, std::__h::ratio<1l, 1000000000l>>>)+104)(f5cb5b97de4ebde633d700fc105f2d2c13a9bbc5)
#03 pc 0000000000065190 /system/lib64/ndk/libffrt.so(ffrt::SExecuteUnit::WorkerIdleAction(ffrt::CPUWorker*)+332)(4909c9bfbd00363a4658edc9322f5e32)
#04 pc 000000000002dbf8 /system/lib64/ndk/libffrt.so(ffrt::CPUWorker::WrapDispatch(void*)+224)(4909c9bfbd00363a4658edc9322f5e32)
#05 pc 00000000001de740 /system/lib/ld-musl-aarch64.so.1(start+240)(8c2ca4e308a1de9ed1e6b4ccc14c7443)
Tid:55552, Name:OS_FFRT_3_4
#00 pc 00000000001d9f3c /system/lib/ld-musl-aarch64.so.1(__timedwait_cp+156)(8c2ca4e308a1de9ed1e6b4ccc14c7443)
#01 pc 00000000001dc014 /system/lib/ld-musl-aarch64.so.1(pthread_cond_timedwait+172)(8c2ca4e308a1de9ed1e6b4ccc14c7443)
#02 pc 00000000000c4a24 /system/lib64/chipset-sdk-sp/libc++.so(std::__h::condition_variable::__do_timed_wait(std::__h::unique_lock<std::__h::mutex>&, std::__h::chrono::time_point<std::__h::chrono::system_clock, std::__h::chrono::duration<long long, std::__h::ratio<1l, 1000000000l>>>)+104)(f5cb5b97de4ebde633d700fc105f2d2c13a9bbc5)
#03 pc 0000000000065190 /system/lib64/ndk/libffrt.so(ffrt::SExecuteUnit::WorkerIdleAction(ffrt::CPUWorker*)+332)(4909c9bfbd00363a4658edc9322f5e32)
#04 pc 000000000002dbf8 /system/lib64/ndk/libffrt.so(ffrt::CPUWorker::WrapDispatch(void*)+224)(4909c9bfbd00363a4658edc9322f5e32)
#05 pc 00000000001de740 /system/lib/ld-musl-aarch64.so.1(start+240)(8c2ca4e308a1de9ed1e6b4ccc14c7443)
Tid:55553, Name:OS_FFRT_3_6
#00 pc 00000000001d9f3c /system/lib/ld-musl-aarch64.so.1(__timedwait_cp+156)(8c2ca4e308a1de9ed1e6b4ccc14c7443)
#01 pc 00000000001dc014 /system/lib/ld-musl-aarch64.so.1(pthread_cond_timedwait+172)(8c2ca4e308a1de9ed1e6b4ccc14c7443)
#02 pc 00000000000c4a24 /system/lib64/chipset-sdk-sp/libc++.so(std::__h::condition_variable::__do_timed_wait(std::__h::unique_lock<std::__h::mutex>&, std::__h::chrono::time_point<std::__h::chrono::system_clock, std::__h::chrono::duration<long long, std::__h::ratio<1l, 1000000000l>>>)+104)(f5cb5b97de4ebde633d700fc105f2d2c13a9bbc5)
#03 pc 0000000000065190 /system/lib64/ndk/libffrt.so(ffrt::SExecuteUnit::WorkerIdleAction(ffrt::CPUWorker*)+332)(4909c9bfbd00363a4658edc9322f5e32)
#04 pc 000000000002dbf8 /system/lib64/ndk/libffrt.so(ffrt::CPUWorker::WrapDispatch(void*)+224)(4909c9bfbd00363a4658edc9322f5e32)
#05 pc 00000000001de740 /system/lib/ld-musl-aarch64.so.1(start+240)(8c2ca4e308a1de9ed1e6b4ccc14c7443)
Tid:55554, Name:e.cloudmusic.hm
#00 pc 00000000001d9f3c /system/lib/ld-musl-aarch64.so.1(__timedwait_cp+156)(8c2ca4e308a1de9ed1e6b4ccc14c7443)
#01 pc 00000000001dc014 /system/lib/ld-musl-aarch64.so.1(pthread_cond_timedwait+172)(8c2ca4e308a1de9ed1e6b4ccc14c7443)
#02 pc 00000000000c4520 /data/storage/el1/bundle/libs/arm64/libc++_shared.so(std::__n1::condition_variable::wait(std::__n1::unique_lock<std::__n1::mutex>&)+20)(127e06750377fa33d9999ba0646387430bb00b91)
#03 pc 0000000000099668 /data/storage/el1/bundle/libs/arm64/libmusicdatacenter_core.so(c615b7e83303e8f7ff448c398221e2bfea669232)
#04 pc 00000000000991b8 /data/storage/el1/bundle/libs/arm64/libmusicdatacenter_core.so(c615b7e83303e8f7ff448c398221e2bfea669232)
#05 pc 00000000000a7d4c /data/storage/el1/bundle/libs/arm64/libmusicdatacenter_core.so(c615b7e83303e8f7ff448c398221e2bfea669232)
#06 pc 00000000000a7ce4 /data/storage/el1/bundle/libs/arm64/libmusicdatacenter_core.so(c615b7e83303e8f7ff448c398221e2bfea669232)
#07 pc 00000000000a77e4 /data/storage/el1/bundle/libs/arm64/libmusicdatacenter_core.so(c615b7e83303e8f7ff448c398221e2bfea669232)
#08 pc 00000000001de740 /system/lib/ld-musl-aarch64.so.1(start+240)(8c2ca4e308a1de9ed1e6b4ccc14c7443)
Tid:55555, Name:WorkerThread
#00 pc 0000000000177714 /system/lib/ld-musl-aarch64.so.1(epoll_pwait+88)(8c2ca4e308a1de9ed1e6b4ccc14c7443)
#01 pc 000000000002f4e0 /system/lib64/platformsdk/libuv.so(uv__io_poll+608)(dd4ce8a088606e6444f0dceac8540868)
#02 pc 000000000001b7e4 /system/lib64/platformsdk/libuv.so(uv_run+888)(dd4ce8a088606e6444f0dceac8540868)
#03 pc 0000000000028078 /system/lib64/module/libworker.z.so(Commonlibrary::Concurrent::WorkerModule::Worker::ExecuteInThread(void const*) (.cfi)+3024)(03b31a073a120e278527c74ece3649a5)
#04 pc 000000000002e6a8 /system/lib64/module/libworker.z.so(Commonlibrary::Concurrent::WorkerModule::WorkerRunner::WorkerInnerRunner::Run()+68)(03b31a073a120e278527c74ece3649a5)
#05 pc 00000000001de740 /system/lib/ld-musl-aarch64.so.1(start+240)(8c2ca4e308a1de9ed1e6b4ccc14c7443)
Tid:55556, Name:WorkerThread
#00 pc 0000000000177714 /system/lib/ld-musl-aarch64.so.1(epoll_pwait+88)(8c2ca4e308a1de9ed1e6b4ccc14c7443)
#01 pc 000000000002f4e0 /system/lib64/platformsdk/libuv.so(uv__io_poll+608)(dd4ce8a088606e6444f0dceac8540868)
#02 pc 000000000001b7e4 /system/lib64/platformsdk/libuv.so(uv_run+888)(dd4ce8a088606e6444f0dceac8540868)
#03 pc 0000000000028078 /system/lib64/module/libworker.z.so(Commonlibrary::Concurrent::WorkerModule::Worker::ExecuteInThread(void const*) (.cfi)+3024)(03b31a073a120e278527c74ece3649a5)
#04 pc 000000000002e6a8 /system/lib64/module/libworker.z.so(Commonlibrary::Concurrent::WorkerModule::WorkerRunner::WorkerInnerRunner::Run()+68)(03b31a073a120e278527c74ece3649a5)
#05 pc 00000000001de740 /system/lib/ld-musl-aarch64.so.1(start+240)(8c2ca4e308a1de9ed1e6b4ccc14c7443)
Tid:55557, Name:WorkerThread
#00 pc 0000000000177714 /system/lib/ld-musl-aarch64.so.1(epoll_pwait+88)(8c2ca4e308a1de9ed1e6b4ccc14c7443)
#01 pc 000000000002f4e0 /system/lib64/platformsdk/libuv.so(uv__io_poll+608)(dd4ce8a088606e6444f0dceac8540868)
#02 pc 000000000001b7e4 /system/lib64/platformsdk/libuv.so(uv_run+888)(dd4ce8a088606e6444f0dceac8540868)
#03 pc 0000000000028078 /system/lib64/module/libworker.z.so(Commonlibrary::Concurrent::WorkerModule::Worker::ExecuteInThread(void const*) (.cfi)+3024)(03b31a073a120e278527c74ece3649a5)
#04 pc 000000000002e6a8 /system/lib64/module/libworker.z.so(Commonlibrary::Concurrent::WorkerModule::WorkerRunner::WorkerInnerRunner::Run()+68)(03b31a073a120e278527c74ece3649a5)
#05 pc 00000000001de740 /system/lib/ld-musl-aarch64.so.1(start+240)(8c2ca4e308a1de9ed1e6b4ccc14c7443)
Tid:55558, Name:WorkerThread
#00 pc 0000000000177714 /system/lib/ld-musl-aarch64.so.1(epoll_pwait+88)(8c2ca4e308a1de9ed1e6b4ccc14c7443)
#01 pc 000000000002f4e0 /system/lib64/platformsdk/libuv.so(uv__io_poll+608)(dd4ce8a088606e6444f0dceac8540868)
#02 pc 000000000001b7e4 /system/lib64/platformsdk/libuv.so(uv_run+888)(dd4ce8a088606e6444f0dceac8540868)
#03 pc 0000000000028078 /system/lib64/module/libworker.z.so(Commonlibrary::Concurrent::WorkerModule::Worker::ExecuteInThread(void const*) (.cfi)+3024)(03b31a073a120e278527c74ece3649a5)
#04 pc 000000000002e6a8 /system/lib64/module/libworker.z.so(Commonlibrary::Concurrent::WorkerModule::WorkerRunner::WorkerInnerRunner::Run()+68)(03b31a073a120e278527c74ece3649a5)
#05 pc 00000000001de740 /system/lib/ld-musl-aarch64.so.1(start+240)(8c2ca4e308a1de9ed1e6b4ccc14c7443)
Tid:55559, Name:e.cloudmusic.hm
#00 pc 00000000001d9f3c /system/lib/ld-musl-aarch64.so.1(__timedwait_cp+156)(8c2ca4e308a1de9ed1e6b4ccc14c7443)
#01 pc 00000000001dc014 /system/lib/ld-musl-aarch64.so.1(pthread_cond_timedwait+172)(8c2ca4e308a1de9ed1e6b4ccc14c7443)
#02 pc 00000000000c4520 /data/storage/el1/bundle/libs/arm64/libc++_shared.so(std::__n1::condition_variable::wait(std::__n1::unique_lock<std::__n1::mutex>&)+20)(127e06750377fa33d9999ba0646387430bb00b91)
#03 pc 000000000001116c /data/storage/el1/bundle/libs/arm64/liblocallog.so(046c1d57ef03d148a68763ba736cf42d94463083)
#04 pc 0000000000010cb0 /data/storage/el1/bundle/libs/arm64/liblocallog.so(writer_loop()+112)(046c1d57ef03d148a68763ba736cf42d94463083)
#05 pc 0000000000017684 /data/storage/el1/bundle/libs/arm64/liblocallog.so(046c1d57ef03d148a68763ba736cf42d94463083)
#06 pc 000000000001761c /data/storage/el1/bundle/libs/arm64/liblocallog.so(046c1d57ef03d148a68763ba736cf42d94463083)
#07 pc 000000000001711c /data/storage/el1/bundle/libs/arm64/liblocallog.so(046c1d57ef03d148a68763ba736cf42d94463083)
#08 pc 00000000001de740 /system/lib/ld-musl-aarch64.so.1(start+240)(8c2ca4e308a1de9ed1e6b4ccc14c7443)
Tid:55560, Name:OS_FFRT_2_4
#00 pc 00000000001d9f3c /system/lib/ld-musl-aarch64.so.1(__timedwait_cp+156)(8c2ca4e308a1de9ed1e6b4ccc14c7443)
#01 pc 00000000001dc014 /system/lib/ld-musl-aarch64.so.1(pthread_cond_timedwait+172)(8c2ca4e308a1de9ed1e6b4ccc14c7443)
#02 pc 00000000000c4a24 /system/lib64/chipset-sdk-sp/libc++.so(std::__h::condition_variable::__do_timed_wait(std::__h::unique_lock<std::__h::mutex>&, std::__h::chrono::time_point<std::__h::chrono::system_clock, std::__h::chrono::duration<long long, std::__h::ratio<1l, 1000000000l>>>)+104)(f5cb5b97de4ebde633d700fc105f2d2c13a9bbc5)
#03 pc 0000000000065190 /system/lib64/ndk/libffrt.so(ffrt::SExecuteUnit::WorkerIdleAction(ffrt::CPUWorker*)+332)(4909c9bfbd00363a4658edc9322f5e32)
#04 pc 000000000002dbf8 /system/lib64/ndk/libffrt.so(ffrt::CPUWorker::WrapDispatch(void*)+224)(4909c9bfbd00363a4658edc9322f5e32)
#05 pc 00000000001de740 /system/lib/ld-musl-aarch64.so.1(start+240)(8c2ca4e308a1de9ed1e6b4ccc14c7443)
Tid:55561, Name:OS_FFRT_2_6
#00 pc 00000000001d9f3c /system/lib/ld-musl-aarch64.so.1(__timedwait_cp+156)(8c2ca4e308a1de9ed1e6b4ccc14c7443)
#01 pc 00000000001dc014 /system/lib/ld-musl-aarch64.so.1(pthread_cond_timedwait+172)(8c2ca4e308a1de9ed1e6b4ccc14c7443)
#02 pc 00000000000c4a24 /system/lib64/chipset-sdk-sp/libc++.so(std::__h::condition_variable::__do_timed_wait(std::__h::unique_lock<std::__h::mutex>&, std::__h::chrono::time_point<std::__h::chrono::system_clock, std::__h::chrono::duration<long long, std::__h::ratio<1l, 1000000000l>>>)+104)(f5cb5b97de4ebde633d700fc105f2d2c13a9bbc5)
#03 pc 0000000000065190 /system/lib64/ndk/libffrt.so(ffrt::SExecuteUnit::WorkerIdleAction(ffrt::CPUWorker*)+332)(4909c9bfbd00363a4658edc9322f5e32)
#04 pc 000000000002dbf8 /system/lib64/ndk/libffrt.so(ffrt::CPUWorker::WrapDispatch(void*)+224)(4909c9bfbd00363a4658edc9322f5e32)
#05 pc 00000000001de740 /system/lib/ld-musl-aarch64.so.1(start+240)(8c2ca4e308a1de9ed1e6b4ccc14c7443)
Tid:55562, Name:OS_FFRT_2_5
#00 pc 00000000001d9f3c /system/lib/ld-musl-aarch64.so.1(__timedwait_cp+156)(8c2ca4e308a1de9ed1e6b4ccc14c7443)
#01 pc 00000000001dc014 /system/lib/ld-musl-aarch64.so.1(pthread_cond_timedwait+172)(8c2ca4e308a1de9ed1e6b4ccc14c7443)
#02 pc 00000000000c4a24 /system/lib64/chipset-sdk-sp/libc++.so(std::__h::condition_variable::__do_timed_wait(std::__h::unique_lock<std::__h::mutex>&, std::__h::chrono::time_point<std::__h::chrono::system_clock, std::__h::chrono::duration<long long, std::__h::ratio<1l, 1000000000l>>>)+104)(f5cb5b97de4ebde633d700fc105f2d2c13a9bbc5)
#03 pc 0000000000065190 /system/lib64/ndk/libffrt.so(ffrt::SExecuteUnit::WorkerIdleAction(ffrt::CPUWorker*)+332)(4909c9bfbd00363a4658edc9322f5e32)
#04 pc 000000000002dbf8 /system/lib64/ndk/libffrt.so(ffrt::CPUWorker::WrapDispatch(void*)+224)(4909c9bfbd00363a4658edc9322f5e32)
#05 pc 00000000001de740 /system/lib/ld-musl-aarch64.so.1(start+240)(8c2ca4e308a1de9ed1e6b4ccc14c7443)
Tid:55563, Name:OS_FFRT_5_2
#00 pc 00000000001d9f3c /system/lib/ld-musl-aarch64.so.1(__timedwait_cp+156)(8c2ca4e308a1de9ed1e6b4ccc14c7443)
#01 pc 00000000001dc014 /system/lib/ld-musl-aarch64.so.1(pthread_cond_timedwait+172)(8c2ca4e308a1de9ed1e6b4ccc14c7443)
#02 pc 00000000000c4a24 /system/lib64/chipset-sdk-sp/libc++.so(std::__h::condition_variable::__do_timed_wait(std::__h::unique_lock<std::__h::mutex>&, std::__h::chrono::time_point<std::__h::chrono::system_clock, std::__h::chrono::duration<long long, std::__h::ratio<1l, 1000000000l>>>)+104)(f5cb5b97de4ebde633d700fc105f2d2c13a9bbc5)
#03 pc 0000000000065190 /system/lib64/ndk/libffrt.so(ffrt::SExecuteUnit::WorkerIdleAction(ffrt::CPUWorker*)+332)(4909c9bfbd00363a4658edc9322f5e32)
#04 pc 000000000002dbf8 /system/lib64/ndk/libffrt.so(ffrt::CPUWorker::WrapDispatch(void*)+224)(4909c9bfbd00363a4658edc9322f5e32)
#05 pc 00000000001de740 /system/lib/ld-musl-aarch64.so.1(start+240)(8c2ca4e308a1de9ed1e6b4ccc14c7443)
Tid:55564, Name:OS_FFRT_5_3
#00 pc 00000000001d9f3c /system/lib/ld-musl-aarch64.so.1(__timedwait_cp+156)(8c2ca4e308a1de9ed1e6b4ccc14c7443)
#01 pc 00000000001dc014 /system/lib/ld-musl-aarch64.so.1(pthread_cond_timedwait+172)(8c2ca4e308a1de9ed1e6b4ccc14c7443)
#02 pc 00000000000c4a24 /system/lib64/chipset-sdk-sp/libc++.so(std::__h::condition_variable::__do_timed_wait(std::__h::unique_lock<std::__h::mutex>&, std::__h::chrono::time_point<std::__h::chrono::system_clock, std::__h::chrono::duration<long long, std::__h::ratio<1l, 1000000000l>>>)+104)(f5cb5b97de4ebde633d700fc105f2d2c13a9bbc5)
#03 pc 0000000000065190 /system/lib64/ndk/libffrt.so(ffrt::SExecuteUnit::WorkerIdleAction(ffrt::CPUWorker*)+332)(4909c9bfbd00363a4658edc9322f5e32)
#04 pc 000000000002dbf8 /system/lib64/ndk/libffrt.so(ffrt::CPUWorker::WrapDispatch(void*)+224)(4909c9bfbd00363a4658edc9322f5e32)
#05 pc 00000000001de740 /system/lib/ld-musl-aarch64.so.1(start+240)(8c2ca4e308a1de9ed1e6b4ccc14c7443)
Tid:55565, Name:OS_FFRT_5_1
#00 pc 00000000001d9f3c /system/lib/ld-musl-aarch64.so.1(__timedwait_cp+156)(8c2ca4e308a1de9ed1e6b4ccc14c7443)
#01 pc 00000000001dc014 /system/lib/ld-musl-aarch64.so.1(pthread_cond_timedwait+172)(8c2ca4e308a1de9ed1e6b4ccc14c7443)
#02 pc 00000000000c4a24 /system/lib64/chipset-sdk-sp/libc++.so(std::__h::condition_variable::__do_timed_wait(std::__h::unique_lock<std::__h::mutex>&, std::__h::chrono::time_point<std::__h::chrono::system_clock, std::__h::chrono::duration<long long, std::__h::ratio<1l, 1000000000l>>>)+104)(f5cb5b97de4ebde633d700fc105f2d2c13a9bbc5)
#03 pc 0000000000065190 /system/lib64/ndk/libffrt.so(ffrt::SExecuteUnit::WorkerIdleAction(ffrt::CPUWorker*)+332)(4909c9bfbd00363a4658edc9322f5e32)
#04 pc 000000000002dbf8 /system/lib64/ndk/libffrt.so(ffrt::CPUWorker::WrapDispatch(void*)+224)(4909c9bfbd00363a4658edc9322f5e32)
#05 pc 00000000001de740 /system/lib/ld-musl-aarch64.so.1(start+240)(8c2ca4e308a1de9ed1e6b4ccc14c7443)
Tid:55566, Name:RNOH_JS
#00 pc 0000000000177714 /system/lib/ld-musl-aarch64.so.1(epoll_pwait+88)(8c2ca4e308a1de9ed1e6b4ccc14c7443)
#01 pc 000000000002f4e0 /system/lib64/platformsdk/libuv.so(uv__io_poll+608)(dd4ce8a088606e6444f0dceac8540868)
#02 pc 000000000001b7e4 /system/lib64/platformsdk/libuv.so(uv_run+888)(dd4ce8a088606e6444f0dceac8540868)
#03 pc 00000000003465fc /data/storage/el1/bundle/libs/arm64/librnoh_core.so(rnoh::uv::EventLoop::run() const+28)(24ddd36a9a0cc1cc52a08291f31514f635cf0edc)
#04 pc 0000000000345770 /data/storage/el1/bundle/libs/arm64/librnoh_core.so(24ddd36a9a0cc1cc52a08291f31514f635cf0edc)
#05 pc 00000000003456c4 /data/storage/el1/bundle/libs/arm64/librnoh_core.so(24ddd36a9a0cc1cc52a08291f31514f635cf0edc)
#06 pc 0000000000345678 /data/storage/el1/bundle/libs/arm64/librnoh_core.so(24ddd36a9a0cc1cc52a08291f31514f635cf0edc)
#07 pc 0000000000345410 /data/storage/el1/bundle/libs/arm64/librnoh_core.so(24ddd36a9a0cc1cc52a08291f31514f635cf0edc)
#08 pc 00000000001de740 /system/lib/ld-musl-aarch64.so.1(start+240)(8c2ca4e308a1de9ed1e6b4ccc14c7443)
Tid:55567, Name:e.cloudmusic.hm
#00 pc 00000000001d9f3c /system/lib/ld-musl-aarch64.so.1(__timedwait_cp+156)(8c2ca4e308a1de9ed1e6b4ccc14c7443)
#01 pc 00000000001dc014 /system/lib/ld-musl-aarch64.so.1(pthread_cond_timedwait+172)(8c2ca4e308a1de9ed1e6b4ccc14c7443)
#02 pc 0000000000266ff4 /data/storage/el1/bundle/libs/arm64/libMNN.so(std::__n1::condition_variable::wait(std::__n1::unique_lock<std::__n1::mutex>&)+20)(936a90dd012a2dd1762ccc05981b79028628e415)
#03 pc 00000000000d8ee4 /data/storage/el1/bundle/libs/arm64/librnoh_videoplayer.so(d3d46a53bd9170675a2ee4cf0548e08fd12da3d8)
#04 pc 00000000000d8d38 /data/storage/el1/bundle/libs/arm64/librnoh_videoplayer.so(d3d46a53bd9170675a2ee4cf0548e08fd12da3d8)
#05 pc 00000000000da108 /data/storage/el1/bundle/libs/arm64/librnoh_videoplayer.so(d3d46a53bd9170675a2ee4cf0548e08fd12da3d8)
#06 pc 00000000000da0b8 /data/storage/el1/bundle/libs/arm64/librnoh_videoplayer.so(d3d46a53bd9170675a2ee4cf0548e08fd12da3d8)
#07 pc 00000000000da094 /data/storage/el1/bundle/libs/arm64/librnoh_videoplayer.so(d3d46a53bd9170675a2ee4cf0548e08fd12da3d8)
#08 pc 00000000000d9e6c /data/storage/el1/bundle/libs/arm64/librnoh_videoplayer.so(d3d46a53bd9170675a2ee4cf0548e08fd12da3d8)
#09 pc 00000000001de740 /system/lib/ld-musl-aarch64.so.1(start+240)(8c2ca4e308a1de9ed1e6b4ccc14c7443)
Tid:55568, Name:hades
#00 pc 00000000001d9f3c /system/lib/ld-musl-aarch64.so.1(__timedwait_cp+156)(8c2ca4e308a1de9ed1e6b4ccc14c7443)
#01 pc 00000000001dc014 /system/lib/ld-musl-aarch64.so.1(pthread_cond_timedwait+172)(8c2ca4e308a1de9ed1e6b4ccc14c7443)
#02 pc 0000000000266ff4 /data/storage/el1/bundle/libs/arm64/libMNN.so(std::__n1::condition_variable::wait(std::__n1::unique_lock<std::__n1::mutex>&)+20)(936a90dd012a2dd1762ccc05981b79028628e415)
#03 pc 000000000027e12c /data/storage/el1/bundle/libs/arm64/libhermesvm.so(fd2b5f86fc10b74fc5642176e83625d2ffff4d89)
#04 pc 000000000027e07c /data/storage/el1/bundle/libs/arm64/libhermesvm.so(fd2b5f86fc10b74fc5642176e83625d2ffff4d89)
#05 pc 00000000001de740 /system/lib/ld-musl-aarch64.so.1(start+240)(8c2ca4e308a1de9ed1e6b4ccc14c7443)
Tid:55572, Name:OS_VSyncThread
#00 pc 00000000001777c0 /system/lib/ld-musl-aarch64.so.1(epoll_wait+84)(8c2ca4e308a1de9ed1e6b4ccc14c7443)
#01 pc 000000000002fab0 /system/lib64/chipset-sdk-sp/libeventhandler.z.so(OHOS::AppExecFwk::EpollIoWaiter::WaitFor(OHOS::AppExecFwk::UniqueLockBase&, long, bool)+276)(8ab952cee05d2ecabf3a7380e0e9fe52)
#02 pc 000000000001a448 /system/lib64/chipset-sdk-sp/libeventhandler.z.so(OHOS::AppExecFwk::EventQueueBase::GetEvent()+1912)(8ab952cee05d2ecabf3a7380e0e9fe52)
#03 pc 00000000000215c8 /system/lib64/chipset-sdk-sp/libeventhandler.z.so(OHOS::AppExecFwk::(anonymous namespace)::EventRunnerImpl::Run()+820)(8ab952cee05d2ecabf3a7380e0e9fe52)
#04 pc 0000000000020b14 /system/lib64/chipset-sdk-sp/libeventhandler.z.so(OHOS::AppExecFwk::(anonymous namespace)::EventRunnerImpl::ThreadMain(std::__h::weak_ptr<OHOS::AppExecFwk::(anonymous namespace)::EventRunnerImpl> const&) (.cfi)+264)(8ab952cee05d2ecabf3a7380e0e9fe52)
#05 pc 00000000000407f0 /system/lib64/chipset-sdk-sp/libeventhandler.z.so(8ab952cee05d2ecabf3a7380e0e9fe52)
#06 pc 00000000001de740 /system/lib/ld-musl-aarch64.so.1(start+240)(8c2ca4e308a1de9ed1e6b4ccc14c7443)
Tid:55573, Name:WorkerThread
#00 pc 00000000001d9f3c /system/lib/ld-musl-aarch64.so.1(__timedwait_cp+156)(8c2ca4e308a1de9ed1e6b4ccc14c7443)
#01 pc 00000000001dc014 /system/lib/ld-musl-aarch64.so.1(pthread_cond_timedwait+172)(8c2ca4e308a1de9ed1e6b4ccc14c7443)
#02 pc 00000000000c45bc /data/storage/el1/bundle/libs/arm64/libc++_shared.so(std::__n1::condition_variable::__do_timed_wait(std::__n1::unique_lock<std::__n1::mutex>&, std::__n1::chrono::time_point<std::__n1::chrono::system_clock, std::__n1::chrono::duration<long long, std::__n1::ratio<1l, 1000000000l>>>)+108)(127e06750377fa33d9999ba0646387430bb00b91)
#03 pc 000000000010adec /data/storage/el1/bundle/libs/arm64/libbilog.so(077a61341bbd03f9c9920f7354bb6e8dc5a40211)
#04 pc 0000000000105794 /data/storage/el1/bundle/libs/arm64/libbilog.so(077a61341bbd03f9c9920f7354bb6e8dc5a40211)
#05 pc 0000000000105128 /data/storage/el1/bundle/libs/arm64/libbilog.so(LogFlushingQueueImpl::run_body()+148)(077a61341bbd03f9c9920f7354bb6e8dc5a40211)
#06 pc 000000000010a9f8 /data/storage/el1/bundle/libs/arm64/libbilog.so(077a61341bbd03f9c9920f7354bb6e8dc5a40211)
#07 pc 000000000010a978 /data/storage/el1/bundle/libs/arm64/libbilog.so(077a61341bbd03f9c9920f7354bb6e8dc5a40211)
#08 pc 000000000010a6fc /data/storage/el1/bundle/libs/arm64/libbilog.so(077a61341bbd03f9c9920f7354bb6e8dc5a40211)
#09 pc 00000000001de740 /system/lib/ld-musl-aarch64.so.1(start+240)(8c2ca4e308a1de9ed1e6b4ccc14c7443)
Tid:55575, Name:WorkerThread
#00 pc 00000000001d9f3c /system/lib/ld-musl-aarch64.so.1(__timedwait_cp+156)(8c2ca4e308a1de9ed1e6b4ccc14c7443)
#01 pc 00000000001dc014 /system/lib/ld-musl-aarch64.so.1(pthread_cond_timedwait+172)(8c2ca4e308a1de9ed1e6b4ccc14c7443)
#02 pc 00000000000c4520 /data/storage/el1/bundle/libs/arm64/libc++_shared.so(std::__n1::condition_variable::wait(std::__n1::unique_lock<std::__n1::mutex>&)+20)(127e06750377fa33d9999ba0646387430bb00b91)
#03 pc 00000000000efa34 /data/storage/el1/bundle/libs/arm64/libbilog.so(BlockingQueue<UploadItem>::take()+92)(077a61341bbd03f9c9920f7354bb6e8dc5a40211)
#04 pc 00000000000ef094 /data/storage/el1/bundle/libs/arm64/libbilog.so(LogUploadQueueImpl::run_body()+92)(077a61341bbd03f9c9920f7354bb6e8dc5a40211)
#05 pc 00000000000fadc8 /data/storage/el1/bundle/libs/arm64/libbilog.so(077a61341bbd03f9c9920f7354bb6e8dc5a40211)
#06 pc 00000000000fad48 /data/storage/el1/bundle/libs/arm64/libbilog.so(077a61341bbd03f9c9920f7354bb6e8dc5a40211)
#07 pc 00000000000faacc /data/storage/el1/bundle/libs/arm64/libbilog.so(077a61341bbd03f9c9920f7354bb6e8dc5a40211)
#08 pc 00000000001de740 /system/lib/ld-musl-aarch64.so.1(start+240)(8c2ca4e308a1de9ed1e6b4ccc14c7443)
Tid:55577, Name:WorkerThread
#00 pc 00000000001bdd64 /system/lib/ld-musl-aarch64.so.1(poll+124)(8c2ca4e308a1de9ed1e6b4ccc14c7443)
#01 pc 000000000019d97c /data/storage/el1/bundle/libs/arm64/libbilog.so(LinuxDirectoryMonitorStrategy::run()+1324)(077a61341bbd03f9c9920f7354bb6e8dc5a40211)
#02 pc 000000000019a274 /data/storage/el1/bundle/libs/arm64/libbilog.so(077a61341bbd03f9c9920f7354bb6e8dc5a40211)
#03 pc 000000000019a1f4 /data/storage/el1/bundle/libs/arm64/libbilog.so(077a61341bbd03f9c9920f7354bb6e8dc5a40211)
#04 pc 000000000019a1d0 /data/storage/el1/bundle/libs/arm64/libbilog.so(077a61341bbd03f9c9920f7354bb6e8dc5a40211)
#05 pc 0000000000199fa8 /data/storage/el1/bundle/libs/arm64/libbilog.so(077a61341bbd03f9c9920f7354bb6e8dc5a40211)
#06 pc 00000000001de740 /system/lib/ld-musl-aarch64.so.1(start+240)(8c2ca4e308a1de9ed1e6b4ccc14c7443)
Tid:55578, Name:WorkerThread
#00 pc 00000000001d9f3c /system/lib/ld-musl-aarch64.so.1(__timedwait_cp+156)(8c2ca4e308a1de9ed1e6b4ccc14c7443)
#01 pc 00000000001dc014 /system/lib/ld-musl-aarch64.so.1(pthread_cond_timedwait+172)(8c2ca4e308a1de9ed1e6b4ccc14c7443)
#02 pc 00000000000c45bc /data/storage/el1/bundle/libs/arm64/libc++_shared.so(std::__n1::condition_variable::__do_timed_wait(std::__n1::unique_lock<std::__n1::mutex>&, std::__n1::chrono::time_point<std::__n1::chrono::system_clock, std::__n1::chrono::duration<long long, std::__n1::ratio<1l, 1000000000l>>>)+108)(127e06750377fa33d9999ba0646387430bb00b91)
#03 pc 000000000010adec /data/storage/el1/bundle/libs/arm64/libbilog.so(077a61341bbd03f9c9920f7354bb6e8dc5a40211)
#04 pc 0000000000105794 /data/storage/el1/bundle/libs/arm64/libbilog.so(077a61341bbd03f9c9920f7354bb6e8dc5a40211)
#05 pc 0000000000105128 /data/storage/el1/bundle/libs/arm64/libbilog.so(LogFlushingQueueImpl::run_body()+148)(077a61341bbd03f9c9920f7354bb6e8dc5a40211)
#06 pc 000000000010a9f8 /data/storage/el1/bundle/libs/arm64/libbilog.so(077a61341bbd03f9c9920f7354bb6e8dc5a40211)
#07 pc 000000000010a978 /data/storage/el1/bundle/libs/arm64/libbilog.so(077a61341bbd03f9c9920f7354bb6e8dc5a40211)
#08 pc 000000000010a6fc /data/storage/el1/bundle/libs/arm64/libbilog.so(077a61341bbd03f9c9920f7354bb6e8dc5a40211)
#09 pc 00000000001de740 /system/lib/ld-musl-aarch64.so.1(start+240)(8c2ca4e308a1de9ed1e6b4ccc14c7443)
Tid:55579, Name:WorkerThread
#00 pc 00000000001d9f3c /system/lib/ld-musl-aarch64.so.1(__timedwait_cp+156)(8c2ca4e308a1de9ed1e6b4ccc14c7443)
#01 pc 00000000001dc014 /system/lib/ld-musl-aarch64.so.1(pthread_cond_timedwait+172)(8c2ca4e308a1de9ed1e6b4ccc14c7443)
#02 pc 00000000000c4520 /data/storage/el1/bundle/libs/arm64/libc++_shared.so(std::__n1::condition_variable::wait(std::__n1::unique_lock<std::__n1::mutex>&)+20)(127e06750377fa33d9999ba0646387430bb00b91)
#03 pc 00000000000efa34 /data/storage/el1/bundle/libs/arm64/libbilog.so(BlockingQueue<UploadItem>::take()+92)(077a61341bbd03f9c9920f7354bb6e8dc5a40211)
#04 pc 00000000000ef094 /data/storage/el1/bundle/libs/arm64/libbilog.so(LogUploadQueueImpl::run_body()+92)(077a61341bbd03f9c9920f7354bb6e8dc5a40211)
#05 pc 00000000000fadc8 /data/storage/el1/bundle/libs/arm64/libbilog.so(077a61341bbd03f9c9920f7354bb6e8dc5a40211)
#06 pc 00000000000fad48 /data/storage/el1/bundle/libs/arm64/libbilog.so(077a61341bbd03f9c9920f7354bb6e8dc5a40211)
#07 pc 00000000000faacc /data/storage/el1/bundle/libs/arm64/libbilog.so(077a61341bbd03f9c9920f7354bb6e8dc5a40211)
#08 pc 00000000001de740 /system/lib/ld-musl-aarch64.so.1(start+240)(8c2ca4e308a1de9ed1e6b4ccc14c7443)
Tid:55580, Name:WorkerThread
#00 pc 00000000001bdd64 /system/lib/ld-musl-aarch64.so.1(poll+124)(8c2ca4e308a1de9ed1e6b4ccc14c7443)
#01 pc 000000000019d97c /data/storage/el1/bundle/libs/arm64/libbilog.so(LinuxDirectoryMonitorStrategy::run()+1324)(077a61341bbd03f9c9920f7354bb6e8dc5a40211)
#02 pc 000000000019a274 /data/storage/el1/bundle/libs/arm64/libbilog.so(077a61341bbd03f9c9920f7354bb6e8dc5a40211)
#03 pc 000000000019a1f4 /data/storage/el1/bundle/libs/arm64/libbilog.so(077a61341bbd03f9c9920f7354bb6e8dc5a40211)
#04 pc 000000000019a1d0 /data/storage/el1/bundle/libs/arm64/libbilog.so(077a61341bbd03f9c9920f7354bb6e8dc5a40211)
#05 pc 0000000000199fa8 /data/storage/el1/bundle/libs/arm64/libbilog.so(077a61341bbd03f9c9920f7354bb6e8dc5a40211)
#06 pc 00000000001de740 /system/lib/ld-musl-aarch64.so.1(start+240)(8c2ca4e308a1de9ed1e6b4ccc14c7443)
Tid:55581, Name:WorkerThread
#00 pc 00000000001d9f3c /system/lib/ld-musl-aarch64.so.1(__timedwait_cp+156)(8c2ca4e308a1de9ed1e6b4ccc14c7443)
#01 pc 00000000001dc014 /system/lib/ld-musl-aarch64.so.1(pthread_cond_timedwait+172)(8c2ca4e308a1de9ed1e6b4ccc14c7443)
#02 pc 00000000000c45bc /data/storage/el1/bundle/libs/arm64/libc++_shared.so(std::__n1::condition_variable::__do_timed_wait(std::__n1::unique_lock<std::__n1::mutex>&, std::__n1::chrono::time_point<std::__n1::chrono::system_clock, std::__n1::chrono::duration<long long, std::__n1::ratio<1l, 1000000000l>>>)+108)(127e06750377fa33d9999ba0646387430bb00b91)
#03 pc 000000000010adec /data/storage/el1/bundle/libs/arm64/libbilog.so(077a61341bbd03f9c9920f7354bb6e8dc5a40211)
#04 pc 0000000000105794 /data/storage/el1/bundle/libs/arm64/libbilog.so(077a61341bbd03f9c9920f7354bb6e8dc5a40211)
#05 pc 0000000000105128 /data/storage/el1/bundle/libs/arm64/libbilog.so(LogFlushingQueueImpl::run_body()+148)(077a61341bbd03f9c9920f7354bb6e8dc5a40211)
#06 pc 000000000010a9f8 /data/storage/el1/bundle/libs/arm64/libbilog.so(077a61341bbd03f9c9920f7354bb6e8dc5a40211)
#07 pc 000000000010a978 /data/storage/el1/bundle/libs/arm64/libbilog.so(077a61341bbd03f9c9920f7354bb6e8dc5a40211)
#08 pc 000000000010a6fc /data/storage/el1/bundle/libs/arm64/libbilog.so(077a61341bbd03f9c9920f7354bb6e8dc5a40211)
#09 pc 00000000001de740 /system/lib/ld-musl-aarch64.so.1(start+240)(8c2ca4e308a1de9ed1e6b4ccc14c7443)
Tid:55582, Name:WorkerThread
#00 pc 00000000001d9f3c /system/lib/ld-musl-aarch64.so.1(__timedwait_cp+156)(8c2ca4e308a1de9ed1e6b4ccc14c7443)
#01 pc 00000000001dc014 /system/lib/ld-musl-aarch64.so.1(pthread_cond_timedwait+172)(8c2ca4e308a1de9ed1e6b4ccc14c7443)
#02 pc 00000000000c4520 /data/storage/el1/bundle/libs/arm64/libc++_shared.so(std::__n1::condition_variable::wait(std::__n1::unique_lock<std::__n1::mutex>&)+20)(127e06750377fa33d9999ba0646387430bb00b91)
#03 pc 00000000000efa34 /data/storage/el1/bundle/libs/arm64/libbilog.so(BlockingQueue<UploadItem>::take()+92)(077a61341bbd03f9c9920f7354bb6e8dc5a40211)
#04 pc 00000000000ef094 /data/storage/el1/bundle/libs/arm64/libbilog.so(LogUploadQueueImpl::run_body()+92)(077a61341bbd03f9c9920f7354bb6e8dc5a40211)
#05 pc 00000000000fadc8 /data/storage/el1/bundle/libs/arm64/libbilog.so(077a61341bbd03f9c9920f7354bb6e8dc5a40211)
#06 pc 00000000000fad48 /data/storage/el1/bundle/libs/arm64/libbilog.so(077a61341bbd03f9c9920f7354bb6e8dc5a40211)
#07 pc 00000000000faacc /data/storage/el1/bundle/libs/arm64/libbilog.so(077a61341bbd03f9c9920f7354bb6e8dc5a40211)
#08 pc 00000000001de740 /system/lib/ld-musl-aarch64.so.1(start+240)(8c2ca4e308a1de9ed1e6b4ccc14c7443)
Tid:55583, Name:WorkerThread
#00 pc 00000000001bdd64 /system/lib/ld-musl-aarch64.so.1(poll+124)(8c2ca4e308a1de9ed1e6b4ccc14c7443)
#01 pc 000000000019d97c /data/storage/el1/bundle/libs/arm64/libbilog.so(LinuxDirectoryMonitorStrategy::run()+1324)(077a61341bbd03f9c9920f7354bb6e8dc5a40211)
#02 pc 000000000019a274 /data/storage/el1/bundle/libs/arm64/libbilog.so(077a61341bbd03f9c9920f7354bb6e8dc5a40211)
#03 pc 000000000019a1f4 /data/storage/el1/bundle/libs/arm64/libbilog.so(077a61341bbd03f9c9920f7354bb6e8dc5a40211)
#04 pc 000000000019a1d0 /data/storage/el1/bundle/libs/arm64/libbilog.so(077a61341bbd03f9c9920f7354bb6e8dc5a40211)
#05 pc 0000000000199fa8 /data/storage/el1/bundle/libs/arm64/libbilog.so(077a61341bbd03f9c9920f7354bb6e8dc5a40211)
#06 pc 00000000001de740 /system/lib/ld-musl-aarch64.so.1(start+240)(8c2ca4e308a1de9ed1e6b4ccc14c7443)
Tid:55584, Name:WorkerThread
#00 pc 00000000001d9f3c /system/lib/ld-musl-aarch64.so.1(__timedwait_cp+156)(8c2ca4e308a1de9ed1e6b4ccc14c7443)
#01 pc 00000000001dc014 /system/lib/ld-musl-aarch64.so.1(pthread_cond_timedwait+172)(8c2ca4e308a1de9ed1e6b4ccc14c7443)
#02 pc 00000000000c45bc /data/storage/el1/bundle/libs/arm64/libc++_shared.so(std::__n1::condition_variable::__do_timed_wait(std::__n1::unique_lock<std::__n1::mutex>&, std::__n1::chrono::time_point<std::__n1::chrono::system_clock, std::__n1::chrono::duration<long long, std::__n1::ratio<1l, 1000000000l>>>)+108)(127e06750377fa33d9999ba0646387430bb00b91)
#03 pc 000000000010adec /data/storage/el1/bundle/libs/arm64/libbilog.so(077a61341bbd03f9c9920f7354bb6e8dc5a40211)
#04 pc 0000000000105794 /data/storage/el1/bundle/libs/arm64/libbilog.so(077a61341bbd03f9c9920f7354bb6e8dc5a40211)
#05 pc 0000000000105128 /data/storage/el1/bundle/libs/arm64/libbilog.so(LogFlushingQueueImpl::run_body()+148)(077a61341bbd03f9c9920f7354bb6e8dc5a40211)
#06 pc 000000000010a9f8 /data/storage/el1/bundle/libs/arm64/libbilog.so(077a61341bbd03f9c9920f7354bb6e8dc5a40211)
#07 pc 000000000010a978 /data/storage/el1/bundle/libs/arm64/libbilog.so(077a61341bbd03f9c9920f7354bb6e8dc5a40211)
#08 pc 000000000010a6fc /data/storage/el1/bundle/libs/arm64/libbilog.so(077a61341bbd03f9c9920f7354bb6e8dc5a40211)
#09 pc 00000000001de740 /system/lib/ld-musl-aarch64.so.1(start+240)(8c2ca4e308a1de9ed1e6b4ccc14c7443)
Tid:55585, Name:WorkerThread
#00 pc 00000000001d9f3c /system/lib/ld-musl-aarch64.so.1(__timedwait_cp+156)(8c2ca4e308a1de9ed1e6b4ccc14c7443)
#01 pc 00000000001dc014 /system/lib/ld-musl-aarch64.so.1(pthread_cond_timedwait+172)(8c2ca4e308a1de9ed1e6b4ccc14c7443)
#02 pc 00000000000c4520 /data/storage/el1/bundle/libs/arm64/libc++_shared.so(std::__n1::condition_variable::wait(std::__n1::unique_lock<std::__n1::mutex>&)+20)(127e06750377fa33d9999ba0646387430bb00b91)
#03 pc 00000000000efa34 /data/storage/el1/bundle/libs/arm64/libbilog.so(BlockingQueue<UploadItem>::take()+92)(077a61341bbd03f9c9920f7354bb6e8dc5a40211)
#04 pc 00000000000ef094 /data/storage/el1/bundle/libs/arm64/libbilog.so(LogUploadQueueImpl::run_body()+92)(077a61341bbd03f9c9920f7354bb6e8dc5a40211)
#05 pc 00000000000fadc8 /data/storage/el1/bundle/libs/arm64/libbilog.so(077a61341bbd03f9c9920f7354bb6e8dc5a40211)
#06 pc 00000000000fad48 /data/storage/el1/bundle/libs/arm64/libbilog.so(077a61341bbd03f9c9920f7354bb6e8dc5a40211)
#07 pc 00000000000faacc /data/storage/el1/bundle/libs/arm64/libbilog.so(077a61341bbd03f9c9920f7354bb6e8dc5a40211)
#08 pc 00000000001de740 /system/lib/ld-musl-aarch64.so.1(start+240)(8c2ca4e308a1de9ed1e6b4ccc14c7443)
Tid:55586, Name:WorkerThread
#00 pc 00000000001bdd64 /system/lib/ld-musl-aarch64.so.1(poll+124)(8c2ca4e308a1de9ed1e6b4ccc14c7443)
#01 pc 000000000019d97c /data/storage/el1/bundle/libs/arm64/libbilog.so(LinuxDirectoryMonitorStrategy::run()+1324)(077a61341bbd03f9c9920f7354bb6e8dc5a40211)
#02 pc 000000000019a274 /data/storage/el1/bundle/libs/arm64/libbilog.so(077a61341bbd03f9c9920f7354bb6e8dc5a40211)
#03 pc 000000000019a1f4 /data/storage/el1/bundle/libs/arm64/libbilog.so(077a61341bbd03f9c9920f7354bb6e8dc5a40211)
#04 pc 000000000019a1d0 /data/storage/el1/bundle/libs/arm64/libbilog.so(077a61341bbd03f9c9920f7354bb6e8dc5a40211)
#05 pc 0000000000199fa8 /data/storage/el1/bundle/libs/arm64/libbilog.so(077a61341bbd03f9c9920f7354bb6e8dc5a40211)
#06 pc 00000000001de740 /system/lib/ld-musl-aarch64.so.1(start+240)(8c2ca4e308a1de9ed1e6b4ccc14c7443)
Tid:55593, Name:OS_IPC_2_55593
#00 pc 0000000000197768 /system/lib/ld-musl-aarch64.so.1(ioctl+172)(8c2ca4e308a1de9ed1e6b4ccc14c7443)
#01 pc 000000000000f0ac /system/lib64/platformsdk/libipc_common.z.so(OHOS::BinderConnector::WriteBinder(unsigned long, void*)+120)(21def93073c96c4161bfa61b948c2957)
#02 pc 0000000000074934 /system/lib64/platformsdk/libipc_single.z.so(OHOS::BinderInvoker::TransactWithDriver(bool)+284)(5a12a4b7e05d71d18ea20b9f1e1aed8a)
#03 pc 0000000000074d24 /system/lib64/platformsdk/libipc_single.z.so(OHOS::BinderInvoker::StartWorkLoop()+100)(5a12a4b7e05d71d18ea20b9f1e1aed8a)
#04 pc 0000000000077958 /system/lib64/platformsdk/libipc_single.z.so(OHOS::BinderInvoker::JoinThread(bool)+80)(5a12a4b7e05d71d18ea20b9f1e1aed8a)
#05 pc 000000000006c248 /system/lib64/platformsdk/libipc_single.z.so(OHOS::IPCWorkThread::ThreadHandler(void*)+1056)(5a12a4b7e05d71d18ea20b9f1e1aed8a)
#06 pc 00000000001de740 /system/lib/ld-musl-aarch64.so.1(start+240)(8c2ca4e308a1de9ed1e6b4ccc14c7443)
Tid:55595, Name:OS_MainDisplayS
#00 pc 00000000001777c0 /system/lib/ld-musl-aarch64.so.1(epoll_wait+84)(8c2ca4e308a1de9ed1e6b4ccc14c7443)
#01 pc 000000000002fab0 /system/lib64/chipset-sdk-sp/libeventhandler.z.so(OHOS::AppExecFwk::EpollIoWaiter::WaitFor(OHOS::AppExecFwk::UniqueLockBase&, long, bool)+276)(8ab952cee05d2ecabf3a7380e0e9fe52)
#02 pc 000000000001a448 /system/lib64/chipset-sdk-sp/libeventhandler.z.so(OHOS::AppExecFwk::EventQueueBase::GetEvent()+1912)(8ab952cee05d2ecabf3a7380e0e9fe52)
#03 pc 00000000000215c8 /system/lib64/chipset-sdk-sp/libeventhandler.z.so(OHOS::AppExecFwk::(anonymous namespace)::EventRunnerImpl::Run()+820)(8ab952cee05d2ecabf3a7380e0e9fe52)
#04 pc 0000000000020b14 /system/lib64/chipset-sdk-sp/libeventhandler.z.so(OHOS::AppExecFwk::(anonymous namespace)::EventRunnerImpl::ThreadMain(std::__h::weak_ptr<OHOS::AppExecFwk::(anonymous namespace)::EventRunnerImpl> const&) (.cfi)+264)(8ab952cee05d2ecabf3a7380e0e9fe52)
#05 pc 00000000000407f0 /system/lib64/chipset-sdk-sp/libeventhandler.z.so(8ab952cee05d2ecabf3a7380e0e9fe52)
#06 pc 00000000001de740 /system/lib/ld-musl-aarch64.so.1(start+240)(8c2ca4e308a1de9ed1e6b4ccc14c7443)
Tid:55596, Name:OS_IPC_3_55596
#00 pc 0000000000197768 /system/lib/ld-musl-aarch64.so.1(ioctl+172)(8c2ca4e308a1de9ed1e6b4ccc14c7443)
#01 pc 000000000000f0ac /system/lib64/platformsdk/libipc_common.z.so(OHOS::BinderConnector::WriteBinder(unsigned long, void*)+120)(21def93073c96c4161bfa61b948c2957)
#02 pc 0000000000074934 /system/lib64/platformsdk/libipc_single.z.so(OHOS::BinderInvoker::TransactWithDriver(bool)+284)(5a12a4b7e05d71d18ea20b9f1e1aed8a)
#03 pc 0000000000074d24 /system/lib64/platformsdk/libipc_single.z.so(OHOS::BinderInvoker::StartWorkLoop()+100)(5a12a4b7e05d71d18ea20b9f1e1aed8a)
#04 pc 0000000000077958 /system/lib64/platformsdk/libipc_single.z.so(OHOS::BinderInvoker::JoinThread(bool)+80)(5a12a4b7e05d71d18ea20b9f1e1aed8a)
#05 pc 000000000006c248 /system/lib64/platformsdk/libipc_single.z.so(OHOS::IPCWorkThread::ThreadHandler(void*)+1056)(5a12a4b7e05d71d18ea20b9f1e1aed8a)
#06 pc 00000000001de740 /system/lib/ld-musl-aarch64.so.1(start+240)(8c2ca4e308a1de9ed1e6b4ccc14c7443)
Tid:55602, Name:RNOH_JS
#00 pc 0000000000177714 /system/lib/ld-musl-aarch64.so.1(epoll_pwait+88)(8c2ca4e308a1de9ed1e6b4ccc14c7443)
#01 pc 000000000002f4e0 /system/lib64/platformsdk/libuv.so(uv__io_poll+608)(dd4ce8a088606e6444f0dceac8540868)
#02 pc 000000000001b7e4 /system/lib64/platformsdk/libuv.so(uv_run+888)(dd4ce8a088606e6444f0dceac8540868)
#03 pc 00000000003465fc /data/storage/el1/bundle/libs/arm64/librnoh_core.so(rnoh::uv::EventLoop::run() const+28)(24ddd36a9a0cc1cc52a08291f31514f635cf0edc)
#04 pc 0000000000345770 /data/storage/el1/bundle/libs/arm64/librnoh_core.so(24ddd36a9a0cc1cc52a08291f31514f635cf0edc)
#05 pc 00000000003456c4 /data/storage/el1/bundle/libs/arm64/librnoh_core.so(24ddd36a9a0cc1cc52a08291f31514f635cf0edc)
#06 pc 0000000000345678 /data/storage/el1/bundle/libs/arm64/librnoh_core.so(24ddd36a9a0cc1cc52a08291f31514f635cf0edc)
#07 pc 0000000000345410 /data/storage/el1/bundle/libs/arm64/librnoh_core.so(24ddd36a9a0cc1cc52a08291f31514f635cf0edc)
#08 pc 00000000001de740 /system/lib/ld-musl-aarch64.so.1(start+240)(8c2ca4e308a1de9ed1e6b4ccc14c7443)
Tid:55603, Name:e.cloudmusic.hm
#00 pc 00000000001d9f3c /system/lib/ld-musl-aarch64.so.1(__timedwait_cp+156)(8c2ca4e308a1de9ed1e6b4ccc14c7443)
#01 pc 00000000001dc014 /system/lib/ld-musl-aarch64.so.1(pthread_cond_timedwait+172)(8c2ca4e308a1de9ed1e6b4ccc14c7443)
#02 pc 0000000000266ff4 /data/storage/el1/bundle/libs/arm64/libMNN.so(std::__n1::condition_variable::wait(std::__n1::unique_lock<std::__n1::mutex>&)+20)(936a90dd012a2dd1762ccc05981b79028628e415)
#03 pc 00000000000d8ee4 /data/storage/el1/bundle/libs/arm64/librnoh_videoplayer.so(d3d46a53bd9170675a2ee4cf0548e08fd12da3d8)
#04 pc 00000000000d8d38 /data/storage/el1/bundle/libs/arm64/librnoh_videoplayer.so(d3d46a53bd9170675a2ee4cf0548e08fd12da3d8)
#05 pc 00000000000da108 /data/storage/el1/bundle/libs/arm64/librnoh_videoplayer.so(d3d46a53bd9170675a2ee4cf0548e08fd12da3d8)
#06 pc 00000000000da0b8 /data/storage/el1/bundle/libs/arm64/librnoh_videoplayer.so(d3d46a53bd9170675a2ee4cf0548e08fd12da3d8)
#07 pc 00000000000da094 /data/storage/el1/bundle/libs/arm64/librnoh_videoplayer.so(d3d46a53bd9170675a2ee4cf0548e08fd12da3d8)
#08 pc 00000000000d9e6c /data/storage/el1/bundle/libs/arm64/librnoh_videoplayer.so(d3d46a53bd9170675a2ee4cf0548e08fd12da3d8)
#09 pc 00000000001de740 /system/lib/ld-musl-aarch64.so.1(start+240)(8c2ca4e308a1de9ed1e6b4ccc14c7443)
Tid:55604, Name:hades
#00 pc 00000000001d9f3c /system/lib/ld-musl-aarch64.so.1(__timedwait_cp+156)(8c2ca4e308a1de9ed1e6b4ccc14c7443)
#01 pc 00000000001dc014 /system/lib/ld-musl-aarch64.so.1(pthread_cond_timedwait+172)(8c2ca4e308a1de9ed1e6b4ccc14c7443)
#02 pc 0000000000266ff4 /data/storage/el1/bundle/libs/arm64/libMNN.so(std::__n1::condition_variable::wait(std::__n1::unique_lock<std::__n1::mutex>&)+20)(936a90dd012a2dd1762ccc05981b79028628e415)
#03 pc 000000000027e12c /data/storage/el1/bundle/libs/arm64/libhermesvm.so(fd2b5f86fc10b74fc5642176e83625d2ffff4d89)
#04 pc 000000000027e07c /data/storage/el1/bundle/libs/arm64/libhermesvm.so(fd2b5f86fc10b74fc5642176e83625d2ffff4d89)
#05 pc 00000000001de740 /system/lib/ld-musl-aarch64.so.1(start+240)(8c2ca4e308a1de9ed1e6b4ccc14c7443)
Tid:55605, Name:OS_VSyncThread
#00 pc 00000000001777c0 /system/lib/ld-musl-aarch64.so.1(epoll_wait+84)(8c2ca4e308a1de9ed1e6b4ccc14c7443)
#01 pc 000000000002fab0 /system/lib64/chipset-sdk-sp/libeventhandler.z.so(OHOS::AppExecFwk::EpollIoWaiter::WaitFor(OHOS::AppExecFwk::UniqueLockBase&, long, bool)+276)(8ab952cee05d2ecabf3a7380e0e9fe52)
#02 pc 000000000001a448 /system/lib64/chipset-sdk-sp/libeventhandler.z.so(OHOS::AppExecFwk::EventQueueBase::GetEvent()+1912)(8ab952cee05d2ecabf3a7380e0e9fe52)
#03 pc 00000000000215c8 /system/lib64/chipset-sdk-sp/libeventhandler.z.so(OHOS::AppExecFwk::(anonymous namespace)::EventRunnerImpl::Run()+820)(8ab952cee05d2ecabf3a7380e0e9fe52)
#04 pc 0000000000020b14 /system/lib64/chipset-sdk-sp/libeventhandler.z.so(OHOS::AppExecFwk::(anonymous namespace)::EventRunnerImpl::ThreadMain(std::__h::weak_ptr<OHOS::AppExecFwk::(anonymous namespace)::EventRunnerImpl> const&) (.cfi)+264)(8ab952cee05d2ecabf3a7380e0e9fe52)
#05 pc 00000000000407f0 /system/lib64/chipset-sdk-sp/libeventhandler.z.so(8ab952cee05d2ecabf3a7380e0e9fe52)
#06 pc 00000000001de740 /system/lib/ld-musl-aarch64.so.1(start+240)(8c2ca4e308a1de9ed1e6b4ccc14c7443)
Tid:55607, Name:TaskSchedulerSe
#00 pc 00000000001777c0 /system/lib/ld-musl-aarch64.so.1(epoll_wait+84)(8c2ca4e308a1de9ed1e6b4ccc14c7443)
#01 pc 000000000055dc7c /data/storage/el1/bundle/libs/arm64/libbase.so(05b2d6f689eab7ccb2b3a8c458b88788eab2c4e7)
#02 pc 0000000000559340 /data/storage/el1/bundle/libs/arm64/libbase.so(05b2d6f689eab7ccb2b3a8c458b88788eab2c4e7)
#03 pc 000000000054b024 /data/storage/el1/bundle/libs/arm64/libbase.so(base::MessagePumpLibevent::Run(base::MessagePump::Delegate*)+680)(05b2d6f689eab7ccb2b3a8c458b88788eab2c4e7)
#04 pc 00000000002b4204 /data/storage/el1/bundle/libs/arm64/libbase.so(base::MessageLoopImpl::Run(bool)+440)(05b2d6f689eab7ccb2b3a8c458b88788eab2c4e7)
#05 pc 00000000003480a0 /data/storage/el1/bundle/libs/arm64/libbase.so(base::RunLoop::Run()+472)(05b2d6f689eab7ccb2b3a8c458b88788eab2c4e7)
#06 pc 00000000004594d8 /data/storage/el1/bundle/libs/arm64/libbase.so(base::Thread::Run(base::RunLoop*)+324)(05b2d6f689eab7ccb2b3a8c458b88788eab2c4e7)
#07 pc 000000000042c51c /data/storage/el1/bundle/libs/arm64/libbase.so(base::internal::ServiceThread::Run(base::RunLoop*)+60)(05b2d6f689eab7ccb2b3a8c458b88788eab2c4e7)
#08 pc 0000000000459b8c /data/storage/el1/bundle/libs/arm64/libbase.so(base::Thread::ThreadMain()+908)(05b2d6f689eab7ccb2b3a8c458b88788eab2c4e7)
#09 pc 000000000053842c /data/storage/el1/bundle/libs/arm64/libbase.so(05b2d6f689eab7ccb2b3a8c458b88788eab2c4e7)
#10 pc 00000000001de740 /system/lib/ld-musl-aarch64.so.1(start+240)(8c2ca4e308a1de9ed1e6b4ccc14c7443)
Tid:55608, Name:TaskSchedulerFo
#00 pc 00000000001d9f3c /system/lib/ld-musl-aarch64.so.1(__timedwait_cp+156)(8c2ca4e308a1de9ed1e6b4ccc14c7443)
#01 pc 00000000001dc014 /system/lib/ld-musl-aarch64.so.1(pthread_cond_timedwait+172)(8c2ca4e308a1de9ed1e6b4ccc14c7443)
#02 pc 000000000052c264 /data/storage/el1/bundle/libs/arm64/libbase.so(base::ConditionVariable::TimedWait(base::TimeDelta const&)+404)(05b2d6f689eab7ccb2b3a8c458b88788eab2c4e7)
#03 pc 000000000052db04 /data/storage/el1/bundle/libs/arm64/libbase.so(base::WaitableEvent::TimedWaitUntil(base::TimeTicks const&)+612)(05b2d6f689eab7ccb2b3a8c458b88788eab2c4e7)
#04 pc 000000000052dbd4 /data/storage/el1/bundle/libs/arm64/libbase.so(base::WaitableEvent::TimedWait(base::TimeDelta const&)+96)(05b2d6f689eab7ccb2b3a8c458b88788eab2c4e7)
#05 pc 0000000000418268 /data/storage/el1/bundle/libs/arm64/libbase.so(base::internal::SchedulerWorker::Delegate::WaitForWork(base::WaitableEvent*)+252)(05b2d6f689eab7ccb2b3a8c458b88788eab2c4e7)
#06 pc 0000000000419c94 /data/storage/el1/bundle/libs/arm64/libbase.so(base::internal::SchedulerWorker::RunWorker()+920)(05b2d6f689eab7ccb2b3a8c458b88788eab2c4e7)
#07 pc 00000000004197e0 /data/storage/el1/bundle/libs/arm64/libbase.so(base::internal::SchedulerWorker::RunPooledWorker()+52)(05b2d6f689eab7ccb2b3a8c458b88788eab2c4e7)
#08 pc 0000000000419608 /data/storage/el1/bundle/libs/arm64/libbase.so(base::internal::SchedulerWorker::ThreadMain()+256)(05b2d6f689eab7ccb2b3a8c458b88788eab2c4e7)
#09 pc 000000000053842c /data/storage/el1/bundle/libs/arm64/libbase.so(05b2d6f689eab7ccb2b3a8c458b88788eab2c4e7)
#10 pc 00000000001de740 /system/lib/ld-musl-aarch64.so.1(start+240)(8c2ca4e308a1de9ed1e6b4ccc14c7443)
Tid:55610, Name:TaskSchedulerFo
#00 pc 00000000001d9f3c /system/lib/ld-musl-aarch64.so.1(__timedwait_cp+156)(8c2ca4e308a1de9ed1e6b4ccc14c7443)
#01 pc 00000000001dc014 /system/lib/ld-musl-aarch64.so.1(pthread_cond_timedwait+172)(8c2ca4e308a1de9ed1e6b4ccc14c7443)
#02 pc 000000000052c264 /data/storage/el1/bundle/libs/arm64/libbase.so(base::ConditionVariable::TimedWait(base::TimeDelta const&)+404)(05b2d6f689eab7ccb2b3a8c458b88788eab2c4e7)
#03 pc 000000000052db04 /data/storage/el1/bundle/libs/arm64/libbase.so(base::WaitableEvent::TimedWaitUntil(base::TimeTicks const&)+612)(05b2d6f689eab7ccb2b3a8c458b88788eab2c4e7)
#04 pc 000000000052dbd4 /data/storage/el1/bundle/libs/arm64/libbase.so(base::WaitableEvent::TimedWait(base::TimeDelta const&)+96)(05b2d6f689eab7ccb2b3a8c458b88788eab2c4e7)
#05 pc 0000000000418268 /data/storage/el1/bundle/libs/arm64/libbase.so(base::internal::SchedulerWorker::Delegate::WaitForWork(base::WaitableEvent*)+252)(05b2d6f689eab7ccb2b3a8c458b88788eab2c4e7)
#06 pc 0000000000419b38 /data/storage/el1/bundle/libs/arm64/libbase.so(base::internal::SchedulerWorker::RunWorker()+572)(05b2d6f689eab7ccb2b3a8c458b88788eab2c4e7)
#07 pc 00000000004197e0 /data/storage/el1/bundle/libs/arm64/libbase.so(base::internal::SchedulerWorker::RunPooledWorker()+52)(05b2d6f689eab7ccb2b3a8c458b88788eab2c4e7)
#08 pc 0000000000419608 /data/storage/el1/bundle/libs/arm64/libbase.so(base::internal::SchedulerWorker::ThreadMain()+256)(05b2d6f689eab7ccb2b3a8c458b88788eab2c4e7)
#09 pc 000000000053842c /data/storage/el1/bundle/libs/arm64/libbase.so(05b2d6f689eab7ccb2b3a8c458b88788eab2c4e7)
#10 pc 00000000001de740 /system/lib/ld-musl-aarch64.so.1(start+240)(8c2ca4e308a1de9ed1e6b4ccc14c7443)
Tid:55611, Name:net_main
#00 pc 00000000001d9f3c /system/lib/ld-musl-aarch64.so.1(__timedwait_cp+156)(8c2ca4e308a1de9ed1e6b4ccc14c7443)
#01 pc 00000000001dc014 /system/lib/ld-musl-aarch64.so.1(pthread_cond_timedwait+172)(8c2ca4e308a1de9ed1e6b4ccc14c7443)
#02 pc 000000000052c264 /data/storage/el1/bundle/libs/arm64/libbase.so(base::ConditionVariable::TimedWait(base::TimeDelta const&)+404)(05b2d6f689eab7ccb2b3a8c458b88788eab2c4e7)
#03 pc 000000000052db04 /data/storage/el1/bundle/libs/arm64/libbase.so(base::WaitableEvent::TimedWaitUntil(base::TimeTicks const&)+612)(05b2d6f689eab7ccb2b3a8c458b88788eab2c4e7)
#04 pc 00000000002bd938 /data/storage/el1/bundle/libs/arm64/libbase.so(base::MessagePumpDefault::Run(base::MessagePump::Delegate*)+324)(05b2d6f689eab7ccb2b3a8c458b88788eab2c4e7)
#05 pc 00000000002b4204 /data/storage/el1/bundle/libs/arm64/libbase.so(base::MessageLoopImpl::Run(bool)+440)(05b2d6f689eab7ccb2b3a8c458b88788eab2c4e7)
#06 pc 00000000003480a0 /data/storage/el1/bundle/libs/arm64/libbase.so(base::RunLoop::Run()+472)(05b2d6f689eab7ccb2b3a8c458b88788eab2c4e7)
#07 pc 00000000004594d8 /data/storage/el1/bundle/libs/arm64/libbase.so(base::Thread::Run(base::RunLoop*)+324)(05b2d6f689eab7ccb2b3a8c458b88788eab2c4e7)
#08 pc 0000000000459b8c /data/storage/el1/bundle/libs/arm64/libbase.so(base::Thread::ThreadMain()+908)(05b2d6f689eab7ccb2b3a8c458b88788eab2c4e7)
#09 pc 000000000053842c /data/storage/el1/bundle/libs/arm64/libbase.so(05b2d6f689eab7ccb2b3a8c458b88788eab2c4e7)
#10 pc 00000000001de740 /system/lib/ld-musl-aarch64.so.1(start+240)(8c2ca4e308a1de9ed1e6b4ccc14c7443)
Tid:55612, Name:net_io
#00 pc 00000000001d9f3c /system/lib/ld-musl-aarch64.so.1(__timedwait_cp+156)(8c2ca4e308a1de9ed1e6b4ccc14c7443)
#01 pc 00000000001dc014 /system/lib/ld-musl-aarch64.so.1(pthread_cond_timedwait+172)(8c2ca4e308a1de9ed1e6b4ccc14c7443)
#02 pc 000000000052bf84 /data/storage/el1/bundle/libs/arm64/libbase.so(base::ConditionVariable::Wait()+108)(05b2d6f689eab7ccb2b3a8c458b88788eab2c4e7)
#03 pc 000000000052db14 /data/storage/el1/bundle/libs/arm64/libbase.so(base::WaitableEvent::TimedWaitUntil(base::TimeTicks const&)+628)(05b2d6f689eab7ccb2b3a8c458b88788eab2c4e7)
#04 pc 000000000052d7c8 /data/storage/el1/bundle/libs/arm64/libbase.so(base::WaitableEvent::Wait()+64)(05b2d6f689eab7ccb2b3a8c458b88788eab2c4e7)
#05 pc 00000000002bd924 /data/storage/el1/bundle/libs/arm64/libbase.so(base::MessagePumpDefault::Run(base::MessagePump::Delegate*)+304)(05b2d6f689eab7ccb2b3a8c458b88788eab2c4e7)
#06 pc 00000000002b4204 /data/storage/el1/bundle/libs/arm64/libbase.so(base::MessageLoopImpl::Run(bool)+440)(05b2d6f689eab7ccb2b3a8c458b88788eab2c4e7)
#07 pc 00000000003480a0 /data/storage/el1/bundle/libs/arm64/libbase.so(base::RunLoop::Run()+472)(05b2d6f689eab7ccb2b3a8c458b88788eab2c4e7)
#08 pc 00000000004594d8 /data/storage/el1/bundle/libs/arm64/libbase.so(base::Thread::Run(base::RunLoop*)+324)(05b2d6f689eab7ccb2b3a8c458b88788eab2c4e7)
#09 pc 0000000000459b8c /data/storage/el1/bundle/libs/arm64/libbase.so(base::Thread::ThreadMain()+908)(05b2d6f689eab7ccb2b3a8c458b88788eab2c4e7)
#10 pc 000000000053842c /data/storage/el1/bundle/libs/arm64/libbase.so(05b2d6f689eab7ccb2b3a8c458b88788eab2c4e7)
#11 pc 00000000001de740 /system/lib/ld-musl-aarch64.so.1(start+240)(8c2ca4e308a1de9ed1e6b4ccc14c7443)
Tid:55613, Name:TaskSchedulerSe
#00 pc 00000000001777c0 /system/lib/ld-musl-aarch64.so.1(epoll_wait+84)(8c2ca4e308a1de9ed1e6b4ccc14c7443)
#01 pc 000000000067f92c /data/storage/el1/bundle/libs/arm64/libnetwork_strategy_sdk.so(f47e92e0188a5add5be9385ca4f4c73c5ff66332)
#02 pc 000000000067aff0 /data/storage/el1/bundle/libs/arm64/libnetwork_strategy_sdk.so(f47e92e0188a5add5be9385ca4f4c73c5ff66332)
#03 pc 0000000000612434 /data/storage/el1/bundle/libs/arm64/libnetwork_strategy_sdk.so(f47e92e0188a5add5be9385ca4f4c73c5ff66332)
#04 pc 00000000004d5440 /data/storage/el1/bundle/libs/arm64/libnetwork_strategy_sdk.so(f47e92e0188a5add5be9385ca4f4c73c5ff66332)
#05 pc 000000000051c12c /data/storage/el1/bundle/libs/arm64/libnetwork_strategy_sdk.so(f47e92e0188a5add5be9385ca4f4c73c5ff66332)
#06 pc 00000000005b9200 /data/storage/el1/bundle/libs/arm64/libnetwork_strategy_sdk.so(f47e92e0188a5add5be9385ca4f4c73c5ff66332)
#07 pc 000000000059a07c /data/storage/el1/bundle/libs/arm64/libnetwork_strategy_sdk.so(f47e92e0188a5add5be9385ca4f4c73c5ff66332)
#08 pc 00000000005b9608 /data/storage/el1/bundle/libs/arm64/libnetwork_strategy_sdk.so(f47e92e0188a5add5be9385ca4f4c73c5ff66332)
#09 pc 00000000006113e8 /data/storage/el1/bundle/libs/arm64/libnetwork_strategy_sdk.so(f47e92e0188a5add5be9385ca4f4c73c5ff66332)
#10 pc 00000000001de740 /system/lib/ld-musl-aarch64.so.1(start+240)(8c2ca4e308a1de9ed1e6b4ccc14c7443)
Tid:55614, Name:TaskSchedulerFo
#00 pc 00000000001d9f3c /system/lib/ld-musl-aarch64.so.1(__timedwait_cp+156)(8c2ca4e308a1de9ed1e6b4ccc14c7443)
#01 pc 00000000001dc014 /system/lib/ld-musl-aarch64.so.1(pthread_cond_timedwait+172)(8c2ca4e308a1de9ed1e6b4ccc14c7443)
#02 pc 000000000060c80c /data/storage/el1/bundle/libs/arm64/libnetwork_strategy_sdk.so(f47e92e0188a5add5be9385ca4f4c73c5ff66332)
#03 pc 000000000060e0ac /data/storage/el1/bundle/libs/arm64/libnetwork_strategy_sdk.so(f47e92e0188a5add5be9385ca4f4c73c5ff66332)
#04 pc 000000000060e17c /data/storage/el1/bundle/libs/arm64/libnetwork_strategy_sdk.so(f47e92e0188a5add5be9385ca4f4c73c5ff66332)
#05 pc 0000000000586c18 /data/storage/el1/bundle/libs/arm64/libnetwork_strategy_sdk.so(f47e92e0188a5add5be9385ca4f4c73c5ff66332)
#06 pc 0000000000588458 /data/storage/el1/bundle/libs/arm64/libnetwork_strategy_sdk.so(f47e92e0188a5add5be9385ca4f4c73c5ff66332)
#07 pc 0000000000588100 /data/storage/el1/bundle/libs/arm64/libnetwork_strategy_sdk.so(f47e92e0188a5add5be9385ca4f4c73c5ff66332)
#08 pc 0000000000587f28 /data/storage/el1/bundle/libs/arm64/libnetwork_strategy_sdk.so(f47e92e0188a5add5be9385ca4f4c73c5ff66332)
#09 pc 00000000006113e8 /data/storage/el1/bundle/libs/arm64/libnetwork_strategy_sdk.so(f47e92e0188a5add5be9385ca4f4c73c5ff66332)
#10 pc 00000000001de740 /system/lib/ld-musl-aarch64.so.1(start+240)(8c2ca4e308a1de9ed1e6b4ccc14c7443)
Tid:55615, Name:TaskSchedulerFo
#00 pc 00000000001d9f3c /system/lib/ld-musl-aarch64.so.1(__timedwait_cp+156)(8c2ca4e308a1de9ed1e6b4ccc14c7443)
#01 pc 00000000001dc014 /system/lib/ld-musl-aarch64.so.1(pthread_cond_timedwait+172)(8c2ca4e308a1de9ed1e6b4ccc14c7443)
#02 pc 000000000060c80c /data/storage/el1/bundle/libs/arm64/libnetwork_strategy_sdk.so(f47e92e0188a5add5be9385ca4f4c73c5ff66332)
#03 pc 000000000060e0ac /data/storage/el1/bundle/libs/arm64/libnetwork_strategy_sdk.so(f47e92e0188a5add5be9385ca4f4c73c5ff66332)
#04 pc 000000000060e17c /data/storage/el1/bundle/libs/arm64/libnetwork_strategy_sdk.so(f47e92e0188a5add5be9385ca4f4c73c5ff66332)
#05 pc 0000000000586c18 /data/storage/el1/bundle/libs/arm64/libnetwork_strategy_sdk.so(f47e92e0188a5add5be9385ca4f4c73c5ff66332)
#06 pc 00000000005885b4 /data/storage/el1/bundle/libs/arm64/libnetwork_strategy_sdk.so(f47e92e0188a5add5be9385ca4f4c73c5ff66332)
#07 pc 0000000000588100 /data/storage/el1/bundle/libs/arm64/libnetwork_strategy_sdk.so(f47e92e0188a5add5be9385ca4f4c73c5ff66332)
#08 pc 0000000000587f28 /data/storage/el1/bundle/libs/arm64/libnetwork_strategy_sdk.so(f47e92e0188a5add5be9385ca4f4c73c5ff66332)
#09 pc 00000000006113e8 /data/storage/el1/bundle/libs/arm64/libnetwork_strategy_sdk.so(f47e92e0188a5add5be9385ca4f4c73c5ff66332)
#10 pc 00000000001de740 /system/lib/ld-musl-aarch64.so.1(start+240)(8c2ca4e308a1de9ed1e6b4ccc14c7443)
Tid:55616, Name:NetworkStrategy
#00 pc 00000000001d9f3c /system/lib/ld-musl-aarch64.so.1(__timedwait_cp+156)(8c2ca4e308a1de9ed1e6b4ccc14c7443)
#01 pc 00000000001dc014 /system/lib/ld-musl-aarch64.so.1(pthread_cond_timedwait+172)(8c2ca4e308a1de9ed1e6b4ccc14c7443)
#02 pc 000000000060c80c /data/storage/el1/bundle/libs/arm64/libnetwork_strategy_sdk.so(f47e92e0188a5add5be9385ca4f4c73c5ff66332)
#03 pc 000000000060e0ac /data/storage/el1/bundle/libs/arm64/libnetwork_strategy_sdk.so(f47e92e0188a5add5be9385ca4f4c73c5ff66332)
#04 pc 00000000004de520 /data/storage/el1/bundle/libs/arm64/libnetwork_strategy_sdk.so(f47e92e0188a5add5be9385ca4f4c73c5ff66332)
#05 pc 00000000004d5440 /data/storage/el1/bundle/libs/arm64/libnetwork_strategy_sdk.so(f47e92e0188a5add5be9385ca4f4c73c5ff66332)
#06 pc 000000000051c12c /data/storage/el1/bundle/libs/arm64/libnetwork_strategy_sdk.so(f47e92e0188a5add5be9385ca4f4c73c5ff66332)
#07 pc 00000000005b9200 /data/storage/el1/bundle/libs/arm64/libnetwork_strategy_sdk.so(f47e92e0188a5add5be9385ca4f4c73c5ff66332)
#08 pc 00000000005b9608 /data/storage/el1/bundle/libs/arm64/libnetwork_strategy_sdk.so(f47e92e0188a5add5be9385ca4f4c73c5ff66332)
#09 pc 00000000006113e8 /data/storage/el1/bundle/libs/arm64/libnetwork_strategy_sdk.so(f47e92e0188a5add5be9385ca4f4c73c5ff66332)
#10 pc 00000000001de740 /system/lib/ld-musl-aarch64.so.1(start+240)(8c2ca4e308a1de9ed1e6b4ccc14c7443)
Tid:55617, Name:httpdns_thread
#00 pc 00000000001d9f3c /system/lib/ld-musl-aarch64.so.1(__timedwait_cp+156)(8c2ca4e308a1de9ed1e6b4ccc14c7443)
#01 pc 00000000001dc014 /system/lib/ld-musl-aarch64.so.1(pthread_cond_timedwait+172)(8c2ca4e308a1de9ed1e6b4ccc14c7443)
#02 pc 000000000060c52c /data/storage/el1/bundle/libs/arm64/libnetwork_strategy_sdk.so(f47e92e0188a5add5be9385ca4f4c73c5ff66332)
#03 pc 000000000060e0bc /data/storage/el1/bundle/libs/arm64/libnetwork_strategy_sdk.so(f47e92e0188a5add5be9385ca4f4c73c5ff66332)
#04 pc 000000000060dd70 /data/storage/el1/bundle/libs/arm64/libnetwork_strategy_sdk.so(f47e92e0188a5add5be9385ca4f4c73c5ff66332)
#05 pc 00000000004de50c /data/storage/el1/bundle/libs/arm64/libnetwork_strategy_sdk.so(f47e92e0188a5add5be9385ca4f4c73c5ff66332)
#06 pc 00000000004d5440 /data/storage/el1/bundle/libs/arm64/libnetwork_strategy_sdk.so(f47e92e0188a5add5be9385ca4f4c73c5ff66332)
#07 pc 000000000051c12c /data/storage/el1/bundle/libs/arm64/libnetwork_strategy_sdk.so(f47e92e0188a5add5be9385ca4f4c73c5ff66332)
#08 pc 00000000005b9200 /data/storage/el1/bundle/libs/arm64/libnetwork_strategy_sdk.so(f47e92e0188a5add5be9385ca4f4c73c5ff66332)
#09 pc 00000000005b9608 /data/storage/el1/bundle/libs/arm64/libnetwork_strategy_sdk.so(f47e92e0188a5add5be9385ca4f4c73c5ff66332)
#10 pc 00000000006113e8 /data/storage/el1/bundle/libs/arm64/libnetwork_strategy_sdk.so(f47e92e0188a5add5be9385ca4f4c73c5ff66332)
#11 pc 00000000001de740 /system/lib/ld-musl-aarch64.so.1(start+240)(8c2ca4e308a1de9ed1e6b4ccc14c7443)
Tid:55618, Name:httpdns_file_th
#00 pc 00000000001d9f3c /system/lib/ld-musl-aarch64.so.1(__timedwait_cp+156)(8c2ca4e308a1de9ed1e6b4ccc14c7443)
#01 pc 00000000001dc014 /system/lib/ld-musl-aarch64.so.1(pthread_cond_timedwait+172)(8c2ca4e308a1de9ed1e6b4ccc14c7443)
#02 pc 000000000060c80c /data/storage/el1/bundle/libs/arm64/libnetwork_strategy_sdk.so(f47e92e0188a5add5be9385ca4f4c73c5ff66332)
#03 pc 000000000060e0ac /data/storage/el1/bundle/libs/arm64/libnetwork_strategy_sdk.so(f47e92e0188a5add5be9385ca4f4c73c5ff66332)
#04 pc 00000000004de520 /data/storage/el1/bundle/libs/arm64/libnetwork_strategy_sdk.so(f47e92e0188a5add5be9385ca4f4c73c5ff66332)
#05 pc 00000000004d5440 /data/storage/el1/bundle/libs/arm64/libnetwork_strategy_sdk.so(f47e92e0188a5add5be9385ca4f4c73c5ff66332)
#06 pc 000000000051c12c /data/storage/el1/bundle/libs/arm64/libnetwork_strategy_sdk.so(f47e92e0188a5add5be9385ca4f4c73c5ff66332)
#07 pc 00000000005b9200 /data/storage/el1/bundle/libs/arm64/libnetwork_strategy_sdk.so(f47e92e0188a5add5be9385ca4f4c73c5ff66332)
#08 pc 00000000005b9608 /data/storage/el1/bundle/libs/arm64/libnetwork_strategy_sdk.so(f47e92e0188a5add5be9385ca4f4c73c5ff66332)
#09 pc 00000000006113e8 /data/storage/el1/bundle/libs/arm64/libnetwork_strategy_sdk.so(f47e92e0188a5add5be9385ca4f4c73c5ff66332)
#10 pc 00000000001de740 /system/lib/ld-musl-aarch64.so.1(start+240)(8c2ca4e308a1de9ed1e6b4ccc14c7443)
Tid:55619, Name:httpdns_network
#00 pc 00000000001d9f3c /system/lib/ld-musl-aarch64.so.1(__timedwait_cp+156)(8c2ca4e308a1de9ed1e6b4ccc14c7443)
#01 pc 00000000001dc014 /system/lib/ld-musl-aarch64.so.1(pthread_cond_timedwait+172)(8c2ca4e308a1de9ed1e6b4ccc14c7443)
#02 pc 000000000060c52c /data/storage/el1/bundle/libs/arm64/libnetwork_strategy_sdk.so(f47e92e0188a5add5be9385ca4f4c73c5ff66332)
#03 pc 000000000060e0bc /data/storage/el1/bundle/libs/arm64/libnetwork_strategy_sdk.so(f47e92e0188a5add5be9385ca4f4c73c5ff66332)
#04 pc 000000000060dd70 /data/storage/el1/bundle/libs/arm64/libnetwork_strategy_sdk.so(f47e92e0188a5add5be9385ca4f4c73c5ff66332)
#05 pc 00000000004de50c /data/storage/el1/bundle/libs/arm64/libnetwork_strategy_sdk.so(f47e92e0188a5add5be9385ca4f4c73c5ff66332)
#06 pc 00000000004d5440 /data/storage/el1/bundle/libs/arm64/libnetwork_strategy_sdk.so(f47e92e0188a5add5be9385ca4f4c73c5ff66332)
#07 pc 000000000051c12c /data/storage/el1/bundle/libs/arm64/libnetwork_strategy_sdk.so(f47e92e0188a5add5be9385ca4f4c73c5ff66332)
#08 pc 00000000005b9200 /data/storage/el1/bundle/libs/arm64/libnetwork_strategy_sdk.so(f47e92e0188a5add5be9385ca4f4c73c5ff66332)
#09 pc 00000000005b9608 /data/storage/el1/bundle/libs/arm64/libnetwork_strategy_sdk.so(f47e92e0188a5add5be9385ca4f4c73c5ff66332)
#10 pc 00000000006113e8 /data/storage/el1/bundle/libs/arm64/libnetwork_strategy_sdk.so(f47e92e0188a5add5be9385ca4f4c73c5ff66332)
#11 pc 00000000001de740 /system/lib/ld-musl-aarch64.so.1(start+240)(8c2ca4e308a1de9ed1e6b4ccc14c7443)
Tid:55620, Name:e.cloudmusic.hm
#00 pc 00000000001d9f3c /system/lib/ld-musl-aarch64.so.1(__timedwait_cp+156)(8c2ca4e308a1de9ed1e6b4ccc14c7443)
#01 pc 00000000001dc014 /system/lib/ld-musl-aarch64.so.1(pthread_cond_timedwait+172)(8c2ca4e308a1de9ed1e6b4ccc14c7443)
#02 pc 0000000000266ff4 /data/storage/el1/bundle/libs/arm64/libMNN.so(std::__n1::condition_variable::wait(std::__n1::unique_lock<std::__n1::mutex>&)+20)(936a90dd012a2dd1762ccc05981b79028628e415)
#03 pc 00000000000ae394 /data/storage/el1/bundle/libs/arm64/libAegisSDK.so
#04 pc 00000000000aeb60 /data/storage/el1/bundle/libs/arm64/libAegisSDK.so
#05 pc 00000000001de740 /system/lib/ld-musl-aarch64.so.1(start+240)(8c2ca4e308a1de9ed1e6b4ccc14c7443)
Tid:55621, Name:e.cloudmusic.hm
#00 pc 00000000001d9f3c /system/lib/ld-musl-aarch64.so.1(__timedwait_cp+156)(8c2ca4e308a1de9ed1e6b4ccc14c7443)
#01 pc 00000000001dc014 /system/lib/ld-musl-aarch64.so.1(pthread_cond_timedwait+172)(8c2ca4e308a1de9ed1e6b4ccc14c7443)
#02 pc 00000000000928c4 /data/storage/el1/bundle/libs/arm64/libnetwork.so(9bb953e2d8e0ef14fa042d0802e3dffd8eb232f1)
#03 pc 0000000000092460 /data/storage/el1/bundle/libs/arm64/libnetwork.so(9bb953e2d8e0ef14fa042d0802e3dffd8eb232f1)
#04 pc 00000000000c5008 /data/storage/el1/bundle/libs/arm64/libnetwork.so(9bb953e2d8e0ef14fa042d0802e3dffd8eb232f1)
#05 pc 00000000000ba438 /data/storage/el1/bundle/libs/arm64/libnetwork.so(9bb953e2d8e0ef14fa042d0802e3dffd8eb232f1)
#06 pc 00000000000ba05c /data/storage/el1/bundle/libs/arm64/libnetwork.so(9bb953e2d8e0ef14fa042d0802e3dffd8eb232f1)
#07 pc 00000000000c4c90 /data/storage/el1/bundle/libs/arm64/libnetwork.so(9bb953e2d8e0ef14fa042d0802e3dffd8eb232f1)
#08 pc 00000000000c4bd0 /data/storage/el1/bundle/libs/arm64/libnetwork.so(9bb953e2d8e0ef14fa042d0802e3dffd8eb232f1)
#09 pc 00000000000c46a4 /data/storage/el1/bundle/libs/arm64/libnetwork.so(9bb953e2d8e0ef14fa042d0802e3dffd8eb232f1)
#10 pc 00000000001de740 /system/lib/ld-musl-aarch64.so.1(start+240)(8c2ca4e308a1de9ed1e6b4ccc14c7443)
Tid:55622, Name:OS_NET_HttpWork
#00 pc 00000000001777c0 /system/lib/ld-musl-aarch64.so.1(epoll_wait+84)(8c2ca4e308a1de9ed1e6b4ccc14c7443)
#01 pc 0000000000081428 /system/lib64/module/net/libhttp.z.so(e5be96b0814331432909e3d3f19f62ca)
#02 pc 00000000001de740 /system/lib/ld-musl-aarch64.so.1(start+240)(8c2ca4e308a1de9ed1e6b4ccc14c7443)
Tid:55623, Name:TaskSchedulerFo
#00 pc 00000000001d9f3c /system/lib/ld-musl-aarch64.so.1(__timedwait_cp+156)(8c2ca4e308a1de9ed1e6b4ccc14c7443)
#01 pc 00000000001dc014 /system/lib/ld-musl-aarch64.so.1(pthread_cond_timedwait+172)(8c2ca4e308a1de9ed1e6b4ccc14c7443)
#02 pc 000000000052c264 /data/storage/el1/bundle/libs/arm64/libbase.so(base::ConditionVariable::TimedWait(base::TimeDelta const&)+404)(05b2d6f689eab7ccb2b3a8c458b88788eab2c4e7)
#03 pc 000000000052db04 /data/storage/el1/bundle/libs/arm64/libbase.so(base::WaitableEvent::TimedWaitUntil(base::TimeTicks const&)+612)(05b2d6f689eab7ccb2b3a8c458b88788eab2c4e7)
#04 pc 000000000052dbd4 /data/storage/el1/bundle/libs/arm64/libbase.so(base::WaitableEvent::TimedWait(base::TimeDelta const&)+96)(05b2d6f689eab7ccb2b3a8c458b88788eab2c4e7)
#05 pc 0000000000418268 /data/storage/el1/bundle/libs/arm64/libbase.so(base::internal::SchedulerWorker::Delegate::WaitForWork(base::WaitableEvent*)+252)(05b2d6f689eab7ccb2b3a8c458b88788eab2c4e7)
#06 pc 0000000000419c94 /data/storage/el1/bundle/libs/arm64/libbase.so(base::internal::SchedulerWorker::RunWorker()+920)(05b2d6f689eab7ccb2b3a8c458b88788eab2c4e7)
#07 pc 00000000004197e0 /data/storage/el1/bundle/libs/arm64/libbase.so(base::internal::SchedulerWorker::RunPooledWorker()+52)(05b2d6f689eab7ccb2b3a8c458b88788eab2c4e7)
#08 pc 0000000000419608 /data/storage/el1/bundle/libs/arm64/libbase.so(base::internal::SchedulerWorker::ThreadMain()+256)(05b2d6f689eab7ccb2b3a8c458b88788eab2c4e7)
#09 pc 000000000053842c /data/storage/el1/bundle/libs/arm64/libbase.so(05b2d6f689eab7ccb2b3a8c458b88788eab2c4e7)
#10 pc 00000000001de740 /system/lib/ld-musl-aarch64.so.1(start+240)(8c2ca4e308a1de9ed1e6b4ccc14c7443)
Tid:55624, Name:TaskSchedulerFo
#00 pc 00000000001d9f3c /system/lib/ld-musl-aarch64.so.1(__timedwait_cp+156)(8c2ca4e308a1de9ed1e6b4ccc14c7443)
#01 pc 00000000001dc014 /system/lib/ld-musl-aarch64.so.1(pthread_cond_timedwait+172)(8c2ca4e308a1de9ed1e6b4ccc14c7443)
#02 pc 000000000060c80c /data/storage/el1/bundle/libs/arm64/libnetwork_strategy_sdk.so(f47e92e0188a5add5be9385ca4f4c73c5ff66332)
#03 pc 000000000060e0ac /data/storage/el1/bundle/libs/arm64/libnetwork_strategy_sdk.so(f47e92e0188a5add5be9385ca4f4c73c5ff66332)
#04 pc 000000000060e17c /data/storage/el1/bundle/libs/arm64/libnetwork_strategy_sdk.so(f47e92e0188a5add5be9385ca4f4c73c5ff66332)
#05 pc 0000000000586c18 /data/storage/el1/bundle/libs/arm64/libnetwork_strategy_sdk.so(f47e92e0188a5add5be9385ca4f4c73c5ff66332)
#06 pc 00000000005885b4 /data/storage/el1/bundle/libs/arm64/libnetwork_strategy_sdk.so(f47e92e0188a5add5be9385ca4f4c73c5ff66332)
#07 pc 0000000000588100 /data/storage/el1/bundle/libs/arm64/libnetwork_strategy_sdk.so(f47e92e0188a5add5be9385ca4f4c73c5ff66332)
#08 pc 0000000000587f28 /data/storage/el1/bundle/libs/arm64/libnetwork_strategy_sdk.so(f47e92e0188a5add5be9385ca4f4c73c5ff66332)
#09 pc 00000000006113e8 /data/storage/el1/bundle/libs/arm64/libnetwork_strategy_sdk.so(f47e92e0188a5add5be9385ca4f4c73c5ff66332)
#10 pc 00000000001de740 /system/lib/ld-musl-aarch64.so.1(start+240)(8c2ca4e308a1de9ed1e6b4ccc14c7443)
Tid:55625, Name:TaskSchedulerFo
#00 pc 00000000001d9f3c /system/lib/ld-musl-aarch64.so.1(__timedwait_cp+156)(8c2ca4e308a1de9ed1e6b4ccc14c7443)
#01 pc 00000000001dc014 /system/lib/ld-musl-aarch64.so.1(pthread_cond_timedwait+172)(8c2ca4e308a1de9ed1e6b4ccc14c7443)
#02 pc 000000000060c80c /data/storage/el1/bundle/libs/arm64/libnetwork_strategy_sdk.so(f47e92e0188a5add5be9385ca4f4c73c5ff66332)
#03 pc 000000000060e0ac /data/storage/el1/bundle/libs/arm64/libnetwork_strategy_sdk.so(f47e92e0188a5add5be9385ca4f4c73c5ff66332)
#04 pc 000000000060e17c /data/storage/el1/bundle/libs/arm64/libnetwork_strategy_sdk.so(f47e92e0188a5add5be9385ca4f4c73c5ff66332)
#05 pc 0000000000586c18 /data/storage/el1/bundle/libs/arm64/libnetwork_strategy_sdk.so(f47e92e0188a5add5be9385ca4f4c73c5ff66332)
#06 pc 00000000005885b4 /data/storage/el1/bundle/libs/arm64/libnetwork_strategy_sdk.so(f47e92e0188a5add5be9385ca4f4c73c5ff66332)
#07 pc 0000000000588100 /data/storage/el1/bundle/libs/arm64/libnetwork_strategy_sdk.so(f47e92e0188a5add5be9385ca4f4c73c5ff66332)
#08 pc 0000000000587f28 /data/storage/el1/bundle/libs/arm64/libnetwork_strategy_sdk.so(f47e92e0188a5add5be9385ca4f4c73c5ff66332)
#09 pc 00000000006113e8 /data/storage/el1/bundle/libs/arm64/libnetwork_strategy_sdk.so(f47e92e0188a5add5be9385ca4f4c73c5ff66332)
#10 pc 00000000001de740 /system/lib/ld-musl-aarch64.so.1(start+240)(8c2ca4e308a1de9ed1e6b4ccc14c7443)
Tid:55626, Name:TaskSchedulerFo
#00 pc 00000000001d9f3c /system/lib/ld-musl-aarch64.so.1(__timedwait_cp+156)(8c2ca4e308a1de9ed1e6b4ccc14c7443)
#01 pc 00000000001dc014 /system/lib/ld-musl-aarch64.so.1(pthread_cond_timedwait+172)(8c2ca4e308a1de9ed1e6b4ccc14c7443)
#02 pc 000000000060c80c /data/storage/el1/bundle/libs/arm64/libnetwork_strategy_sdk.so(f47e92e0188a5add5be9385ca4f4c73c5ff66332)
#03 pc 000000000060e0ac /data/storage/el1/bundle/libs/arm64/libnetwork_strategy_sdk.so(f47e92e0188a5add5be9385ca4f4c73c5ff66332)
#04 pc 000000000060e17c /data/storage/el1/bundle/libs/arm64/libnetwork_strategy_sdk.so(f47e92e0188a5add5be9385ca4f4c73c5ff66332)
#05 pc 0000000000586c18 /data/storage/el1/bundle/libs/arm64/libnetwork_strategy_sdk.so(f47e92e0188a5add5be9385ca4f4c73c5ff66332)
#06 pc 00000000005885b4 /data/storage/el1/bundle/libs/arm64/libnetwork_strategy_sdk.so(f47e92e0188a5add5be9385ca4f4c73c5ff66332)
#07 pc 0000000000588100 /data/storage/el1/bundle/libs/arm64/libnetwork_strategy_sdk.so(f47e92e0188a5add5be9385ca4f4c73c5ff66332)
#08 pc 0000000000587f28 /data/storage/el1/bundle/libs/arm64/libnetwork_strategy_sdk.so(f47e92e0188a5add5be9385ca4f4c73c5ff66332)
#09 pc 00000000006113e8 /data/storage/el1/bundle/libs/arm64/libnetwork_strategy_sdk.so(f47e92e0188a5add5be9385ca4f4c73c5ff66332)
#10 pc 00000000001de740 /system/lib/ld-musl-aarch64.so.1(start+240)(8c2ca4e308a1de9ed1e6b4ccc14c7443)
Tid:55627, Name:TaskSchedulerFo
#00 pc 00000000001d9f3c /system/lib/ld-musl-aarch64.so.1(__timedwait_cp+156)(8c2ca4e308a1de9ed1e6b4ccc14c7443)
#01 pc 00000000001dc014 /system/lib/ld-musl-aarch64.so.1(pthread_cond_timedwait+172)(8c2ca4e308a1de9ed1e6b4ccc14c7443)
#02 pc 000000000052c264 /data/storage/el1/bundle/libs/arm64/libbase.so(base::ConditionVariable::TimedWait(base::TimeDelta const&)+404)(05b2d6f689eab7ccb2b3a8c458b88788eab2c4e7)
#03 pc 000000000052db04 /data/storage/el1/bundle/libs/arm64/libbase.so(base::WaitableEvent::TimedWaitUntil(base::TimeTicks const&)+612)(05b2d6f689eab7ccb2b3a8c458b88788eab2c4e7)
#04 pc 000000000052dbd4 /data/storage/el1/bundle/libs/arm64/libbase.so(base::WaitableEvent::TimedWait(base::TimeDelta const&)+96)(05b2d6f689eab7ccb2b3a8c458b88788eab2c4e7)
#05 pc 0000000000418268 /data/storage/el1/bundle/libs/arm64/libbase.so(base::internal::SchedulerWorker::Delegate::WaitForWork(base::WaitableEvent*)+252)(05b2d6f689eab7ccb2b3a8c458b88788eab2c4e7)
#06 pc 0000000000419c94 /data/storage/el1/bundle/libs/arm64/libbase.so(base::internal::SchedulerWorker::RunWorker()+920)(05b2d6f689eab7ccb2b3a8c458b88788eab2c4e7)
#07 pc 00000000004197e0 /data/storage/el1/bundle/libs/arm64/libbase.so(base::internal::SchedulerWorker::RunPooledWorker()+52)(05b2d6f689eab7ccb2b3a8c458b88788eab2c4e7)
#08 pc 0000000000419608 /data/storage/el1/bundle/libs/arm64/libbase.so(base::internal::SchedulerWorker::ThreadMain()+256)(05b2d6f689eab7ccb2b3a8c458b88788eab2c4e7)
#09 pc 000000000053842c /data/storage/el1/bundle/libs/arm64/libbase.so(05b2d6f689eab7ccb2b3a8c458b88788eab2c4e7)
#10 pc 00000000001de740 /system/lib/ld-musl-aarch64.so.1(start+240)(8c2ca4e308a1de9ed1e6b4ccc14c7443)
Tid:55628, Name:TaskSchedulerFo
#00 pc 00000000001d9f3c /system/lib/ld-musl-aarch64.so.1(__timedwait_cp+156)(8c2ca4e308a1de9ed1e6b4ccc14c7443)
#01 pc 00000000001dc014 /system/lib/ld-musl-aarch64.so.1(pthread_cond_timedwait+172)(8c2ca4e308a1de9ed1e6b4ccc14c7443)
#02 pc 000000000060c80c /data/storage/el1/bundle/libs/arm64/libnetwork_strategy_sdk.so(f47e92e0188a5add5be9385ca4f4c73c5ff66332)
#03 pc 000000000060e0ac /data/storage/el1/bundle/libs/arm64/libnetwork_strategy_sdk.so(f47e92e0188a5add5be9385ca4f4c73c5ff66332)
#04 pc 000000000060e17c /data/storage/el1/bundle/libs/arm64/libnetwork_strategy_sdk.so(f47e92e0188a5add5be9385ca4f4c73c5ff66332)
#05 pc 0000000000586c18 /data/storage/el1/bundle/libs/arm64/libnetwork_strategy_sdk.so(f47e92e0188a5add5be9385ca4f4c73c5ff66332)
#06 pc 00000000005885b4 /data/storage/el1/bundle/libs/arm64/libnetwork_strategy_sdk.so(f47e92e0188a5add5be9385ca4f4c73c5ff66332)
#07 pc 0000000000588100 /data/storage/el1/bundle/libs/arm64/libnetwork_strategy_sdk.so(f47e92e0188a5add5be9385ca4f4c73c5ff66332)
#08 pc 0000000000587f28 /data/storage/el1/bundle/libs/arm64/libnetwork_strategy_sdk.so(f47e92e0188a5add5be9385ca4f4c73c5ff66332)
#09 pc 00000000006113e8 /data/storage/el1/bundle/libs/arm64/libnetwork_strategy_sdk.so(f47e92e0188a5add5be9385ca4f4c73c5ff66332)
#10 pc 00000000001de740 /system/lib/ld-musl-aarch64.so.1(start+240)(8c2ca4e308a1de9ed1e6b4ccc14c7443)
Tid:55629, Name:TaskSchedulerFo
#00 pc 00000000001d9f3c /system/lib/ld-musl-aarch64.so.1(__timedwait_cp+156)(8c2ca4e308a1de9ed1e6b4ccc14c7443)
#01 pc 00000000001dc014 /system/lib/ld-musl-aarch64.so.1(pthread_cond_timedwait+172)(8c2ca4e308a1de9ed1e6b4ccc14c7443)
#02 pc 000000000060c80c /data/storage/el1/bundle/libs/arm64/libnetwork_strategy_sdk.so(f47e92e0188a5add5be9385ca4f4c73c5ff66332)
#03 pc 000000000060e0ac /data/storage/el1/bundle/libs/arm64/libnetwork_strategy_sdk.so(f47e92e0188a5add5be9385ca4f4c73c5ff66332)
#04 pc 000000000060e17c /data/storage/el1/bundle/libs/arm64/libnetwork_strategy_sdk.so(f47e92e0188a5add5be9385ca4f4c73c5ff66332)
#05 pc 0000000000586c18 /data/storage/el1/bundle/libs/arm64/libnetwork_strategy_sdk.so(f47e92e0188a5add5be9385ca4f4c73c5ff66332)
#06 pc 00000000005885b4 /data/storage/el1/bundle/libs/arm64/libnetwork_strategy_sdk.so(f47e92e0188a5add5be9385ca4f4c73c5ff66332)
#07 pc 0000000000588100 /data/storage/el1/bundle/libs/arm64/libnetwork_strategy_sdk.so(f47e92e0188a5add5be9385ca4f4c73c5ff66332)
#08 pc 0000000000587f28 /data/storage/el1/bundle/libs/arm64/libnetwork_strategy_sdk.so(f47e92e0188a5add5be9385ca4f4c73c5ff66332)
#09 pc 00000000006113e8 /data/storage/el1/bundle/libs/arm64/libnetwork_strategy_sdk.so(f47e92e0188a5add5be9385ca4f4c73c5ff66332)
#10 pc 00000000001de740 /system/lib/ld-musl-aarch64.so.1(start+240)(8c2ca4e308a1de9ed1e6b4ccc14c7443)
Tid:55630, Name:TaskSchedulerFo
#00 pc 00000000001d9f3c /system/lib/ld-musl-aarch64.so.1(__timedwait_cp+156)(8c2ca4e308a1de9ed1e6b4ccc14c7443)
#01 pc 00000000001dc014 /system/lib/ld-musl-aarch64.so.1(pthread_cond_timedwait+172)(8c2ca4e308a1de9ed1e6b4ccc14c7443)
#02 pc 000000000060c80c /data/storage/el1/bundle/libs/arm64/libnetwork_strategy_sdk.so(f47e92e0188a5add5be9385ca4f4c73c5ff66332)
#03 pc 000000000060e0ac /data/storage/el1/bundle/libs/arm64/libnetwork_strategy_sdk.so(f47e92e0188a5add5be9385ca4f4c73c5ff66332)
#04 pc 000000000060e17c /data/storage/el1/bundle/libs/arm64/libnetwork_strategy_sdk.so(f47e92e0188a5add5be9385ca4f4c73c5ff66332)
#05 pc 0000000000586c18 /data/storage/el1/bundle/libs/arm64/libnetwork_strategy_sdk.so(f47e92e0188a5add5be9385ca4f4c73c5ff66332)
#06 pc 00000000005885b4 /data/storage/el1/bundle/libs/arm64/libnetwork_strategy_sdk.so(f47e92e0188a5add5be9385ca4f4c73c5ff66332)
#07 pc 0000000000588100 /data/storage/el1/bundle/libs/arm64/libnetwork_strategy_sdk.so(f47e92e0188a5add5be9385ca4f4c73c5ff66332)
#08 pc 0000000000587f28 /data/storage/el1/bundle/libs/arm64/libnetwork_strategy_sdk.so(f47e92e0188a5add5be9385ca4f4c73c5ff66332)
#09 pc 00000000006113e8 /data/storage/el1/bundle/libs/arm64/libnetwork_strategy_sdk.so(f47e92e0188a5add5be9385ca4f4c73c5ff66332)
#10 pc 00000000001de740 /system/lib/ld-musl-aarch64.so.1(start+240)(8c2ca4e308a1de9ed1e6b4ccc14c7443)
Tid:55631, Name:TaskSchedulerFo
#00 pc 00000000001d9f3c /system/lib/ld-musl-aarch64.so.1(__timedwait_cp+156)(8c2ca4e308a1de9ed1e6b4ccc14c7443)
#01 pc 00000000001dc014 /system/lib/ld-musl-aarch64.so.1(pthread_cond_timedwait+172)(8c2ca4e308a1de9ed1e6b4ccc14c7443)
#02 pc 000000000060c80c /data/storage/el1/bundle/libs/arm64/libnetwork_strategy_sdk.so(f47e92e0188a5add5be9385ca4f4c73c5ff66332)
#03 pc 000000000060e0ac /data/storage/el1/bundle/libs/arm64/libnetwork_strategy_sdk.so(f47e92e0188a5add5be9385ca4f4c73c5ff66332)
#04 pc 000000000060e17c /data/storage/el1/bundle/libs/arm64/libnetwork_strategy_sdk.so(f47e92e0188a5add5be9385ca4f4c73c5ff66332)
#05 pc 0000000000586c18 /data/storage/el1/bundle/libs/arm64/libnetwork_strategy_sdk.so(f47e92e0188a5add5be9385ca4f4c73c5ff66332)
#06 pc 00000000005885b4 /data/storage/el1/bundle/libs/arm64/libnetwork_strategy_sdk.so(f47e92e0188a5add5be9385ca4f4c73c5ff66332)
#07 pc 0000000000588100 /data/storage/el1/bundle/libs/arm64/libnetwork_strategy_sdk.so(f47e92e0188a5add5be9385ca4f4c73c5ff66332)
#08 pc 0000000000587f28 /data/storage/el1/bundle/libs/arm64/libnetwork_strategy_sdk.so(f47e92e0188a5add5be9385ca4f4c73c5ff66332)
#09 pc 00000000006113e8 /data/storage/el1/bundle/libs/arm64/libnetwork_strategy_sdk.so(f47e92e0188a5add5be9385ca4f4c73c5ff66332)
#10 pc 00000000001de740 /system/lib/ld-musl-aarch64.so.1(start+240)(8c2ca4e308a1de9ed1e6b4ccc14c7443)
Tid:55632, Name:TaskSchedulerFo
#00 pc 00000000001d9f3c /system/lib/ld-musl-aarch64.so.1(__timedwait_cp+156)(8c2ca4e308a1de9ed1e6b4ccc14c7443)
#01 pc 00000000001dc014 /system/lib/ld-musl-aarch64.so.1(pthread_cond_timedwait+172)(8c2ca4e308a1de9ed1e6b4ccc14c7443)
#02 pc 000000000060c80c /data/storage/el1/bundle/libs/arm64/libnetwork_strategy_sdk.so(f47e92e0188a5add5be9385ca4f4c73c5ff66332)
#03 pc 000000000060e0ac /data/storage/el1/bundle/libs/arm64/libnetwork_strategy_sdk.so(f47e92e0188a5add5be9385ca4f4c73c5ff66332)
#04 pc 000000000060e17c /data/storage/el1/bundle/libs/arm64/libnetwork_strategy_sdk.so(f47e92e0188a5add5be9385ca4f4c73c5ff66332)
#05 pc 0000000000586c18 /data/storage/el1/bundle/libs/arm64/libnetwork_strategy_sdk.so(f47e92e0188a5add5be9385ca4f4c73c5ff66332)
#06 pc 00000000005885b4 /data/storage/el1/bundle/libs/arm64/libnetwork_strategy_sdk.so(f47e92e0188a5add5be9385ca4f4c73c5ff66332)
#07 pc 0000000000588100 /data/storage/el1/bundle/libs/arm64/libnetwork_strategy_sdk.so(f47e92e0188a5add5be9385ca4f4c73c5ff66332)
#08 pc 0000000000587f28 /data/storage/el1/bundle/libs/arm64/libnetwork_strategy_sdk.so(f47e92e0188a5add5be9385ca4f4c73c5ff66332)
#09 pc 00000000006113e8 /data/storage/el1/bundle/libs/arm64/libnetwork_strategy_sdk.so(f47e92e0188a5add5be9385ca4f4c73c5ff66332)
#10 pc 00000000001de740 /system/lib/ld-musl-aarch64.so.1(start+240)(8c2ca4e308a1de9ed1e6b4ccc14c7443)
Tid:55635, Name:TaskSchedulerFo
#00 pc 00000000001d9f3c /system/lib/ld-musl-aarch64.so.1(__timedwait_cp+156)(8c2ca4e308a1de9ed1e6b4ccc14c7443)
#01 pc 00000000001dc014 /system/lib/ld-musl-aarch64.so.1(pthread_cond_timedwait+172)(8c2ca4e308a1de9ed1e6b4ccc14c7443)
#02 pc 000000000060c80c /data/storage/el1/bundle/libs/arm64/libnetwork_strategy_sdk.so(f47e92e0188a5add5be9385ca4f4c73c5ff66332)
#03 pc 000000000060e0ac /data/storage/el1/bundle/libs/arm64/libnetwork_strategy_sdk.so(f47e92e0188a5add5be9385ca4f4c73c5ff66332)
#04 pc 000000000060e17c /data/storage/el1/bundle/libs/arm64/libnetwork_strategy_sdk.so(f47e92e0188a5add5be9385ca4f4c73c5ff66332)
#05 pc 0000000000586c18 /data/storage/el1/bundle/libs/arm64/libnetwork_strategy_sdk.so(f47e92e0188a5add5be9385ca4f4c73c5ff66332)
#06 pc 00000000005885b4 /data/storage/el1/bundle/libs/arm64/libnetwork_strategy_sdk.so(f47e92e0188a5add5be9385ca4f4c73c5ff66332)
#07 pc 0000000000588100 /data/storage/el1/bundle/libs/arm64/libnetwork_strategy_sdk.so(f47e92e0188a5add5be9385ca4f4c73c5ff66332)
#08 pc 0000000000587f28 /data/storage/el1/bundle/libs/arm64/libnetwork_strategy_sdk.so(f47e92e0188a5add5be9385ca4f4c73c5ff66332)
#09 pc 00000000006113e8 /data/storage/el1/bundle/libs/arm64/libnetwork_strategy_sdk.so(f47e92e0188a5add5be9385ca4f4c73c5ff66332)
#10 pc 00000000001de740 /system/lib/ld-musl-aarch64.so.1(start+240)(8c2ca4e308a1de9ed1e6b4ccc14c7443)
Tid:55636, Name:TaskSchedulerFo
#00 pc 00000000001d9f3c /system/lib/ld-musl-aarch64.so.1(__timedwait_cp+156)(8c2ca4e308a1de9ed1e6b4ccc14c7443)
#01 pc 00000000001dc014 /system/lib/ld-musl-aarch64.so.1(pthread_cond_timedwait+172)(8c2ca4e308a1de9ed1e6b4ccc14c7443)
#02 pc 000000000060c80c /data/storage/el1/bundle/libs/arm64/libnetwork_strategy_sdk.so(f47e92e0188a5add5be9385ca4f4c73c5ff66332)
#03 pc 000000000060e0ac /data/storage/el1/bundle/libs/arm64/libnetwork_strategy_sdk.so(f47e92e0188a5add5be9385ca4f4c73c5ff66332)
#04 pc 000000000060e17c /data/storage/el1/bundle/libs/arm64/libnetwork_strategy_sdk.so(f47e92e0188a5add5be9385ca4f4c73c5ff66332)
#05 pc 0000000000586c18 /data/storage/el1/bundle/libs/arm64/libnetwork_strategy_sdk.so(f47e92e0188a5add5be9385ca4f4c73c5ff66332)
#06 pc 00000000005885b4 /data/storage/el1/bundle/libs/arm64/libnetwork_strategy_sdk.so(f47e92e0188a5add5be9385ca4f4c73c5ff66332)
#07 pc 0000000000588100 /data/storage/el1/bundle/libs/arm64/libnetwork_strategy_sdk.so(f47e92e0188a5add5be9385ca4f4c73c5ff66332)
#08 pc 0000000000587f28 /data/storage/el1/bundle/libs/arm64/libnetwork_strategy_sdk.so(f47e92e0188a5add5be9385ca4f4c73c5ff66332)
#09 pc 00000000006113e8 /data/storage/el1/bundle/libs/arm64/libnetwork_strategy_sdk.so(f47e92e0188a5add5be9385ca4f4c73c5ff66332)
#10 pc 00000000001de740 /system/lib/ld-musl-aarch64.so.1(start+240)(8c2ca4e308a1de9ed1e6b4ccc14c7443)
Tid:55637, Name:TaskSchedulerFo
#00 pc 00000000001d9f3c /system/lib/ld-musl-aarch64.so.1(__timedwait_cp+156)(8c2ca4e308a1de9ed1e6b4ccc14c7443)
#01 pc 00000000001dc014 /system/lib/ld-musl-aarch64.so.1(pthread_cond_timedwait+172)(8c2ca4e308a1de9ed1e6b4ccc14c7443)
#02 pc 000000000060c80c /data/storage/el1/bundle/libs/arm64/libnetwork_strategy_sdk.so(f47e92e0188a5add5be9385ca4f4c73c5ff66332)
#03 pc 000000000060e0ac /data/storage/el1/bundle/libs/arm64/libnetwork_strategy_sdk.so(f47e92e0188a5add5be9385ca4f4c73c5ff66332)
#04 pc 000000000060e17c /data/storage/el1/bundle/libs/arm64/libnetwork_strategy_sdk.so(f47e92e0188a5add5be9385ca4f4c73c5ff66332)
#05 pc 0000000000586c18 /data/storage/el1/bundle/libs/arm64/libnetwork_strategy_sdk.so(f47e92e0188a5add5be9385ca4f4c73c5ff66332)
#06 pc 00000000005885b4 /data/storage/el1/bundle/libs/arm64/libnetwork_strategy_sdk.so(f47e92e0188a5add5be9385ca4f4c73c5ff66332)
#07 pc 0000000000588100 /data/storage/el1/bundle/libs/arm64/libnetwork_strategy_sdk.so(f47e92e0188a5add5be9385ca4f4c73c5ff66332)
#08 pc 0000000000587f28 /data/storage/el1/bundle/libs/arm64/libnetwork_strategy_sdk.so(f47e92e0188a5add5be9385ca4f4c73c5ff66332)
#09 pc 00000000006113e8 /data/storage/el1/bundle/libs/arm64/libnetwork_strategy_sdk.so(f47e92e0188a5add5be9385ca4f4c73c5ff66332)
#10 pc 00000000001de740 /system/lib/ld-musl-aarch64.so.1(start+240)(8c2ca4e308a1de9ed1e6b4ccc14c7443)
Tid:55638, Name:TaskSchedulerFo
#00 pc 00000000001d9f3c /system/lib/ld-musl-aarch64.so.1(__timedwait_cp+156)(8c2ca4e308a1de9ed1e6b4ccc14c7443)
#01 pc 00000000001dc014 /system/lib/ld-musl-aarch64.so.1(pthread_cond_timedwait+172)(8c2ca4e308a1de9ed1e6b4ccc14c7443)
#02 pc 000000000060c80c /data/storage/el1/bundle/libs/arm64/libnetwork_strategy_sdk.so(f47e92e0188a5add5be9385ca4f4c73c5ff66332)
#03 pc 000000000060e0ac /data/storage/el1/bundle/libs/arm64/libnetwork_strategy_sdk.so(f47e92e0188a5add5be9385ca4f4c73c5ff66332)
#04 pc 000000000060e17c /data/storage/el1/bundle/libs/arm64/libnetwork_strategy_sdk.so(f47e92e0188a5add5be9385ca4f4c73c5ff66332)
#05 pc 0000000000586c18 /data/storage/el1/bundle/libs/arm64/libnetwork_strategy_sdk.so(f47e92e0188a5add5be9385ca4f4c73c5ff66332)
#06 pc 00000000005885b4 /data/storage/el1/bundle/libs/arm64/libnetwork_strategy_sdk.so(f47e92e0188a5add5be9385ca4f4c73c5ff66332)
#07 pc 0000000000588100 /data/storage/el1/bundle/libs/arm64/libnetwork_strategy_sdk.so(f47e92e0188a5add5be9385ca4f4c73c5ff66332)
#08 pc 0000000000587f28 /data/storage/el1/bundle/libs/arm64/libnetwork_strategy_sdk.so(f47e92e0188a5add5be9385ca4f4c73c5ff66332)
#09 pc 00000000006113e8 /data/storage/el1/bundle/libs/arm64/libnetwork_strategy_sdk.so(f47e92e0188a5add5be9385ca4f4c73c5ff66332)
#10 pc 00000000001de740 /system/lib/ld-musl-aarch64.so.1(start+240)(8c2ca4e308a1de9ed1e6b4ccc14c7443)
Tid:55639, Name:TaskSchedulerFo
#00 pc 00000000001d9f3c /system/lib/ld-musl-aarch64.so.1(__timedwait_cp+156)(8c2ca4e308a1de9ed1e6b4ccc14c7443)
#01 pc 00000000001dc014 /system/lib/ld-musl-aarch64.so.1(pthread_cond_timedwait+172)(8c2ca4e308a1de9ed1e6b4ccc14c7443)
#02 pc 000000000060c80c /data/storage/el1/bundle/libs/arm64/libnetwork_strategy_sdk.so(f47e92e0188a5add5be9385ca4f4c73c5ff66332)
#03 pc 000000000060e0ac /data/storage/el1/bundle/libs/arm64/libnetwork_strategy_sdk.so(f47e92e0188a5add5be9385ca4f4c73c5ff66332)
#04 pc 000000000060e17c /data/storage/el1/bundle/libs/arm64/libnetwork_strategy_sdk.so(f47e92e0188a5add5be9385ca4f4c73c5ff66332)
#05 pc 0000000000586c18 /data/storage/el1/bundle/libs/arm64/libnetwork_strategy_sdk.so(f47e92e0188a5add5be9385ca4f4c73c5ff66332)
#06 pc 00000000005885b4 /data/storage/el1/bundle/libs/arm64/libnetwork_strategy_sdk.so(f47e92e0188a5add5be9385ca4f4c73c5ff66332)
#07 pc 0000000000588100 /data/storage/el1/bundle/libs/arm64/libnetwork_strategy_sdk.so(f47e92e0188a5add5be9385ca4f4c73c5ff66332)
#08 pc 0000000000587f28 /data/storage/el1/bundle/libs/arm64/libnetwork_strategy_sdk.so(f47e92e0188a5add5be9385ca4f4c73c5ff66332)
#09 pc 00000000006113e8 /data/storage/el1/bundle/libs/arm64/libnetwork_strategy_sdk.so(f47e92e0188a5add5be9385ca4f4c73c5ff66332)
#10 pc 00000000001de740 /system/lib/ld-musl-aarch64.so.1(start+240)(8c2ca4e308a1de9ed1e6b4ccc14c7443)
Tid:55640, Name:TaskSchedulerFo
#00 pc 00000000001d9f3c /system/lib/ld-musl-aarch64.so.1(__timedwait_cp+156)(8c2ca4e308a1de9ed1e6b4ccc14c7443)
#01 pc 00000000001dc014 /system/lib/ld-musl-aarch64.so.1(pthread_cond_timedwait+172)(8c2ca4e308a1de9ed1e6b4ccc14c7443)
#02 pc 000000000060c80c /data/storage/el1/bundle/libs/arm64/libnetwork_strategy_sdk.so(f47e92e0188a5add5be9385ca4f4c73c5ff66332)
#03 pc 000000000060e0ac /data/storage/el1/bundle/libs/arm64/libnetwork_strategy_sdk.so(f47e92e0188a5add5be9385ca4f4c73c5ff66332)
#04 pc 000000000060e17c /data/storage/el1/bundle/libs/arm64/libnetwork_strategy_sdk.so(f47e92e0188a5add5be9385ca4f4c73c5ff66332)
#05 pc 0000000000586c18 /data/storage/el1/bundle/libs/arm64/libnetwork_strategy_sdk.so(f47e92e0188a5add5be9385ca4f4c73c5ff66332)
#06 pc 00000000005885b4 /data/storage/el1/bundle/libs/arm64/libnetwork_strategy_sdk.so(f47e92e0188a5add5be9385ca4f4c73c5ff66332)
#07 pc 0000000000588100 /data/storage/el1/bundle/libs/arm64/libnetwork_strategy_sdk.so(f47e92e0188a5add5be9385ca4f4c73c5ff66332)
#08 pc 0000000000587f28 /data/storage/el1/bundle/libs/arm64/libnetwork_strategy_sdk.so(f47e92e0188a5add5be9385ca4f4c73c5ff66332)
#09 pc 00000000006113e8 /data/storage/el1/bundle/libs/arm64/libnetwork_strategy_sdk.so(f47e92e0188a5add5be9385ca4f4c73c5ff66332)
#10 pc 00000000001de740 /system/lib/ld-musl-aarch64.so.1(start+240)(8c2ca4e308a1de9ed1e6b4ccc14c7443)
Tid:55641, Name:TaskSchedulerFo
#00 pc 00000000001d9f3c /system/lib/ld-musl-aarch64.so.1(__timedwait_cp+156)(8c2ca4e308a1de9ed1e6b4ccc14c7443)
#01 pc 00000000001dc014 /system/lib/ld-musl-aarch64.so.1(pthread_cond_timedwait+172)(8c2ca4e308a1de9ed1e6b4ccc14c7443)
#02 pc 000000000060c80c /data/storage/el1/bundle/libs/arm64/libnetwork_strategy_sdk.so(f47e92e0188a5add5be9385ca4f4c73c5ff66332)
#03 pc 000000000060e0ac /data/storage/el1/bundle/libs/arm64/libnetwork_strategy_sdk.so(f47e92e0188a5add5be9385ca4f4c73c5ff66332)
#04 pc 000000000060e17c /data/storage/el1/bundle/libs/arm64/libnetwork_strategy_sdk.so(f47e92e0188a5add5be9385ca4f4c73c5ff66332)
#05 pc 0000000000586c18 /data/storage/el1/bundle/libs/arm64/libnetwork_strategy_sdk.so(f47e92e0188a5add5be9385ca4f4c73c5ff66332)
#06 pc 00000000005885b4 /data/storage/el1/bundle/libs/arm64/libnetwork_strategy_sdk.so(f47e92e0188a5add5be9385ca4f4c73c5ff66332)
#07 pc 0000000000588100 /data/storage/el1/bundle/libs/arm64/libnetwork_strategy_sdk.so(f47e92e0188a5add5be9385ca4f4c73c5ff66332)
#08 pc 0000000000587f28 /data/storage/el1/bundle/libs/arm64/libnetwork_strategy_sdk.so(f47e92e0188a5add5be9385ca4f4c73c5ff66332)
#09 pc 00000000006113e8 /data/storage/el1/bundle/libs/arm64/libnetwork_strategy_sdk.so(f47e92e0188a5add5be9385ca4f4c73c5ff66332)
#10 pc 00000000001de740 /system/lib/ld-musl-aarch64.so.1(start+240)(8c2ca4e308a1de9ed1e6b4ccc14c7443)
Tid:55642, Name:TaskSchedulerFo
#00 pc 00000000001d9f3c /system/lib/ld-musl-aarch64.so.1(__timedwait_cp+156)(8c2ca4e308a1de9ed1e6b4ccc14c7443)
#01 pc 00000000001dc014 /system/lib/ld-musl-aarch64.so.1(pthread_cond_timedwait+172)(8c2ca4e308a1de9ed1e6b4ccc14c7443)
#02 pc 000000000060c80c /data/storage/el1/bundle/libs/arm64/libnetwork_strategy_sdk.so(f47e92e0188a5add5be9385ca4f4c73c5ff66332)
#03 pc 000000000060e0ac /data/storage/el1/bundle/libs/arm64/libnetwork_strategy_sdk.so(f47e92e0188a5add5be9385ca4f4c73c5ff66332)
#04 pc 000000000060e17c /data/storage/el1/bundle/libs/arm64/libnetwork_strategy_sdk.so(f47e92e0188a5add5be9385ca4f4c73c5ff66332)
#05 pc 0000000000586c18 /data/storage/el1/bundle/libs/arm64/libnetwork_strategy_sdk.so(f47e92e0188a5add5be9385ca4f4c73c5ff66332)
#06 pc 00000000005885b4 /data/storage/el1/bundle/libs/arm64/libnetwork_strategy_sdk.so(f47e92e0188a5add5be9385ca4f4c73c5ff66332)
#07 pc 0000000000588100 /data/storage/el1/bundle/libs/arm64/libnetwork_strategy_sdk.so(f47e92e0188a5add5be9385ca4f4c73c5ff66332)
#08 pc 0000000000587f28 /data/storage/el1/bundle/libs/arm64/libnetwork_strategy_sdk.so(f47e92e0188a5add5be9385ca4f4c73c5ff66332)
#09 pc 00000000006113e8 /data/storage/el1/bundle/libs/arm64/libnetwork_strategy_sdk.so(f47e92e0188a5add5be9385ca4f4c73c5ff66332)
#10 pc 00000000001de740 /system/lib/ld-musl-aarch64.so.1(start+240)(8c2ca4e308a1de9ed1e6b4ccc14c7443)
Tid:55643, Name:TaskSchedulerFo
#00 pc 00000000001d9f3c /system/lib/ld-musl-aarch64.so.1(__timedwait_cp+156)(8c2ca4e308a1de9ed1e6b4ccc14c7443)
#01 pc 00000000001dc014 /system/lib/ld-musl-aarch64.so.1(pthread_cond_timedwait+172)(8c2ca4e308a1de9ed1e6b4ccc14c7443)
#02 pc 000000000060c80c /data/storage/el1/bundle/libs/arm64/libnetwork_strategy_sdk.so(f47e92e0188a5add5be9385ca4f4c73c5ff66332)
#03 pc 000000000060e0ac /data/storage/el1/bundle/libs/arm64/libnetwork_strategy_sdk.so(f47e92e0188a5add5be9385ca4f4c73c5ff66332)
#04 pc 000000000060e17c /data/storage/el1/bundle/libs/arm64/libnetwork_strategy_sdk.so(f47e92e0188a5add5be9385ca4f4c73c5ff66332)
#05 pc 0000000000586c18 /data/storage/el1/bundle/libs/arm64/libnetwork_strategy_sdk.so(f47e92e0188a5add5be9385ca4f4c73c5ff66332)
#06 pc 00000000005885b4 /data/storage/el1/bundle/libs/arm64/libnetwork_strategy_sdk.so(f47e92e0188a5add5be9385ca4f4c73c5ff66332)
#07 pc 0000000000588100 /data/storage/el1/bundle/libs/arm64/libnetwork_strategy_sdk.so(f47e92e0188a5add5be9385ca4f4c73c5ff66332)
#08 pc 0000000000587f28 /data/storage/el1/bundle/libs/arm64/libnetwork_strategy_sdk.so(f47e92e0188a5add5be9385ca4f4c73c5ff66332)
#09 pc 00000000006113e8 /data/storage/el1/bundle/libs/arm64/libnetwork_strategy_sdk.so(f47e92e0188a5add5be9385ca4f4c73c5ff66332)
#10 pc 00000000001de740 /system/lib/ld-musl-aarch64.so.1(start+240)(8c2ca4e308a1de9ed1e6b4ccc14c7443)
Tid:55644, Name:TaskSchedulerFo
#00 pc 00000000001d9f3c /system/lib/ld-musl-aarch64.so.1(__timedwait_cp+156)(8c2ca4e308a1de9ed1e6b4ccc14c7443)
#01 pc 00000000001dc014 /system/lib/ld-musl-aarch64.so.1(pthread_cond_timedwait+172)(8c2ca4e308a1de9ed1e6b4ccc14c7443)
#02 pc 000000000060c80c /data/storage/el1/bundle/libs/arm64/libnetwork_strategy_sdk.so(f47e92e0188a5add5be9385ca4f4c73c5ff66332)
#03 pc 000000000060e0ac /data/storage/el1/bundle/libs/arm64/libnetwork_strategy_sdk.so(f47e92e0188a5add5be9385ca4f4c73c5ff66332)
#04 pc 000000000060e17c /data/storage/el1/bundle/libs/arm64/libnetwork_strategy_sdk.so(f47e92e0188a5add5be9385ca4f4c73c5ff66332)
#05 pc 0000000000586c18 /data/storage/el1/bundle/libs/arm64/libnetwork_strategy_sdk.so(f47e92e0188a5add5be9385ca4f4c73c5ff66332)
#06 pc 00000000005885b4 /data/storage/el1/bundle/libs/arm64/libnetwork_strategy_sdk.so(f47e92e0188a5add5be9385ca4f4c73c5ff66332)
#07 pc 0000000000588100 /data/storage/el1/bundle/libs/arm64/libnetwork_strategy_sdk.so(f47e92e0188a5add5be9385ca4f4c73c5ff66332)
#08 pc 0000000000587f28 /data/storage/el1/bundle/libs/arm64/libnetwork_strategy_sdk.so(f47e92e0188a5add5be9385ca4f4c73c5ff66332)
#09 pc 00000000006113e8 /data/storage/el1/bundle/libs/arm64/libnetwork_strategy_sdk.so(f47e92e0188a5add5be9385ca4f4c73c5ff66332)
#10 pc 00000000001de740 /system/lib/ld-musl-aarch64.so.1(start+240)(8c2ca4e308a1de9ed1e6b4ccc14c7443)
Tid:55645, Name:TaskSchedulerFo
#00 pc 00000000001d9f3c /system/lib/ld-musl-aarch64.so.1(__timedwait_cp+156)(8c2ca4e308a1de9ed1e6b4ccc14c7443)
#01 pc 00000000001dc014 /system/lib/ld-musl-aarch64.so.1(pthread_cond_timedwait+172)(8c2ca4e308a1de9ed1e6b4ccc14c7443)
#02 pc 000000000060c80c /data/storage/el1/bundle/libs/arm64/libnetwork_strategy_sdk.so(f47e92e0188a5add5be9385ca4f4c73c5ff66332)
#03 pc 000000000060e0ac /data/storage/el1/bundle/libs/arm64/libnetwork_strategy_sdk.so(f47e92e0188a5add5be9385ca4f4c73c5ff66332)
#04 pc 000000000060e17c /data/storage/el1/bundle/libs/arm64/libnetwork_strategy_sdk.so(f47e92e0188a5add5be9385ca4f4c73c5ff66332)
#05 pc 0000000000586c18 /data/storage/el1/bundle/libs/arm64/libnetwork_strategy_sdk.so(f47e92e0188a5add5be9385ca4f4c73c5ff66332)
#06 pc 00000000005885b4 /data/storage/el1/bundle/libs/arm64/libnetwork_strategy_sdk.so(f47e92e0188a5add5be9385ca4f4c73c5ff66332)
#07 pc 0000000000588100 /data/storage/el1/bundle/libs/arm64/libnetwork_strategy_sdk.so(f47e92e0188a5add5be9385ca4f4c73c5ff66332)
#08 pc 0000000000587f28 /data/storage/el1/bundle/libs/arm64/libnetwork_strategy_sdk.so(f47e92e0188a5add5be9385ca4f4c73c5ff66332)
#09 pc 00000000006113e8 /data/storage/el1/bundle/libs/arm64/libnetwork_strategy_sdk.so(f47e92e0188a5add5be9385ca4f4c73c5ff66332)
#10 pc 00000000001de740 /system/lib/ld-musl-aarch64.so.1(start+240)(8c2ca4e308a1de9ed1e6b4ccc14c7443)
Tid:55646, Name:apm_thread
#00 pc 00000000001d9f3c /system/lib/ld-musl-aarch64.so.1(__timedwait_cp+156)(8c2ca4e308a1de9ed1e6b4ccc14c7443)
#01 pc 00000000001dc014 /system/lib/ld-musl-aarch64.so.1(pthread_cond_timedwait+172)(8c2ca4e308a1de9ed1e6b4ccc14c7443)
#02 pc 000000000060c80c /data/storage/el1/bundle/libs/arm64/libnetwork_strategy_sdk.so(f47e92e0188a5add5be9385ca4f4c73c5ff66332)
#03 pc 000000000060e0ac /data/storage/el1/bundle/libs/arm64/libnetwork_strategy_sdk.so(f47e92e0188a5add5be9385ca4f4c73c5ff66332)
#04 pc 00000000004de520 /data/storage/el1/bundle/libs/arm64/libnetwork_strategy_sdk.so(f47e92e0188a5add5be9385ca4f4c73c5ff66332)
#05 pc 00000000004d5440 /data/storage/el1/bundle/libs/arm64/libnetwork_strategy_sdk.so(f47e92e0188a5add5be9385ca4f4c73c5ff66332)
#06 pc 000000000051c12c /data/storage/el1/bundle/libs/arm64/libnetwork_strategy_sdk.so(f47e92e0188a5add5be9385ca4f4c73c5ff66332)
#07 pc 00000000005b9200 /data/storage/el1/bundle/libs/arm64/libnetwork_strategy_sdk.so(f47e92e0188a5add5be9385ca4f4c73c5ff66332)
#08 pc 00000000005b9608 /data/storage/el1/bundle/libs/arm64/libnetwork_strategy_sdk.so(f47e92e0188a5add5be9385ca4f4c73c5ff66332)
#09 pc 00000000006113e8 /data/storage/el1/bundle/libs/arm64/libnetwork_strategy_sdk.so(f47e92e0188a5add5be9385ca4f4c73c5ff66332)
#10 pc 00000000001de740 /system/lib/ld-musl-aarch64.so.1(start+240)(8c2ca4e308a1de9ed1e6b4ccc14c7443)
Tid:55647, Name:apm_file_thread
#00 pc 00000000001d9f3c /system/lib/ld-musl-aarch64.so.1(__timedwait_cp+156)(8c2ca4e308a1de9ed1e6b4ccc14c7443)
#01 pc 00000000001dc014 /system/lib/ld-musl-aarch64.so.1(pthread_cond_timedwait+172)(8c2ca4e308a1de9ed1e6b4ccc14c7443)
#02 pc 000000000060c52c /data/storage/el1/bundle/libs/arm64/libnetwork_strategy_sdk.so(f47e92e0188a5add5be9385ca4f4c73c5ff66332)
#03 pc 000000000060e0bc /data/storage/el1/bundle/libs/arm64/libnetwork_strategy_sdk.so(f47e92e0188a5add5be9385ca4f4c73c5ff66332)
#04 pc 000000000060dd70 /data/storage/el1/bundle/libs/arm64/libnetwork_strategy_sdk.so(f47e92e0188a5add5be9385ca4f4c73c5ff66332)
#05 pc 00000000004de50c /data/storage/el1/bundle/libs/arm64/libnetwork_strategy_sdk.so(f47e92e0188a5add5be9385ca4f4c73c5ff66332)
#06 pc 00000000004d5440 /data/storage/el1/bundle/libs/arm64/libnetwork_strategy_sdk.so(f47e92e0188a5add5be9385ca4f4c73c5ff66332)
#07 pc 000000000051c12c /data/storage/el1/bundle/libs/arm64/libnetwork_strategy_sdk.so(f47e92e0188a5add5be9385ca4f4c73c5ff66332)
#08 pc 00000000005b9200 /data/storage/el1/bundle/libs/arm64/libnetwork_strategy_sdk.so(f47e92e0188a5add5be9385ca4f4c73c5ff66332)
#09 pc 00000000005b9608 /data/storage/el1/bundle/libs/arm64/libnetwork_strategy_sdk.so(f47e92e0188a5add5be9385ca4f4c73c5ff66332)
#10 pc 00000000006113e8 /data/storage/el1/bundle/libs/arm64/libnetwork_strategy_sdk.so(f47e92e0188a5add5be9385ca4f4c73c5ff66332)
#11 pc 00000000001de740 /system/lib/ld-musl-aarch64.so.1(start+240)(8c2ca4e308a1de9ed1e6b4ccc14c7443)
Tid:55648, Name:apm_net_thread
#00 pc 00000000001d9f3c /system/lib/ld-musl-aarch64.so.1(__timedwait_cp+156)(8c2ca4e308a1de9ed1e6b4ccc14c7443)
#01 pc 00000000001dc014 /system/lib/ld-musl-aarch64.so.1(pthread_cond_timedwait+172)(8c2ca4e308a1de9ed1e6b4ccc14c7443)
#02 pc 000000000060c52c /data/storage/el1/bundle/libs/arm64/libnetwork_strategy_sdk.so(f47e92e0188a5add5be9385ca4f4c73c5ff66332)
#03 pc 000000000060e0bc /data/storage/el1/bundle/libs/arm64/libnetwork_strategy_sdk.so(f47e92e0188a5add5be9385ca4f4c73c5ff66332)
#04 pc 000000000060dd70 /data/storage/el1/bundle/libs/arm64/libnetwork_strategy_sdk.so(f47e92e0188a5add5be9385ca4f4c73c5ff66332)
#05 pc 00000000004de50c /data/storage/el1/bundle/libs/arm64/libnetwork_strategy_sdk.so(f47e92e0188a5add5be9385ca4f4c73c5ff66332)
#06 pc 00000000004d5440 /data/storage/el1/bundle/libs/arm64/libnetwork_strategy_sdk.so(f47e92e0188a5add5be9385ca4f4c73c5ff66332)
#07 pc 000000000051c12c /data/storage/el1/bundle/libs/arm64/libnetwork_strategy_sdk.so(f47e92e0188a5add5be9385ca4f4c73c5ff66332)
#08 pc 00000000005b9200 /data/storage/el1/bundle/libs/arm64/libnetwork_strategy_sdk.so(f47e92e0188a5add5be9385ca4f4c73c5ff66332)
#09 pc 00000000005b9608 /data/storage/el1/bundle/libs/arm64/libnetwork_strategy_sdk.so(f47e92e0188a5add5be9385ca4f4c73c5ff66332)
#10 pc 00000000006113e8 /data/storage/el1/bundle/libs/arm64/libnetwork_strategy_sdk.so(f47e92e0188a5add5be9385ca4f4c73c5ff66332)
#11 pc 00000000001de740 /system/lib/ld-musl-aarch64.so.1(start+240)(8c2ca4e308a1de9ed1e6b4ccc14c7443)
Tid:55650, Name:OS_NET_RcpWork
#00 pc 00000000001777c0 /system/lib/ld-musl-aarch64.so.1(epoll_wait+84)(8c2ca4e308a1de9ed1e6b4ccc14c7443)
#01 pc 00000000000053b8 /system/lib64/librcp_dfx.z.so(OHOS::NetStackExt::DfxUtils::CallKernelFunctionSync(std::__h::function<int ()>&&, std::__h::basic_string<char, std::__h::char_traits<char>, std::__h::allocator<char>>&&, OHOS::NetStackExt::DfxUtils::KernelFunctions)+88)(b7bade31ac0c67e3d3000adf57f38c5e)
#02 pc 00000000000ced74 /system/lib64/libcollaboration_rcp_native.z.so(OHOS::NetStackExt::Rcp::EpollMultiDriver::Step(int)+144)(8f8b14957c0d43dad289453c4b50f0fb)
#03 pc 00000000000d5198 /system/lib64/libcollaboration_rcp_native.z.so(std::__h::__function::__func<OHOS::NetStackExt::Rcp::EpollRequestHandler::SendIoTask()::$_0, std::__h::allocator<OHOS::NetStackExt::Rcp::EpollRequestHandler::SendIoTask()::$_0>, void ()>::operator()() (.c052485f4338ac1178c2108a94cc6e46)+436)(8f8b14957c0d43dad289453c4b50f0fb)
#04 pc 00000000000e0f94 /system/lib64/libcollaboration_rcp_native.z.so(8f8b14957c0d43dad289453c4b50f0fb)
#05 pc 00000000000e105c /system/lib64/libcollaboration_rcp_native.z.so(void* std::__h::__thread_proxy[abi:v15004]<std::__h::tuple<std::__h::unique_ptr<std::__h::__thread_struct, std::__h::default_delete<std::__h::__thread_struct>>, std::__h::function<void ()>>>(void*)+64)(8f8b14957c0d43dad289453c4b50f0fb)
#06 pc 00000000001de740 /system/lib/ld-musl-aarch64.so.1(start+240)(8c2ca4e308a1de9ed1e6b4ccc14c7443)
Tid:55656, Name:TaskSchedulerFo
#00 pc 00000000001d9f3c /system/lib/ld-musl-aarch64.so.1(__timedwait_cp+156)(8c2ca4e308a1de9ed1e6b4ccc14c7443)
#01 pc 00000000001dc014 /system/lib/ld-musl-aarch64.so.1(pthread_cond_timedwait+172)(8c2ca4e308a1de9ed1e6b4ccc14c7443)
#02 pc 000000000052c264 /data/storage/el1/bundle/libs/arm64/libbase.so(base::ConditionVariable::TimedWait(base::TimeDelta const&)+404)(05b2d6f689eab7ccb2b3a8c458b88788eab2c4e7)
#03 pc 000000000052db04 /data/storage/el1/bundle/libs/arm64/libbase.so(base::WaitableEvent::TimedWaitUntil(base::TimeTicks const&)+612)(05b2d6f689eab7ccb2b3a8c458b88788eab2c4e7)
#04 pc 000000000052dbd4 /data/storage/el1/bundle/libs/arm64/libbase.so(base::WaitableEvent::TimedWait(base::TimeDelta const&)+96)(05b2d6f689eab7ccb2b3a8c458b88788eab2c4e7)
#05 pc 0000000000418268 /data/storage/el1/bundle/libs/arm64/libbase.so(base::internal::SchedulerWorker::Delegate::WaitForWork(base::WaitableEvent*)+252)(05b2d6f689eab7ccb2b3a8c458b88788eab2c4e7)
#06 pc 0000000000419c94 /data/storage/el1/bundle/libs/arm64/libbase.so(base::internal::SchedulerWorker::RunWorker()+920)(05b2d6f689eab7ccb2b3a8c458b88788eab2c4e7)
#07 pc 00000000004197e0 /data/storage/el1/bundle/libs/arm64/libbase.so(base::internal::SchedulerWorker::RunPooledWorker()+52)(05b2d6f689eab7ccb2b3a8c458b88788eab2c4e7)
#08 pc 0000000000419608 /data/storage/el1/bundle/libs/arm64/libbase.so(base::internal::SchedulerWorker::ThreadMain()+256)(05b2d6f689eab7ccb2b3a8c458b88788eab2c4e7)
#09 pc 000000000053842c /data/storage/el1/bundle/libs/arm64/libbase.so(05b2d6f689eab7ccb2b3a8c458b88788eab2c4e7)
#10 pc 00000000001de740 /system/lib/ld-musl-aarch64.so.1(start+240)(8c2ca4e308a1de9ed1e6b4ccc14c7443)
Tid:55657, Name:TaskSchedulerFo
#00 pc 00000000001d9f3c /system/lib/ld-musl-aarch64.so.1(__timedwait_cp+156)(8c2ca4e308a1de9ed1e6b4ccc14c7443)
#01 pc 00000000001dc014 /system/lib/ld-musl-aarch64.so.1(pthread_cond_timedwait+172)(8c2ca4e308a1de9ed1e6b4ccc14c7443)
#02 pc 000000000052c264 /data/storage/el1/bundle/libs/arm64/libbase.so(base::ConditionVariable::TimedWait(base::TimeDelta const&)+404)(05b2d6f689eab7ccb2b3a8c458b88788eab2c4e7)
#03 pc 000000000052db04 /data/storage/el1/bundle/libs/arm64/libbase.so(base::WaitableEvent::TimedWaitUntil(base::TimeTicks const&)+612)(05b2d6f689eab7ccb2b3a8c458b88788eab2c4e7)
#04 pc 000000000052dbd4 /data/storage/el1/bundle/libs/arm64/libbase.so(base::WaitableEvent::TimedWait(base::TimeDelta const&)+96)(05b2d6f689eab7ccb2b3a8c458b88788eab2c4e7)
#05 pc 0000000000418268 /data/storage/el1/bundle/libs/arm64/libbase.so(base::internal::SchedulerWorker::Delegate::WaitForWork(base::WaitableEvent*)+252)(05b2d6f689eab7ccb2b3a8c458b88788eab2c4e7)
#06 pc 0000000000419c94 /data/storage/el1/bundle/libs/arm64/libbase.so(base::internal::SchedulerWorker::RunWorker()+920)(05b2d6f689eab7ccb2b3a8c458b88788eab2c4e7)
#07 pc 00000000004197e0 /data/storage/el1/bundle/libs/arm64/libbase.so(base::internal::SchedulerWorker::RunPooledWorker()+52)(05b2d6f689eab7ccb2b3a8c458b88788eab2c4e7)
#08 pc 0000000000419608 /data/storage/el1/bundle/libs/arm64/libbase.so(base::internal::SchedulerWorker::ThreadMain()+256)(05b2d6f689eab7ccb2b3a8c458b88788eab2c4e7)
#09 pc 000000000053842c /data/storage/el1/bundle/libs/arm64/libbase.so(05b2d6f689eab7ccb2b3a8c458b88788eab2c4e7)
#10 pc 00000000001de740 /system/lib/ld-musl-aarch64.so.1(start+240)(8c2ca4e308a1de9ed1e6b4ccc14c7443)
Tid:55658, Name:TaskSchedulerFo
#00 pc 00000000001d9f3c /system/lib/ld-musl-aarch64.so.1(__timedwait_cp+156)(8c2ca4e308a1de9ed1e6b4ccc14c7443)
#01 pc 00000000001dc014 /system/lib/ld-musl-aarch64.so.1(pthread_cond_timedwait+172)(8c2ca4e308a1de9ed1e6b4ccc14c7443)
#02 pc 000000000052c264 /data/storage/el1/bundle/libs/arm64/libbase.so(base::ConditionVariable::TimedWait(base::TimeDelta const&)+404)(05b2d6f689eab7ccb2b3a8c458b88788eab2c4e7)
#03 pc 000000000052db04 /data/storage/el1/bundle/libs/arm64/libbase.so(base::WaitableEvent::TimedWaitUntil(base::TimeTicks const&)+612)(05b2d6f689eab7ccb2b3a8c458b88788eab2c4e7)
#04 pc 000000000052dbd4 /data/storage/el1/bundle/libs/arm64/libbase.so(base::WaitableEvent::TimedWait(base::TimeDelta const&)+96)(05b2d6f689eab7ccb2b3a8c458b88788eab2c4e7)
#05 pc 0000000000418268 /data/storage/el1/bundle/libs/arm64/libbase.so(base::internal::SchedulerWorker::Delegate::WaitForWork(base::WaitableEvent*)+252)(05b2d6f689eab7ccb2b3a8c458b88788eab2c4e7)
#06 pc 0000000000419c94 /data/storage/el1/bundle/libs/arm64/libbase.so(base::internal::SchedulerWorker::RunWorker()+920)(05b2d6f689eab7ccb2b3a8c458b88788eab2c4e7)
#07 pc 00000000004197e0 /data/storage/el1/bundle/libs/arm64/libbase.so(base::internal::SchedulerWorker::RunPooledWorker()+52)(05b2d6f689eab7ccb2b3a8c458b88788eab2c4e7)
#08 pc 0000000000419608 /data/storage/el1/bundle/libs/arm64/libbase.so(base::internal::SchedulerWorker::ThreadMain()+256)(05b2d6f689eab7ccb2b3a8c458b88788eab2c4e7)
#09 pc 000000000053842c /data/storage/el1/bundle/libs/arm64/libbase.so(05b2d6f689eab7ccb2b3a8c458b88788eab2c4e7)
#10 pc 00000000001de740 /system/lib/ld-musl-aarch64.so.1(start+240)(8c2ca4e308a1de9ed1e6b4ccc14c7443)
Tid:55659, Name:TaskSchedulerFo
#00 pc 00000000001d9f3c /system/lib/ld-musl-aarch64.so.1(__timedwait_cp+156)(8c2ca4e308a1de9ed1e6b4ccc14c7443)
#01 pc 00000000001dc014 /system/lib/ld-musl-aarch64.so.1(pthread_cond_timedwait+172)(8c2ca4e308a1de9ed1e6b4ccc14c7443)
#02 pc 000000000052c264 /data/storage/el1/bundle/libs/arm64/libbase.so(base::ConditionVariable::TimedWait(base::TimeDelta const&)+404)(05b2d6f689eab7ccb2b3a8c458b88788eab2c4e7)
#03 pc 000000000052db04 /data/storage/el1/bundle/libs/arm64/libbase.so(base::WaitableEvent::TimedWaitUntil(base::TimeTicks const&)+612)(05b2d6f689eab7ccb2b3a8c458b88788eab2c4e7)
#04 pc 000000000052dbd4 /data/storage/el1/bundle/libs/arm64/libbase.so(base::WaitableEvent::TimedWait(base::TimeDelta const&)+96)(05b2d6f689eab7ccb2b3a8c458b88788eab2c4e7)
#05 pc 0000000000418268 /data/storage/el1/bundle/libs/arm64/libbase.so(base::internal::SchedulerWorker::Delegate::WaitForWork(base::WaitableEvent*)+252)(05b2d6f689eab7ccb2b3a8c458b88788eab2c4e7)
#06 pc 0000000000419c94 /data/storage/el1/bundle/libs/arm64/libbase.so(base::internal::SchedulerWorker::RunWorker()+920)(05b2d6f689eab7ccb2b3a8c458b88788eab2c4e7)
#07 pc 00000000004197e0 /data/storage/el1/bundle/libs/arm64/libbase.so(base::internal::SchedulerWorker::RunPooledWorker()+52)(05b2d6f689eab7ccb2b3a8c458b88788eab2c4e7)
#08 pc 0000000000419608 /data/storage/el1/bundle/libs/arm64/libbase.so(base::internal::SchedulerWorker::ThreadMain()+256)(05b2d6f689eab7ccb2b3a8c458b88788eab2c4e7)
#09 pc 000000000053842c /data/storage/el1/bundle/libs/arm64/libbase.so(05b2d6f689eab7ccb2b3a8c458b88788eab2c4e7)
#10 pc 00000000001de740 /system/lib/ld-musl-aarch64.so.1(start+240)(8c2ca4e308a1de9ed1e6b4ccc14c7443)
Tid:55660, Name:TaskSchedulerFo
#00 pc 00000000001d9f3c /system/lib/ld-musl-aarch64.so.1(__timedwait_cp+156)(8c2ca4e308a1de9ed1e6b4ccc14c7443)
#01 pc 00000000001dc014 /system/lib/ld-musl-aarch64.so.1(pthread_cond_timedwait+172)(8c2ca4e308a1de9ed1e6b4ccc14c7443)
#02 pc 000000000052c264 /data/storage/el1/bundle/libs/arm64/libbase.so(base::ConditionVariable::TimedWait(base::TimeDelta const&)+404)(05b2d6f689eab7ccb2b3a8c458b88788eab2c4e7)
#03 pc 000000000052db04 /data/storage/el1/bundle/libs/arm64/libbase.so(base::WaitableEvent::TimedWaitUntil(base::TimeTicks const&)+612)(05b2d6f689eab7ccb2b3a8c458b88788eab2c4e7)
#04 pc 000000000052dbd4 /data/storage/el1/bundle/libs/arm64/libbase.so(base::WaitableEvent::TimedWait(base::TimeDelta const&)+96)(05b2d6f689eab7ccb2b3a8c458b88788eab2c4e7)
#05 pc 0000000000418268 /data/storage/el1/bundle/libs/arm64/libbase.so(base::internal::SchedulerWorker::Delegate::WaitForWork(base::WaitableEvent*)+252)(05b2d6f689eab7ccb2b3a8c458b88788eab2c4e7)
#06 pc 0000000000419b38 /data/storage/el1/bundle/libs/arm64/libbase.so(base::internal::SchedulerWorker::RunWorker()+572)(05b2d6f689eab7ccb2b3a8c458b88788eab2c4e7)
#07 pc 00000000004197e0 /data/storage/el1/bundle/libs/arm64/libbase.so(base::internal::SchedulerWorker::RunPooledWorker()+52)(05b2d6f689eab7ccb2b3a8c458b88788eab2c4e7)
#08 pc 0000000000419608 /data/storage/el1/bundle/libs/arm64/libbase.so(base::internal::SchedulerWorker::ThreadMain()+256)(05b2d6f689eab7ccb2b3a8c458b88788eab2c4e7)
#09 pc 000000000053842c /data/storage/el1/bundle/libs/arm64/libbase.so(05b2d6f689eab7ccb2b3a8c458b88788eab2c4e7)
#10 pc 00000000001de740 /system/lib/ld-musl-aarch64.so.1(start+240)(8c2ca4e308a1de9ed1e6b4ccc14c7443)
Tid:55692, Name:RNOH_JS
#00 pc 0000000000177714 /system/lib/ld-musl-aarch64.so.1(epoll_pwait+88)(8c2ca4e308a1de9ed1e6b4ccc14c7443)
#01 pc 000000000002f4e0 /system/lib64/platformsdk/libuv.so(uv__io_poll+608)(dd4ce8a088606e6444f0dceac8540868)
#02 pc 000000000001b7e4 /system/lib64/platformsdk/libuv.so(uv_run+888)(dd4ce8a088606e6444f0dceac8540868)
#03 pc 00000000003465fc /data/storage/el1/bundle/libs/arm64/librnoh_core.so(rnoh::uv::EventLoop::run() const+28)(24ddd36a9a0cc1cc52a08291f31514f635cf0edc)
#04 pc 0000000000345770 /data/storage/el1/bundle/libs/arm64/librnoh_core.so(24ddd36a9a0cc1cc52a08291f31514f635cf0edc)
#05 pc 00000000003456c4 /data/storage/el1/bundle/libs/arm64/librnoh_core.so(24ddd36a9a0cc1cc52a08291f31514f635cf0edc)
#06 pc 0000000000345678 /data/storage/el1/bundle/libs/arm64/librnoh_core.so(24ddd36a9a0cc1cc52a08291f31514f635cf0edc)
#07 pc 0000000000345410 /data/storage/el1/bundle/libs/arm64/librnoh_core.so(24ddd36a9a0cc1cc52a08291f31514f635cf0edc)
#08 pc 00000000001de740 /system/lib/ld-musl-aarch64.so.1(start+240)(8c2ca4e308a1de9ed1e6b4ccc14c7443)
Tid:55693, Name:e.cloudmusic.hm
#00 pc 00000000001d9f3c /system/lib/ld-musl-aarch64.so.1(__timedwait_cp+156)(8c2ca4e308a1de9ed1e6b4ccc14c7443)
#01 pc 00000000001dc014 /system/lib/ld-musl-aarch64.so.1(pthread_cond_timedwait+172)(8c2ca4e308a1de9ed1e6b4ccc14c7443)
#02 pc 0000000000266ff4 /data/storage/el1/bundle/libs/arm64/libMNN.so(std::__n1::condition_variable::wait(std::__n1::unique_lock<std::__n1::mutex>&)+20)(936a90dd012a2dd1762ccc05981b79028628e415)
#03 pc 00000000000d8ee4 /data/storage/el1/bundle/libs/arm64/librnoh_videoplayer.so(d3d46a53bd9170675a2ee4cf0548e08fd12da3d8)
#04 pc 00000000000d8d38 /data/storage/el1/bundle/libs/arm64/librnoh_videoplayer.so(d3d46a53bd9170675a2ee4cf0548e08fd12da3d8)
#05 pc 00000000000da108 /data/storage/el1/bundle/libs/arm64/librnoh_videoplayer.so(d3d46a53bd9170675a2ee4cf0548e08fd12da3d8)
#06 pc 00000000000da0b8 /data/storage/el1/bundle/libs/arm64/librnoh_videoplayer.so(d3d46a53bd9170675a2ee4cf0548e08fd12da3d8)
#07 pc 00000000000da094 /data/storage/el1/bundle/libs/arm64/librnoh_videoplayer.so(d3d46a53bd9170675a2ee4cf0548e08fd12da3d8)
#08 pc 00000000000d9e6c /data/storage/el1/bundle/libs/arm64/librnoh_videoplayer.so(d3d46a53bd9170675a2ee4cf0548e08fd12da3d8)
#09 pc 00000000001de740 /system/lib/ld-musl-aarch64.so.1(start+240)(8c2ca4e308a1de9ed1e6b4ccc14c7443)
Tid:55694, Name:hades
#00 pc 00000000001d9f3c /system/lib/ld-musl-aarch64.so.1(__timedwait_cp+156)(8c2ca4e308a1de9ed1e6b4ccc14c7443)
#01 pc 00000000001dc014 /system/lib/ld-musl-aarch64.so.1(pthread_cond_timedwait+172)(8c2ca4e308a1de9ed1e6b4ccc14c7443)
#02 pc 0000000000266ff4 /data/storage/el1/bundle/libs/arm64/libMNN.so(std::__n1::condition_variable::wait(std::__n1::unique_lock<std::__n1::mutex>&)+20)(936a90dd012a2dd1762ccc05981b79028628e415)
#03 pc 000000000027e12c /data/storage/el1/bundle/libs/arm64/libhermesvm.so(fd2b5f86fc10b74fc5642176e83625d2ffff4d89)
#04 pc 000000000027e07c /data/storage/el1/bundle/libs/arm64/libhermesvm.so(fd2b5f86fc10b74fc5642176e83625d2ffff4d89)
#05 pc 00000000001de740 /system/lib/ld-musl-aarch64.so.1(start+240)(8c2ca4e308a1de9ed1e6b4ccc14c7443)
Tid:55695, Name:OS_VSyncThread
#00 pc 00000000001777c0 /system/lib/ld-musl-aarch64.so.1(epoll_wait+84)(8c2ca4e308a1de9ed1e6b4ccc14c7443)
#01 pc 000000000002fab0 /system/lib64/chipset-sdk-sp/libeventhandler.z.so(OHOS::AppExecFwk::EpollIoWaiter::WaitFor(OHOS::AppExecFwk::UniqueLockBase&, long, bool)+276)(8ab952cee05d2ecabf3a7380e0e9fe52)
#02 pc 000000000001a448 /system/lib64/chipset-sdk-sp/libeventhandler.z.so(OHOS::AppExecFwk::EventQueueBase::GetEvent()+1912)(8ab952cee05d2ecabf3a7380e0e9fe52)
#03 pc 00000000000215c8 /system/lib64/chipset-sdk-sp/libeventhandler.z.so(OHOS::AppExecFwk::(anonymous namespace)::EventRunnerImpl::Run()+820)(8ab952cee05d2ecabf3a7380e0e9fe52)
#04 pc 0000000000020b14 /system/lib64/chipset-sdk-sp/libeventhandler.z.so(OHOS::AppExecFwk::(anonymous namespace)::EventRunnerImpl::ThreadMain(std::__h::weak_ptr<OHOS::AppExecFwk::(anonymous namespace)::EventRunnerImpl> const&) (.cfi)+264)(8ab952cee05d2ecabf3a7380e0e9fe52)
#05 pc 00000000000407f0 /system/lib64/chipset-sdk-sp/libeventhandler.z.so(8ab952cee05d2ecabf3a7380e0e9fe52)
#06 pc 00000000001de740 /system/lib/ld-musl-aarch64.so.1(start+240)(8c2ca4e308a1de9ed1e6b4ccc14c7443)
Tid:55696, Name:RNOH_JS
#00 pc 0000000000177714 /system/lib/ld-musl-aarch64.so.1(epoll_pwait+88)(8c2ca4e308a1de9ed1e6b4ccc14c7443)
#01 pc 000000000002f4e0 /system/lib64/platformsdk/libuv.so(uv__io_poll+608)(dd4ce8a088606e6444f0dceac8540868)
#02 pc 000000000001b7e4 /system/lib64/platformsdk/libuv.so(uv_run+888)(dd4ce8a088606e6444f0dceac8540868)
#03 pc 00000000003465fc /data/storage/el1/bundle/libs/arm64/librnoh_core.so(rnoh::uv::EventLoop::run() const+28)(24ddd36a9a0cc1cc52a08291f31514f635cf0edc)
#04 pc 0000000000345770 /data/storage/el1/bundle/libs/arm64/librnoh_core.so(24ddd36a9a0cc1cc52a08291f31514f635cf0edc)
#05 pc 00000000003456c4 /data/storage/el1/bundle/libs/arm64/librnoh_core.so(24ddd36a9a0cc1cc52a08291f31514f635cf0edc)
#06 pc 0000000000345678 /data/storage/el1/bundle/libs/arm64/librnoh_core.so(24ddd36a9a0cc1cc52a08291f31514f635cf0edc)
#07 pc 0000000000345410 /data/storage/el1/bundle/libs/arm64/librnoh_core.so(24ddd36a9a0cc1cc52a08291f31514f635cf0edc)
#08 pc 00000000001de740 /system/lib/ld-musl-aarch64.so.1(start+240)(8c2ca4e308a1de9ed1e6b4ccc14c7443)
Tid:55697, Name:e.cloudmusic.hm
#00 pc 00000000001d9f3c /system/lib/ld-musl-aarch64.so.1(__timedwait_cp+156)(8c2ca4e308a1de9ed1e6b4ccc14c7443)
#01 pc 00000000001dc014 /system/lib/ld-musl-aarch64.so.1(pthread_cond_timedwait+172)(8c2ca4e308a1de9ed1e6b4ccc14c7443)
#02 pc 0000000000266ff4 /data/storage/el1/bundle/libs/arm64/libMNN.so(std::__n1::condition_variable::wait(std::__n1::unique_lock<std::__n1::mutex>&)+20)(936a90dd012a2dd1762ccc05981b79028628e415)
#03 pc 00000000000d8ee4 /data/storage/el1/bundle/libs/arm64/librnoh_videoplayer.so(d3d46a53bd9170675a2ee4cf0548e08fd12da3d8)
#04 pc 00000000000d8d38 /data/storage/el1/bundle/libs/arm64/librnoh_videoplayer.so(d3d46a53bd9170675a2ee4cf0548e08fd12da3d8)
#05 pc 00000000000da108 /data/storage/el1/bundle/libs/arm64/librnoh_videoplayer.so(d3d46a53bd9170675a2ee4cf0548e08fd12da3d8)
#06 pc 00000000000da0b8 /data/storage/el1/bundle/libs/arm64/librnoh_videoplayer.so(d3d46a53bd9170675a2ee4cf0548e08fd12da3d8)
#07 pc 00000000000da094 /data/storage/el1/bundle/libs/arm64/librnoh_videoplayer.so(d3d46a53bd9170675a2ee4cf0548e08fd12da3d8)
#08 pc 00000000000d9e6c /data/storage/el1/bundle/libs/arm64/librnoh_videoplayer.so(d3d46a53bd9170675a2ee4cf0548e08fd12da3d8)
#09 pc 00000000001de740 /system/lib/ld-musl-aarch64.so.1(start+240)(8c2ca4e308a1de9ed1e6b4ccc14c7443)
Tid:55698, Name:hades
#00 pc 00000000001d9f3c /system/lib/ld-musl-aarch64.so.1(__timedwait_cp+156)(8c2ca4e308a1de9ed1e6b4ccc14c7443)
#01 pc 00000000001dc014 /system/lib/ld-musl-aarch64.so.1(pthread_cond_timedwait+172)(8c2ca4e308a1de9ed1e6b4ccc14c7443)
#02 pc 0000000000266ff4 /data/storage/el1/bundle/libs/arm64/libMNN.so(std::__n1::condition_variable::wait(std::__n1::unique_lock<std::__n1::mutex>&)+20)(936a90dd012a2dd1762ccc05981b79028628e415)
#03 pc 000000000027e12c /data/storage/el1/bundle/libs/arm64/libhermesvm.so(fd2b5f86fc10b74fc5642176e83625d2ffff4d89)
#04 pc 000000000027e07c /data/storage/el1/bundle/libs/arm64/libhermesvm.so(fd2b5f86fc10b74fc5642176e83625d2ffff4d89)
#05 pc 00000000001de740 /system/lib/ld-musl-aarch64.so.1(start+240)(8c2ca4e308a1de9ed1e6b4ccc14c7443)
Tid:55699, Name:OS_VSyncThread
#00 pc 00000000001777c0 /system/lib/ld-musl-aarch64.so.1(epoll_wait+84)(8c2ca4e308a1de9ed1e6b4ccc14c7443)
#01 pc 000000000002fab0 /system/lib64/chipset-sdk-sp/libeventhandler.z.so(OHOS::AppExecFwk::EpollIoWaiter::WaitFor(OHOS::AppExecFwk::UniqueLockBase&, long, bool)+276)(8ab952cee05d2ecabf3a7380e0e9fe52)
#02 pc 000000000001a448 /system/lib64/chipset-sdk-sp/libeventhandler.z.so(OHOS::AppExecFwk::EventQueueBase::GetEvent()+1912)(8ab952cee05d2ecabf3a7380e0e9fe52)
#03 pc 00000000000215c8 /system/lib64/chipset-sdk-sp/libeventhandler.z.so(OHOS::AppExecFwk::(anonymous namespace)::EventRunnerImpl::Run()+820)(8ab952cee05d2ecabf3a7380e0e9fe52)
#04 pc 0000000000020b14 /system/lib64/chipset-sdk-sp/libeventhandler.z.so(OHOS::AppExecFwk::(anonymous namespace)::EventRunnerImpl::ThreadMain(std::__h::weak_ptr<OHOS::AppExecFwk::(anonymous namespace)::EventRunnerImpl> const&) (.cfi)+264)(8ab952cee05d2ecabf3a7380e0e9fe52)
#05 pc 00000000000407f0 /system/lib64/chipset-sdk-sp/libeventhandler.z.so(8ab952cee05d2ecabf3a7380e0e9fe52)
#06 pc 00000000001de740 /system/lib/ld-musl-aarch64.so.1(start+240)(8c2ca4e308a1de9ed1e6b4ccc14c7443)
Tid:55721, Name:OS_FFRT_2_7
#00 pc 00000000001d9f3c /system/lib/ld-musl-aarch64.so.1(__timedwait_cp+156)(8c2ca4e308a1de9ed1e6b4ccc14c7443)
#01 pc 00000000001dc014 /system/lib/ld-musl-aarch64.so.1(pthread_cond_timedwait+172)(8c2ca4e308a1de9ed1e6b4ccc14c7443)
#02 pc 00000000000c4a24 /system/lib64/chipset-sdk-sp/libc++.so(std::__h::condition_variable::__do_timed_wait(std::__h::unique_lock<std::__h::mutex>&, std::__h::chrono::time_point<std::__h::chrono::system_clock, std::__h::chrono::duration<long long, std::__h::ratio<1l, 1000000000l>>>)+104)(f5cb5b97de4ebde633d700fc105f2d2c13a9bbc5)
#03 pc 0000000000065190 /system/lib64/ndk/libffrt.so(ffrt::SExecuteUnit::WorkerIdleAction(ffrt::CPUWorker*)+332)(4909c9bfbd00363a4658edc9322f5e32)
#04 pc 000000000002dbf8 /system/lib64/ndk/libffrt.so(ffrt::CPUWorker::WrapDispatch(void*)+224)(4909c9bfbd00363a4658edc9322f5e32)
#05 pc 00000000001de740 /system/lib/ld-musl-aarch64.so.1(start+240)(8c2ca4e308a1de9ed1e6b4ccc14c7443)
Tid:55722, Name:OS_FFRT_2_8
#00 pc 00000000001d9f3c /system/lib/ld-musl-aarch64.so.1(__timedwait_cp+156)(8c2ca4e308a1de9ed1e6b4ccc14c7443)
#01 pc 00000000001dc014 /system/lib/ld-musl-aarch64.so.1(pthread_cond_timedwait+172)(8c2ca4e308a1de9ed1e6b4ccc14c7443)
#02 pc 00000000000c4a24 /system/lib64/chipset-sdk-sp/libc++.so(std::__h::condition_variable::__do_timed_wait(std::__h::unique_lock<std::__h::mutex>&, std::__h::chrono::time_point<std::__h::chrono::system_clock, std::__h::chrono::duration<long long, std::__h::ratio<1l, 1000000000l>>>)+104)(f5cb5b97de4ebde633d700fc105f2d2c13a9bbc5)
#03 pc 0000000000065190 /system/lib64/ndk/libffrt.so(ffrt::SExecuteUnit::WorkerIdleAction(ffrt::CPUWorker*)+332)(4909c9bfbd00363a4658edc9322f5e32)
#04 pc 000000000002dbf8 /system/lib64/ndk/libffrt.so(ffrt::CPUWorker::WrapDispatch(void*)+224)(4909c9bfbd00363a4658edc9322f5e32)
#05 pc 00000000001de740 /system/lib/ld-musl-aarch64.so.1(start+240)(8c2ca4e308a1de9ed1e6b4ccc14c7443)
Tid:55725, Name:OS_FFRT_2_9
#00 pc 00000000001d9f3c /system/lib/ld-musl-aarch64.so.1(__timedwait_cp+156)(8c2ca4e308a1de9ed1e6b4ccc14c7443)
#01 pc 00000000001dc014 /system/lib/ld-musl-aarch64.so.1(pthread_cond_timedwait+172)(8c2ca4e308a1de9ed1e6b4ccc14c7443)
#02 pc 00000000000c4a24 /system/lib64/chipset-sdk-sp/libc++.so(std::__h::condition_variable::__do_timed_wait(std::__h::unique_lock<std::__h::mutex>&, std::__h::chrono::time_point<std::__h::chrono::system_clock, std::__h::chrono::duration<long long, std::__h::ratio<1l, 1000000000l>>>)+104)(f5cb5b97de4ebde633d700fc105f2d2c13a9bbc5)
#03 pc 0000000000065190 /system/lib64/ndk/libffrt.so(ffrt::SExecuteUnit::WorkerIdleAction(ffrt::CPUWorker*)+332)(4909c9bfbd00363a4658edc9322f5e32)
#04 pc 000000000002dbf8 /system/lib64/ndk/libffrt.so(ffrt::CPUWorker::WrapDispatch(void*)+224)(4909c9bfbd00363a4658edc9322f5e32)
#05 pc 00000000001de740 /system/lib/ld-musl-aarch64.so.1(start+240)(8c2ca4e308a1de9ed1e6b4ccc14c7443)
Tid:55726, Name:OS_FFRT_2_10
#00 pc 00000000001777c0 /system/lib/ld-musl-aarch64.so.1(epoll_wait+84)(8c2ca4e308a1de9ed1e6b4ccc14c7443)
#01 pc 000000000006969c /system/lib64/libpreload_native_rust.z.so(OHOS::Request::StartObserve(OHOS::Request::DirectoryMonitor&) (.cfi)+384)(8d1dc69b30e309a044ed211c46affd6b)
#02 pc 000000000006021c /system/lib64/libpreload_native_rust.z.so(<cache_core::observe::start_history_dir_observe::{closure#0} as core::ops::function::FnOnce<()>>::call_once::{shim:vtable#0}+196)(8d1dc69b30e309a044ed211c46affd6b)
#03 pc 0000000000060dfc /system/lib64/libpreload_native_rust.z.so(cxxbridge1$ClosureWrapper$run+64)(8d1dc69b30e309a044ed211c46affd6b)
#04 pc 0000000000064f1c /system/lib64/libpreload_native_rust.z.so(std::__h::__function::__func<FfrtSpawn(rust::cxxbridge1::Box<ClosureWrapper>)::$_0, std::__h::allocator<FfrtSpawn(rust::cxxbridge1::Box<ClosureWrapper>)::$_0>, void ()>::operator()()+40)(8d1dc69b30e309a044ed211c46affd6b)
#05 pc 000000000008da7c /system/lib64/ndk/libffrt.so(ffrt::CPUEUTask::Execute()+172)(4909c9bfbd00363a4658edc9322f5e32)
#06 pc 000000000004fe04 /system/lib64/ndk/libffrt.so(CoStartEntry(void*)+40)(4909c9bfbd00363a4658edc9322f5e32)
Tid:55729, Name:gpu-mem-pool
#00 pc 00000000001ec26c /system/lib/ld-musl-aarch64.so.1(usleep+96)(8c2ca4e308a1de9ed1e6b4ccc14c7443)
#01 pc 00000000002a6140 /vendor/lib64/passthrough/libhvgr_v200.so
#02 pc 00000000001de740 /system/lib/ld-musl-aarch64.so.1(start+240)(8c2ca4e308a1de9ed1e6b4ccc14c7443)
Tid:55730, Name:gpu-work-client
#00 pc 00000000001d9f3c /system/lib/ld-musl-aarch64.so.1(__timedwait_cp+156)(8c2ca4e308a1de9ed1e6b4ccc14c7443)
#01 pc 00000000001e2804 /system/lib/ld-musl-aarch64.so.1(sem_timedwait+312)(8c2ca4e308a1de9ed1e6b4ccc14c7443)
#02 pc 00000000002a4cfc /vendor/lib64/passthrough/libhvgr_v200.so
#03 pc 00000000001de740 /system/lib/ld-musl-aarch64.so.1(start+240)(8c2ca4e308a1de9ed1e6b4ccc14c7443)
Tid:55731, Name:gpu-work-client
#00 pc 00000000001d9f3c /system/lib/ld-musl-aarch64.so.1(__timedwait_cp+156)(8c2ca4e308a1de9ed1e6b4ccc14c7443)
#01 pc 00000000001e2804 /system/lib/ld-musl-aarch64.so.1(sem_timedwait+312)(8c2ca4e308a1de9ed1e6b4ccc14c7443)
#02 pc 00000000002a4cfc /vendor/lib64/passthrough/libhvgr_v200.so
#03 pc 00000000001de740 /system/lib/ld-musl-aarch64.so.1(start+240)(8c2ca4e308a1de9ed1e6b4ccc14c7443)
Tid:55732, Name:gpu-work-client
#00 pc 00000000001d9f3c /system/lib/ld-musl-aarch64.so.1(__timedwait_cp+156)(8c2ca4e308a1de9ed1e6b4ccc14c7443)
#01 pc 00000000001e2804 /system/lib/ld-musl-aarch64.so.1(sem_timedwait+312)(8c2ca4e308a1de9ed1e6b4ccc14c7443)
#02 pc 00000000002a4cfc /vendor/lib64/passthrough/libhvgr_v200.so
#03 pc 00000000001de740 /system/lib/ld-musl-aarch64.so.1(start+240)(8c2ca4e308a1de9ed1e6b4ccc14c7443)
Tid:55733, Name:gpu-work-server
#00 pc 00000000001bdd64 /system/lib/ld-musl-aarch64.so.1(poll+124)(8c2ca4e308a1de9ed1e6b4ccc14c7443)
#01 pc 0000000000206870 /vendor/lib64/passthrough/libhvgr_v200.so
#02 pc 00000000001de740 /system/lib/ld-musl-aarch64.so.1(start+240)(8c2ca4e308a1de9ed1e6b4ccc14c7443)
Tid:55734, Name:gpu-mem-report
#00 pc 00000000001d9f3c /system/lib/ld-musl-aarch64.so.1(__timedwait_cp+156)(8c2ca4e308a1de9ed1e6b4ccc14c7443)
#01 pc 00000000001e2804 /system/lib/ld-musl-aarch64.so.1(sem_timedwait+312)(8c2ca4e308a1de9ed1e6b4ccc14c7443)
#02 pc 000000000036a424 /vendor/lib64/passthrough/libhvgr_v200.so
#03 pc 00000000001de740 /system/lib/ld-musl-aarch64.so.1(start+240)(8c2ca4e308a1de9ed1e6b4ccc14c7443)
Tid:55736, Name:OS_FFRT_2_2
#00 pc 00000000001ebb00 /system/lib/ld-musl-aarch64.so.1(sleep+64)(8c2ca4e308a1de9ed1e6b4ccc14c7443)
#01 pc 0000000000485718 /vendor/lib64/passthrough/libhvgr_v200.so
#02 pc 00000000004856b8 /vendor/lib64/passthrough/libhvgr_v200.so
#03 pc 00000000001de740 /system/lib/ld-musl-aarch64.so.1(start+240)(8c2ca4e308a1de9ed1e6b4ccc14c7443)
Tid:55741, Name:OS_VSyncThread
#00 pc 00000000001777c0 /system/lib/ld-musl-aarch64.so.1(epoll_wait+84)(8c2ca4e308a1de9ed1e6b4ccc14c7443)
#01 pc 000000000002fab0 /system/lib64/chipset-sdk-sp/libeventhandler.z.so(OHOS::AppExecFwk::EpollIoWaiter::WaitFor(OHOS::AppExecFwk::UniqueLockBase&, long, bool)+276)(8ab952cee05d2ecabf3a7380e0e9fe52)
#02 pc 000000000001a448 /system/lib64/chipset-sdk-sp/libeventhandler.z.so(OHOS::AppExecFwk::EventQueueBase::GetEvent()+1912)(8ab952cee05d2ecabf3a7380e0e9fe52)
#03 pc 00000000000215c8 /system/lib64/chipset-sdk-sp/libeventhandler.z.so(OHOS::AppExecFwk::(anonymous namespace)::EventRunnerImpl::Run()+820)(8ab952cee05d2ecabf3a7380e0e9fe52)
#04 pc 0000000000020b14 /system/lib64/chipset-sdk-sp/libeventhandler.z.so(OHOS::AppExecFwk::(anonymous namespace)::EventRunnerImpl::ThreadMain(std::__h::weak_ptr<OHOS::AppExecFwk::(anonymous namespace)::EventRunnerImpl> const&) (.cfi)+264)(8ab952cee05d2ecabf3a7380e0e9fe52)
#05 pc 00000000000407f0 /system/lib64/chipset-sdk-sp/libeventhandler.z.so(8ab952cee05d2ecabf3a7380e0e9fe52)
#06 pc 00000000001de740 /system/lib/ld-musl-aarch64.so.1(start+240)(8c2ca4e308a1de9ed1e6b4ccc14c7443)
Tid:55742, Name:OS_VSyncThread
#00 pc 00000000001777c0 /system/lib/ld-musl-aarch64.so.1(epoll_wait+84)(8c2ca4e308a1de9ed1e6b4ccc14c7443)
#01 pc 000000000002fab0 /system/lib64/chipset-sdk-sp/libeventhandler.z.so(OHOS::AppExecFwk::EpollIoWaiter::WaitFor(OHOS::AppExecFwk::UniqueLockBase&, long, bool)+276)(8ab952cee05d2ecabf3a7380e0e9fe52)
#02 pc 000000000001a448 /system/lib64/chipset-sdk-sp/libeventhandler.z.so(OHOS::AppExecFwk::EventQueueBase::GetEvent()+1912)(8ab952cee05d2ecabf3a7380e0e9fe52)
#03 pc 00000000000215c8 /system/lib64/chipset-sdk-sp/libeventhandler.z.so(OHOS::AppExecFwk::(anonymous namespace)::EventRunnerImpl::Run()+820)(8ab952cee05d2ecabf3a7380e0e9fe52)
#04 pc 0000000000020b14 /system/lib64/chipset-sdk-sp/libeventhandler.z.so(OHOS::AppExecFwk::(anonymous namespace)::EventRunnerImpl::ThreadMain(std::__h::weak_ptr<OHOS::AppExecFwk::(anonymous namespace)::EventRunnerImpl> const&) (.cfi)+264)(8ab952cee05d2ecabf3a7380e0e9fe52)
#05 pc 00000000000407f0 /system/lib64/chipset-sdk-sp/libeventhandler.z.so(8ab952cee05d2ecabf3a7380e0e9fe52)
#06 pc 00000000001de740 /system/lib/ld-musl-aarch64.so.1(start+240)(8c2ca4e308a1de9ed1e6b4ccc14c7443)
Tid:55743, Name:OS_VSyncThread
#00 pc 00000000001777c0 /system/lib/ld-musl-aarch64.so.1(epoll_wait+84)(8c2ca4e308a1de9ed1e6b4ccc14c7443)
#01 pc 000000000002fab0 /system/lib64/chipset-sdk-sp/libeventhandler.z.so(OHOS::AppExecFwk::EpollIoWaiter::WaitFor(OHOS::AppExecFwk::UniqueLockBase&, long, bool)+276)(8ab952cee05d2ecabf3a7380e0e9fe52)
#02 pc 000000000001a448 /system/lib64/chipset-sdk-sp/libeventhandler.z.so(OHOS::AppExecFwk::EventQueueBase::GetEvent()+1912)(8ab952cee05d2ecabf3a7380e0e9fe52)
#03 pc 00000000000215c8 /system/lib64/chipset-sdk-sp/libeventhandler.z.so(OHOS::AppExecFwk::(anonymous namespace)::EventRunnerImpl::Run()+820)(8ab952cee05d2ecabf3a7380e0e9fe52)
#04 pc 0000000000020b14 /system/lib64/chipset-sdk-sp/libeventhandler.z.so(OHOS::AppExecFwk::(anonymous namespace)::EventRunnerImpl::ThreadMain(std::__h::weak_ptr<OHOS::AppExecFwk::(anonymous namespace)::EventRunnerImpl> const&) (.cfi)+264)(8ab952cee05d2ecabf3a7380e0e9fe52)
#05 pc 00000000000407f0 /system/lib64/chipset-sdk-sp/libeventhandler.z.so(8ab952cee05d2ecabf3a7380e0e9fe52)
#06 pc 00000000001de740 /system/lib/ld-musl-aarch64.so.1(start+240)(8c2ca4e308a1de9ed1e6b4ccc14c7443)
Tid:55744, Name:hades
#00 pc 00000000001d9f3c /system/lib/ld-musl-aarch64.so.1(__timedwait_cp+156)(8c2ca4e308a1de9ed1e6b4ccc14c7443)
#01 pc 00000000001dc014 /system/lib/ld-musl-aarch64.so.1(pthread_cond_timedwait+172)(8c2ca4e308a1de9ed1e6b4ccc14c7443)
#02 pc 0000000000266ff4 /data/storage/el1/bundle/libs/arm64/libMNN.so(std::__n1::condition_variable::wait(std::__n1::unique_lock<std::__n1::mutex>&)+20)(936a90dd012a2dd1762ccc05981b79028628e415)
#03 pc 000000000027e12c /data/storage/el1/bundle/libs/arm64/libhermesvm.so(fd2b5f86fc10b74fc5642176e83625d2ffff4d89)
#04 pc 000000000027e07c /data/storage/el1/bundle/libs/arm64/libhermesvm.so(fd2b5f86fc10b74fc5642176e83625d2ffff4d89)
#05 pc 00000000001de740 /system/lib/ld-musl-aarch64.so.1(start+240)(8c2ca4e308a1de9ed1e6b4ccc14c7443)
Tid:55746, Name:OS_VSyncThread
#00 pc 00000000001777c0 /system/lib/ld-musl-aarch64.so.1(epoll_wait+84)(8c2ca4e308a1de9ed1e6b4ccc14c7443)
#01 pc 000000000002fab0 /system/lib64/chipset-sdk-sp/libeventhandler.z.so(OHOS::AppExecFwk::EpollIoWaiter::WaitFor(OHOS::AppExecFwk::UniqueLockBase&, long, bool)+276)(8ab952cee05d2ecabf3a7380e0e9fe52)
#02 pc 000000000001a448 /system/lib64/chipset-sdk-sp/libeventhandler.z.so(OHOS::AppExecFwk::EventQueueBase::GetEvent()+1912)(8ab952cee05d2ecabf3a7380e0e9fe52)
#03 pc 00000000000215c8 /system/lib64/chipset-sdk-sp/libeventhandler.z.so(OHOS::AppExecFwk::(anonymous namespace)::EventRunnerImpl::Run()+820)(8ab952cee05d2ecabf3a7380e0e9fe52)
#04 pc 0000000000020b14 /system/lib64/chipset-sdk-sp/libeventhandler.z.so(OHOS::AppExecFwk::(anonymous namespace)::EventRunnerImpl::ThreadMain(std::__h::weak_ptr<OHOS::AppExecFwk::(anonymous namespace)::EventRunnerImpl> const&) (.cfi)+264)(8ab952cee05d2ecabf3a7380e0e9fe52)
#05 pc 00000000000407f0 /system/lib64/chipset-sdk-sp/libeventhandler.z.so(8ab952cee05d2ecabf3a7380e0e9fe52)
#06 pc 00000000001de740 /system/lib/ld-musl-aarch64.so.1(start+240)(8c2ca4e308a1de9ed1e6b4ccc14c7443)
Tid:55747, Name:hades
#00 pc 00000000001d9f3c /system/lib/ld-musl-aarch64.so.1(__timedwait_cp+156)(8c2ca4e308a1de9ed1e6b4ccc14c7443)
#01 pc 00000000001dc014 /system/lib/ld-musl-aarch64.so.1(pthread_cond_timedwait+172)(8c2ca4e308a1de9ed1e6b4ccc14c7443)
#02 pc 0000000000266ff4 /data/storage/el1/bundle/libs/arm64/libMNN.so(std::__n1::condition_variable::wait(std::__n1::unique_lock<std::__n1::mutex>&)+20)(936a90dd012a2dd1762ccc05981b79028628e415)
#03 pc 000000000027e12c /data/storage/el1/bundle/libs/arm64/libhermesvm.so(fd2b5f86fc10b74fc5642176e83625d2ffff4d89)
#04 pc 000000000027e07c /data/storage/el1/bundle/libs/arm64/libhermesvm.so(fd2b5f86fc10b74fc5642176e83625d2ffff4d89)
#05 pc 00000000001de740 /system/lib/ld-musl-aarch64.so.1(start+240)(8c2ca4e308a1de9ed1e6b4ccc14c7443)
Tid:55748, Name:OS_VSyncThread
#00 pc 00000000001777c0 /system/lib/ld-musl-aarch64.so.1(epoll_wait+84)(8c2ca4e308a1de9ed1e6b4ccc14c7443)
#01 pc 000000000002fab0 /system/lib64/chipset-sdk-sp/libeventhandler.z.so(OHOS::AppExecFwk::EpollIoWaiter::WaitFor(OHOS::AppExecFwk::UniqueLockBase&, long, bool)+276)(8ab952cee05d2ecabf3a7380e0e9fe52)
#02 pc 000000000001a448 /system/lib64/chipset-sdk-sp/libeventhandler.z.so(OHOS::AppExecFwk::EventQueueBase::GetEvent()+1912)(8ab952cee05d2ecabf3a7380e0e9fe52)
#03 pc 00000000000215c8 /system/lib64/chipset-sdk-sp/libeventhandler.z.so(OHOS::AppExecFwk::(anonymous namespace)::EventRunnerImpl::Run()+820)(8ab952cee05d2ecabf3a7380e0e9fe52)
#04 pc 0000000000020b14 /system/lib64/chipset-sdk-sp/libeventhandler.z.so(OHOS::AppExecFwk::(anonymous namespace)::EventRunnerImpl::ThreadMain(std::__h::weak_ptr<OHOS::AppExecFwk::(anonymous namespace)::EventRunnerImpl> const&) (.cfi)+264)(8ab952cee05d2ecabf3a7380e0e9fe52)
#05 pc 00000000000407f0 /system/lib64/chipset-sdk-sp/libeventhandler.z.so(8ab952cee05d2ecabf3a7380e0e9fe52)
#06 pc 00000000001de740 /system/lib/ld-musl-aarch64.so.1(start+240)(8c2ca4e308a1de9ed1e6b4ccc14c7443)
Tid:55749, Name:hades
#00 pc 00000000001d9f3c /system/lib/ld-musl-aarch64.so.1(__timedwait_cp+156)(8c2ca4e308a1de9ed1e6b4ccc14c7443)
#01 pc 00000000001dc014 /system/lib/ld-musl-aarch64.so.1(pthread_cond_timedwait+172)(8c2ca4e308a1de9ed1e6b4ccc14c7443)
#02 pc 0000000000266ff4 /data/storage/el1/bundle/libs/arm64/libMNN.so(std::__n1::condition_variable::wait(std::__n1::unique_lock<std::__n1::mutex>&)+20)(936a90dd012a2dd1762ccc05981b79028628e415)
#03 pc 000000000027e12c /data/storage/el1/bundle/libs/arm64/libhermesvm.so(fd2b5f86fc10b74fc5642176e83625d2ffff4d89)
#04 pc 000000000027e07c /data/storage/el1/bundle/libs/arm64/libhermesvm.so(fd2b5f86fc10b74fc5642176e83625d2ffff4d89)
#05 pc 00000000001de740 /system/lib/ld-musl-aarch64.so.1(start+240)(8c2ca4e308a1de9ed1e6b4ccc14c7443)
Tid:55750, Name:OS_VSyncThread
#00 pc 00000000001777c0 /system/lib/ld-musl-aarch64.so.1(epoll_wait+84)(8c2ca4e308a1de9ed1e6b4ccc14c7443)
#01 pc 000000000002fab0 /system/lib64/chipset-sdk-sp/libeventhandler.z.so(OHOS::AppExecFwk::EpollIoWaiter::WaitFor(OHOS::AppExecFwk::UniqueLockBase&, long, bool)+276)(8ab952cee05d2ecabf3a7380e0e9fe52)
#02 pc 000000000001a448 /system/lib64/chipset-sdk-sp/libeventhandler.z.so(OHOS::AppExecFwk::EventQueueBase::GetEvent()+1912)(8ab952cee05d2ecabf3a7380e0e9fe52)
#03 pc 00000000000215c8 /system/lib64/chipset-sdk-sp/libeventhandler.z.so(OHOS::AppExecFwk::(anonymous namespace)::EventRunnerImpl::Run()+820)(8ab952cee05d2ecabf3a7380e0e9fe52)
#04 pc 0000000000020b14 /system/lib64/chipset-sdk-sp/libeventhandler.z.so(OHOS::AppExecFwk::(anonymous namespace)::EventRunnerImpl::ThreadMain(std::__h::weak_ptr<OHOS::AppExecFwk::(anonymous namespace)::EventRunnerImpl> const&) (.cfi)+264)(8ab952cee05d2ecabf3a7380e0e9fe52)
#05 pc 00000000000407f0 /system/lib64/chipset-sdk-sp/libeventhandler.z.so(8ab952cee05d2ecabf3a7380e0e9fe52)
#06 pc 00000000001de740 /system/lib/ld-musl-aarch64.so.1(start+240)(8c2ca4e308a1de9ed1e6b4ccc14c7443)
Tid:55751, Name:OS_VSyncThread
#00 pc 00000000001777c0 /system/lib/ld-musl-aarch64.so.1(epoll_wait+84)(8c2ca4e308a1de9ed1e6b4ccc14c7443)
#01 pc 000000000002fab0 /system/lib64/chipset-sdk-sp/libeventhandler.z.so(OHOS::AppExecFwk::EpollIoWaiter::WaitFor(OHOS::AppExecFwk::UniqueLockBase&, long, bool)+276)(8ab952cee05d2ecabf3a7380e0e9fe52)
#02 pc 000000000001a448 /system/lib64/chipset-sdk-sp/libeventhandler.z.so(OHOS::AppExecFwk::EventQueueBase::GetEvent()+1912)(8ab952cee05d2ecabf3a7380e0e9fe52)
#03 pc 00000000000215c8 /system/lib64/chipset-sdk-sp/libeventhandler.z.so(OHOS::AppExecFwk::(anonymous namespace)::EventRunnerImpl::Run()+820)(8ab952cee05d2ecabf3a7380e0e9fe52)
#04 pc 0000000000020b14 /system/lib64/chipset-sdk-sp/libeventhandler.z.so(OHOS::AppExecFwk::(anonymous namespace)::EventRunnerImpl::ThreadMain(std::__h::weak_ptr<OHOS::AppExecFwk::(anonymous namespace)::EventRunnerImpl> const&) (.cfi)+264)(8ab952cee05d2ecabf3a7380e0e9fe52)
#05 pc 00000000000407f0 /system/lib64/chipset-sdk-sp/libeventhandler.z.so(8ab952cee05d2ecabf3a7380e0e9fe52)
#06 pc 00000000001de740 /system/lib/ld-musl-aarch64.so.1(start+240)(8c2ca4e308a1de9ed1e6b4ccc14c7443)
Tid:55753, Name:RNOH_JS
#00 pc 00000000001d9f3c /system/lib/ld-musl-aarch64.so.1(__timedwait_cp+156)(8c2ca4e308a1de9ed1e6b4ccc14c7443)
#01 pc 00000000001dc014 /system/lib/ld-musl-aarch64.so.1(pthread_cond_timedwait+172)(8c2ca4e308a1de9ed1e6b4ccc14c7443)
#02 pc 0000000000266ff4 /data/storage/el1/bundle/libs/arm64/libMNN.so(std::__n1::condition_variable::wait(std::__n1::unique_lock<std::__n1::mutex>&)+20)(936a90dd012a2dd1762ccc05981b79028628e415)
#03 pc 00000000000b7538 /data/storage/el1/bundle/libs/arm64/librnoh_nmplaylist.so(d5384a19040edebb15460806605ca05c0a9e1ef0)
#04 pc 00000000000b723c /data/storage/el1/bundle/libs/arm64/librnoh_nmplaylist.so(nm_playlist::PlaylistDbThread::loop()+80)(d5384a19040edebb15460806605ca05c0a9e1ef0)
#05 pc 00000000000b71dc /data/storage/el1/bundle/libs/arm64/librnoh_nmplaylist.so(d5384a19040edebb15460806605ca05c0a9e1ef0)
#06 pc 00000000000b71b4 /data/storage/el1/bundle/libs/arm64/librnoh_nmplaylist.so(d5384a19040edebb15460806605ca05c0a9e1ef0)
#07 pc 00000000000b7168 /data/storage/el1/bundle/libs/arm64/librnoh_nmplaylist.so(d5384a19040edebb15460806605ca05c0a9e1ef0)
#08 pc 00000000000b6cf0 /data/storage/el1/bundle/libs/arm64/librnoh_nmplaylist.so(d5384a19040edebb15460806605ca05c0a9e1ef0)
#09 pc 00000000001de740 /system/lib/ld-musl-aarch64.so.1(start+240)(8c2ca4e308a1de9ed1e6b4ccc14c7443)
Tid:55755, Name:OS_VSyncThread
#00 pc 00000000001777c0 /system/lib/ld-musl-aarch64.so.1(epoll_wait+84)(8c2ca4e308a1de9ed1e6b4ccc14c7443)
#01 pc 000000000002fab0 /system/lib64/chipset-sdk-sp/libeventhandler.z.so(OHOS::AppExecFwk::EpollIoWaiter::WaitFor(OHOS::AppExecFwk::UniqueLockBase&, long, bool)+276)(8ab952cee05d2ecabf3a7380e0e9fe52)
#02 pc 000000000001a448 /system/lib64/chipset-sdk-sp/libeventhandler.z.so(OHOS::AppExecFwk::EventQueueBase::GetEvent()+1912)(8ab952cee05d2ecabf3a7380e0e9fe52)
#03 pc 00000000000215c8 /system/lib64/chipset-sdk-sp/libeventhandler.z.so(OHOS::AppExecFwk::(anonymous namespace)::EventRunnerImpl::Run()+820)(8ab952cee05d2ecabf3a7380e0e9fe52)
#04 pc 0000000000020b14 /system/lib64/chipset-sdk-sp/libeventhandler.z.so(OHOS::AppExecFwk::(anonymous namespace)::EventRunnerImpl::ThreadMain(std::__h::weak_ptr<OHOS::AppExecFwk::(anonymous namespace)::EventRunnerImpl> const&) (.cfi)+264)(8ab952cee05d2ecabf3a7380e0e9fe52)
#05 pc 00000000000407f0 /system/lib64/chipset-sdk-sp/libeventhandler.z.so(8ab952cee05d2ecabf3a7380e0e9fe52)
#06 pc 00000000001de740 /system/lib/ld-musl-aarch64.so.1(start+240)(8c2ca4e308a1de9ed1e6b4ccc14c7443)
Tid:55756, Name:RNOH_JS
#00 pc 00000000001d9f3c /system/lib/ld-musl-aarch64.so.1(__timedwait_cp+156)(8c2ca4e308a1de9ed1e6b4ccc14c7443)
#01 pc 00000000001dc014 /system/lib/ld-musl-aarch64.so.1(pthread_cond_timedwait+172)(8c2ca4e308a1de9ed1e6b4ccc14c7443)
#02 pc 0000000000266ff4 /data/storage/el1/bundle/libs/arm64/libMNN.so(std::__n1::condition_variable::wait(std::__n1::unique_lock<std::__n1::mutex>&)+20)(936a90dd012a2dd1762ccc05981b79028628e415)
#03 pc 0000000000054acc /data/storage/el1/bundle/libs/arm64/libjsiCommonCache.so(NMMessageLoop::DoRun()+500)(1fec04623fc3090bf106518f95f631d2df931f1d)
#04 pc 00000000000544d0 /data/storage/el1/bundle/libs/arm64/libjsiCommonCache.so(NMTaskLoop::Run()+80)(1fec04623fc3090bf106518f95f631d2df931f1d)
#05 pc 0000000000054efc /data/storage/el1/bundle/libs/arm64/libjsiCommonCache.so(1fec04623fc3090bf106518f95f631d2df931f1d)
#06 pc 00000000001de740 /system/lib/ld-musl-aarch64.so.1(start+240)(8c2ca4e308a1de9ed1e6b4ccc14c7443)
Tid:55762, Name:OS_FFRT_1_0
#00 pc 00000000001d9f3c /system/lib/ld-musl-aarch64.so.1(__timedwait_cp+156)(8c2ca4e308a1de9ed1e6b4ccc14c7443)
#01 pc 00000000001dc014 /system/lib/ld-musl-aarch64.so.1(pthread_cond_timedwait+172)(8c2ca4e308a1de9ed1e6b4ccc14c7443)
#02 pc 00000000000c4a24 /system/lib64/chipset-sdk-sp/libc++.so(std::__h::condition_variable::__do_timed_wait(std::__h::unique_lock<std::__h::mutex>&, std::__h::chrono::time_point<std::__h::chrono::system_clock, std::__h::chrono::duration<long long, std::__h::ratio<1l, 1000000000l>>>)+104)(f5cb5b97de4ebde633d700fc105f2d2c13a9bbc5)
#03 pc 0000000000065190 /system/lib64/ndk/libffrt.so(ffrt::SExecuteUnit::WorkerIdleAction(ffrt::CPUWorker*)+332)(4909c9bfbd00363a4658edc9322f5e32)
#04 pc 000000000002dbf8 /system/lib64/ndk/libffrt.so(ffrt::CPUWorker::WrapDispatch(void*)+224)(4909c9bfbd00363a4658edc9322f5e32)
#05 pc 00000000001de740 /system/lib/ld-musl-aarch64.so.1(start+240)(8c2ca4e308a1de9ed1e6b4ccc14c7443)
Tid:55766, Name:OS_FFRT_5_4
#00 pc 00000000001d9f3c /system/lib/ld-musl-aarch64.so.1(__timedwait_cp+156)(8c2ca4e308a1de9ed1e6b4ccc14c7443)
#01 pc 00000000001dc014 /system/lib/ld-musl-aarch64.so.1(pthread_cond_timedwait+172)(8c2ca4e308a1de9ed1e6b4ccc14c7443)
#02 pc 00000000000c4a24 /system/lib64/chipset-sdk-sp/libc++.so(std::__h::condition_variable::__do_timed_wait(std::__h::unique_lock<std::__h::mutex>&, std::__h::chrono::time_point<std::__h::chrono::system_clock, std::__h::chrono::duration<long long, std::__h::ratio<1l, 1000000000l>>>)+104)(f5cb5b97de4ebde633d700fc105f2d2c13a9bbc5)
#03 pc 0000000000065190 /system/lib64/ndk/libffrt.so(ffrt::SExecuteUnit::WorkerIdleAction(ffrt::CPUWorker*)+332)(4909c9bfbd00363a4658edc9322f5e32)
#04 pc 000000000002dbf8 /system/lib64/ndk/libffrt.so(ffrt::CPUWorker::WrapDispatch(void*)+224)(4909c9bfbd00363a4658edc9322f5e32)
#05 pc 00000000001de740 /system/lib/ld-musl-aarch64.so.1(start+240)(8c2ca4e308a1de9ed1e6b4ccc14c7443)
Tid:55767, Name:OS_FFRT_5_5
#00 pc 00000000001d9f3c /system/lib/ld-musl-aarch64.so.1(__timedwait_cp+156)(8c2ca4e308a1de9ed1e6b4ccc14c7443)
#01 pc 00000000001dc014 /system/lib/ld-musl-aarch64.so.1(pthread_cond_timedwait+172)(8c2ca4e308a1de9ed1e6b4ccc14c7443)
#02 pc 00000000000c4a24 /system/lib64/chipset-sdk-sp/libc++.so(std::__h::condition_variable::__do_timed_wait(std::__h::unique_lock<std::__h::mutex>&, std::__h::chrono::time_point<std::__h::chrono::system_clock, std::__h::chrono::duration<long long, std::__h::ratio<1l, 1000000000l>>>)+104)(f5cb5b97de4ebde633d700fc105f2d2c13a9bbc5)
#03 pc 0000000000065190 /system/lib64/ndk/libffrt.so(ffrt::SExecuteUnit::WorkerIdleAction(ffrt::CPUWorker*)+332)(4909c9bfbd00363a4658edc9322f5e32)
#04 pc 000000000002dbf8 /system/lib64/ndk/libffrt.so(ffrt::CPUWorker::WrapDispatch(void*)+224)(4909c9bfbd00363a4658edc9322f5e32)
#05 pc 00000000001de740 /system/lib/ld-musl-aarch64.so.1(start+240)(8c2ca4e308a1de9ed1e6b4ccc14c7443)
Tid:55775, Name:OS_FFRT_5_6
#00 pc 00000000001d9f3c /system/lib/ld-musl-aarch64.so.1(__timedwait_cp+156)(8c2ca4e308a1de9ed1e6b4ccc14c7443)
#01 pc 00000000001dc014 /system/lib/ld-musl-aarch64.so.1(pthread_cond_timedwait+172)(8c2ca4e308a1de9ed1e6b4ccc14c7443)
#02 pc 00000000000c4a24 /system/lib64/chipset-sdk-sp/libc++.so(std::__h::condition_variable::__do_timed_wait(std::__h::unique_lock<std::__h::mutex>&, std::__h::chrono::time_point<std::__h::chrono::system_clock, std::__h::chrono::duration<long long, std::__h::ratio<1l, 1000000000l>>>)+104)(f5cb5b97de4ebde633d700fc105f2d2c13a9bbc5)
#03 pc 0000000000065190 /system/lib64/ndk/libffrt.so(ffrt::SExecuteUnit::WorkerIdleAction(ffrt::CPUWorker*)+332)(4909c9bfbd00363a4658edc9322f5e32)
#04 pc 000000000002dbf8 /system/lib64/ndk/libffrt.so(ffrt::CPUWorker::WrapDispatch(void*)+224)(4909c9bfbd00363a4658edc9322f5e32)
#05 pc 00000000001de740 /system/lib/ld-musl-aarch64.so.1(start+240)(8c2ca4e308a1de9ed1e6b4ccc14c7443)
Tid:55776, Name:OS_NET_HttpWork
#00 pc 00000000001777c0 /system/lib/ld-musl-aarch64.so.1(epoll_wait+84)(8c2ca4e308a1de9ed1e6b4ccc14c7443)
#01 pc 00000000000224d4 /system/lib64/platformsdk/libhttp_client.z.so(223368cd19de6eaf5d79a4ae8a428824)
#02 pc 00000000001de740 /system/lib/ld-musl-aarch64.so.1(start+240)(8c2ca4e308a1de9ed1e6b4ccc14c7443)
Tid:55782, Name:RNOH_JS
#00 pc 00000000001d9f3c /system/lib/ld-musl-aarch64.so.1(__timedwait_cp+156)(8c2ca4e308a1de9ed1e6b4ccc14c7443)
#01 pc 00000000001dc014 /system/lib/ld-musl-aarch64.so.1(pthread_cond_timedwait+172)(8c2ca4e308a1de9ed1e6b4ccc14c7443)
#02 pc 00000000001436d8 /data/storage/el1/bundle/libs/arm64/libjsincmaudioplayer.so(ncm_audioplayer::CNCMMsgThread::doThreadFunc()+268)(c7dfa809300b37309a73b970147ddcfbf0e5c07c)
#03 pc 00000000001435bc /data/storage/el1/bundle/libs/arm64/libjsincmaudioplayer.so(ncm_audioplayer::CNCMMsgThread::ThreadFunc(void*)+8)(c7dfa809300b37309a73b970147ddcfbf0e5c07c)
#04 pc 0000000000143f5c /data/storage/el1/bundle/libs/arm64/libjsincmaudioplayer.so(c7dfa809300b37309a73b970147ddcfbf0e5c07c)
#05 pc 00000000001de740 /system/lib/ld-musl-aarch64.so.1(start+240)(8c2ca4e308a1de9ed1e6b4ccc14c7443)
Tid:55783, Name:RNOH_JS
#00 pc 00000000001d9f3c /system/lib/ld-musl-aarch64.so.1(__timedwait_cp+156)(8c2ca4e308a1de9ed1e6b4ccc14c7443)
#01 pc 00000000001dc014 /system/lib/ld-musl-aarch64.so.1(pthread_cond_timedwait+172)(8c2ca4e308a1de9ed1e6b4ccc14c7443)
#02 pc 00000000001436d8 /data/storage/el1/bundle/libs/arm64/libjsincmaudioplayer.so(ncm_audioplayer::CNCMMsgThread::doThreadFunc()+268)(c7dfa809300b37309a73b970147ddcfbf0e5c07c)
#03 pc 00000000001435bc /data/storage/el1/bundle/libs/arm64/libjsincmaudioplayer.so(ncm_audioplayer::CNCMMsgThread::ThreadFunc(void*)+8)(c7dfa809300b37309a73b970147ddcfbf0e5c07c)
#04 pc 0000000000143f5c /data/storage/el1/bundle/libs/arm64/libjsincmaudioplayer.so(c7dfa809300b37309a73b970147ddcfbf0e5c07c)
#05 pc 00000000001de740 /system/lib/ld-musl-aarch64.so.1(start+240)(8c2ca4e308a1de9ed1e6b4ccc14c7443)
Tid:55784, Name:RNOH_JS
#00 pc 00000000001d9f3c /system/lib/ld-musl-aarch64.so.1(__timedwait_cp+156)(8c2ca4e308a1de9ed1e6b4ccc14c7443)
#01 pc 00000000001dc014 /system/lib/ld-musl-aarch64.so.1(pthread_cond_timedwait+172)(8c2ca4e308a1de9ed1e6b4ccc14c7443)
#02 pc 00000000001436d8 /data/storage/el1/bundle/libs/arm64/libjsincmaudioplayer.so(ncm_audioplayer::CNCMMsgThread::doThreadFunc()+268)(c7dfa809300b37309a73b970147ddcfbf0e5c07c)
#03 pc 00000000001435bc /data/storage/el1/bundle/libs/arm64/libjsincmaudioplayer.so(ncm_audioplayer::CNCMMsgThread::ThreadFunc(void*)+8)(c7dfa809300b37309a73b970147ddcfbf0e5c07c)
#04 pc 0000000000143f5c /data/storage/el1/bundle/libs/arm64/libjsincmaudioplayer.so(c7dfa809300b37309a73b970147ddcfbf0e5c07c)
#05 pc 00000000001de740 /system/lib/ld-musl-aarch64.so.1(start+240)(8c2ca4e308a1de9ed1e6b4ccc14c7443)
Tid:55785, Name:RNOH_JS
#00 pc 00000000001d9f3c /system/lib/ld-musl-aarch64.so.1(__timedwait_cp+156)(8c2ca4e308a1de9ed1e6b4ccc14c7443)
#01 pc 00000000001dc014 /system/lib/ld-musl-aarch64.so.1(pthread_cond_timedwait+172)(8c2ca4e308a1de9ed1e6b4ccc14c7443)
#02 pc 00000000001436d8 /data/storage/el1/bundle/libs/arm64/libjsincmaudioplayer.so(ncm_audioplayer::CNCMMsgThread::doThreadFunc()+268)(c7dfa809300b37309a73b970147ddcfbf0e5c07c)
#03 pc 00000000001435bc /data/storage/el1/bundle/libs/arm64/libjsincmaudioplayer.so(ncm_audioplayer::CNCMMsgThread::ThreadFunc(void*)+8)(c7dfa809300b37309a73b970147ddcfbf0e5c07c)
#04 pc 0000000000143f5c /data/storage/el1/bundle/libs/arm64/libjsincmaudioplayer.so(c7dfa809300b37309a73b970147ddcfbf0e5c07c)
#05 pc 00000000001de740 /system/lib/ld-musl-aarch64.so.1(start+240)(8c2ca4e308a1de9ed1e6b4ccc14c7443)
Tid:55786, Name:RNOH_JS
#00 pc 00000000001d9f3c /system/lib/ld-musl-aarch64.so.1(__timedwait_cp+156)(8c2ca4e308a1de9ed1e6b4ccc14c7443)
#01 pc 00000000001dc014 /system/lib/ld-musl-aarch64.so.1(pthread_cond_timedwait+172)(8c2ca4e308a1de9ed1e6b4ccc14c7443)
#02 pc 00000000001436d8 /data/storage/el1/bundle/libs/arm64/libjsincmaudioplayer.so(ncm_audioplayer::CNCMMsgThread::doThreadFunc()+268)(c7dfa809300b37309a73b970147ddcfbf0e5c07c)
#03 pc 00000000001435bc /data/storage/el1/bundle/libs/arm64/libjsincmaudioplayer.so(ncm_audioplayer::CNCMMsgThread::ThreadFunc(void*)+8)(c7dfa809300b37309a73b970147ddcfbf0e5c07c)
#04 pc 0000000000143f5c /data/storage/el1/bundle/libs/arm64/libjsincmaudioplayer.so(c7dfa809300b37309a73b970147ddcfbf0e5c07c)
#05 pc 00000000001de740 /system/lib/ld-musl-aarch64.so.1(start+240)(8c2ca4e308a1de9ed1e6b4ccc14c7443)
Tid:55787, Name:RNOH_JS
#00 pc 00000000001d9f3c /system/lib/ld-musl-aarch64.so.1(__timedwait_cp+156)(8c2ca4e308a1de9ed1e6b4ccc14c7443)
#01 pc 00000000001dc014 /system/lib/ld-musl-aarch64.so.1(pthread_cond_timedwait+172)(8c2ca4e308a1de9ed1e6b4ccc14c7443)
#02 pc 00000000001436d8 /data/storage/el1/bundle/libs/arm64/libjsincmaudioplayer.so(ncm_audioplayer::CNCMMsgThread::doThreadFunc()+268)(c7dfa809300b37309a73b970147ddcfbf0e5c07c)
#03 pc 00000000001435bc /data/storage/el1/bundle/libs/arm64/libjsincmaudioplayer.so(ncm_audioplayer::CNCMMsgThread::ThreadFunc(void*)+8)(c7dfa809300b37309a73b970147ddcfbf0e5c07c)
#04 pc 0000000000143f5c /data/storage/el1/bundle/libs/arm64/libjsincmaudioplayer.so(c7dfa809300b37309a73b970147ddcfbf0e5c07c)
#05 pc 00000000001de740 /system/lib/ld-musl-aarch64.so.1(start+240)(8c2ca4e308a1de9ed1e6b4ccc14c7443)
Tid:55790, Name:OS_AVSessionHdl
#00 pc 00000000001d9f3c /system/lib/ld-musl-aarch64.so.1(__timedwait_cp+156)(8c2ca4e308a1de9ed1e6b4ccc14c7443)
#01 pc 00000000001dc014 /system/lib/ld-musl-aarch64.so.1(pthread_cond_timedwait+172)(8c2ca4e308a1de9ed1e6b4ccc14c7443)
#02 pc 00000000000c4a24 /system/lib64/chipset-sdk-sp/libc++.so(std::__h::condition_variable::__do_timed_wait(std::__h::unique_lock<std::__h::mutex>&, std::__h::chrono::time_point<std::__h::chrono::system_clock, std::__h::chrono::duration<long long, std::__h::ratio<1l, 1000000000l>>>)+104)(f5cb5b97de4ebde633d700fc105f2d2c13a9bbc5)
#03 pc 0000000000046654 /system/lib64/chipset-sdk-sp/libeventhandler.z.so(OHOS::AppExecFwk::NoneIoWaiter::WaitFor(OHOS::AppExecFwk::UniqueLockBase&, long, bool)+252)(8ab952cee05d2ecabf3a7380e0e9fe52)
#04 pc 000000000001a448 /system/lib64/chipset-sdk-sp/libeventhandler.z.so(OHOS::AppExecFwk::EventQueueBase::GetEvent()+1912)(8ab952cee05d2ecabf3a7380e0e9fe52)
#05 pc 00000000000215c8 /system/lib64/chipset-sdk-sp/libeventhandler.z.so(OHOS::AppExecFwk::(anonymous namespace)::EventRunnerImpl::Run()+820)(8ab952cee05d2ecabf3a7380e0e9fe52)
#06 pc 0000000000020b14 /system/lib64/chipset-sdk-sp/libeventhandler.z.so(OHOS::AppExecFwk::(anonymous namespace)::EventRunnerImpl::ThreadMain(std::__h::weak_ptr<OHOS::AppExecFwk::(anonymous namespace)::EventRunnerImpl> const&) (.cfi)+264)(8ab952cee05d2ecabf3a7380e0e9fe52)
#07 pc 00000000000407f0 /system/lib64/chipset-sdk-sp/libeventhandler.z.so(8ab952cee05d2ecabf3a7380e0e9fe52)
#08 pc 00000000001de740 /system/lib/ld-musl-aarch64.so.1(start+240)(8c2ca4e308a1de9ed1e6b4ccc14c7443)
Tid:55805, Name:RNOH_JS
#00 pc 00000000001d9f3c /system/lib/ld-musl-aarch64.so.1(__timedwait_cp+156)(8c2ca4e308a1de9ed1e6b4ccc14c7443)
#01 pc 00000000001dc014 /system/lib/ld-musl-aarch64.so.1(pthread_cond_timedwait+172)(8c2ca4e308a1de9ed1e6b4ccc14c7443)
#02 pc 0000000000266ff4 /data/storage/el1/bundle/libs/arm64/libMNN.so(std::__n1::condition_variable::wait(std::__n1::unique_lock<std::__n1::mutex>&)+20)(936a90dd012a2dd1762ccc05981b79028628e415)
#03 pc 0000000000054acc /data/storage/el1/bundle/libs/arm64/libjsiCommonCache.so(NMMessageLoop::DoRun()+500)(1fec04623fc3090bf106518f95f631d2df931f1d)
#04 pc 00000000000544d0 /data/storage/el1/bundle/libs/arm64/libjsiCommonCache.so(NMTaskLoop::Run()+80)(1fec04623fc3090bf106518f95f631d2df931f1d)
#05 pc 0000000000054efc /data/storage/el1/bundle/libs/arm64/libjsiCommonCache.so(1fec04623fc3090bf106518f95f631d2df931f1d)
#06 pc 00000000001de740 /system/lib/ld-musl-aarch64.so.1(start+240)(8c2ca4e308a1de9ed1e6b4ccc14c7443)
Tid:55806, Name:RNOH_JS
#00 pc 00000000001d9f3c /system/lib/ld-musl-aarch64.so.1(__timedwait_cp+156)(8c2ca4e308a1de9ed1e6b4ccc14c7443)
#01 pc 00000000001dc014 /system/lib/ld-musl-aarch64.so.1(pthread_cond_timedwait+172)(8c2ca4e308a1de9ed1e6b4ccc14c7443)
#02 pc 0000000000266ff4 /data/storage/el1/bundle/libs/arm64/libMNN.so(std::__n1::condition_variable::wait(std::__n1::unique_lock<std::__n1::mutex>&)+20)(936a90dd012a2dd1762ccc05981b79028628e415)
#03 pc 0000000000054acc /data/storage/el1/bundle/libs/arm64/libjsiCommonCache.so(NMMessageLoop::DoRun()+500)(1fec04623fc3090bf106518f95f631d2df931f1d)
#04 pc 00000000000544d0 /data/storage/el1/bundle/libs/arm64/libjsiCommonCache.so(NMTaskLoop::Run()+80)(1fec04623fc3090bf106518f95f631d2df931f1d)
#05 pc 0000000000054efc /data/storage/el1/bundle/libs/arm64/libjsiCommonCache.so(1fec04623fc3090bf106518f95f631d2df931f1d)
#06 pc 00000000001de740 /system/lib/ld-musl-aarch64.so.1(start+240)(8c2ca4e308a1de9ed1e6b4ccc14c7443)
Tid:55808, Name:OS_Recreate
#00 pc 00000000001d9f3c /system/lib/ld-musl-aarch64.so.1(__timedwait_cp+156)(8c2ca4e308a1de9ed1e6b4ccc14c7443)
#01 pc 00000000001dc014 /system/lib/ld-musl-aarch64.so.1(pthread_cond_timedwait+172)(8c2ca4e308a1de9ed1e6b4ccc14c7443)
#02 pc 00000000000c4988 /system/lib64/chipset-sdk-sp/libc++.so(std::__h::condition_variable::wait(std::__h::unique_lock<std::__h::mutex>&)+32)(f5cb5b97de4ebde633d700fc105f2d2c13a9bbc5)
#03 pc 0000000000040c58 /system/lib64/platformsdk/libaudio_renderer.z.so(8d07b9fb61e27fb8350e406c051f4fe9)
#04 pc 00000000001de740 /system/lib/ld-musl-aarch64.so.1(start+240)(8c2ca4e308a1de9ed1e6b4ccc14c7443)
Tid:55813, Name:OS_AudioStateCB
#00 pc 00000000001d9f3c /system/lib/ld-musl-aarch64.so.1(__timedwait_cp+156)(8c2ca4e308a1de9ed1e6b4ccc14c7443)
#01 pc 00000000001dc014 /system/lib/ld-musl-aarch64.so.1(pthread_cond_timedwait+172)(8c2ca4e308a1de9ed1e6b4ccc14c7443)
#02 pc 00000000000c4a24 /system/lib64/chipset-sdk-sp/libc++.so(std::__h::condition_variable::__do_timed_wait(std::__h::unique_lock<std::__h::mutex>&, std::__h::chrono::time_point<std::__h::chrono::system_clock, std::__h::chrono::duration<long long, std::__h::ratio<1l, 1000000000l>>>)+104)(f5cb5b97de4ebde633d700fc105f2d2c13a9bbc5)
#03 pc 0000000000046654 /system/lib64/chipset-sdk-sp/libeventhandler.z.so(OHOS::AppExecFwk::NoneIoWaiter::WaitFor(OHOS::AppExecFwk::UniqueLockBase&, long, bool)+252)(8ab952cee05d2ecabf3a7380e0e9fe52)
#04 pc 000000000001a448 /system/lib64/chipset-sdk-sp/libeventhandler.z.so(OHOS::AppExecFwk::EventQueueBase::GetEvent()+1912)(8ab952cee05d2ecabf3a7380e0e9fe52)
#05 pc 00000000000215c8 /system/lib64/chipset-sdk-sp/libeventhandler.z.so(OHOS::AppExecFwk::(anonymous namespace)::EventRunnerImpl::Run()+820)(8ab952cee05d2ecabf3a7380e0e9fe52)
#06 pc 0000000000020b14 /system/lib64/chipset-sdk-sp/libeventhandler.z.so(OHOS::AppExecFwk::(anonymous namespace)::EventRunnerImpl::ThreadMain(std::__h::weak_ptr<OHOS::AppExecFwk::(anonymous namespace)::EventRunnerImpl> const&) (.cfi)+264)(8ab952cee05d2ecabf3a7380e0e9fe52)
#07 pc 00000000000407f0 /system/lib64/chipset-sdk-sp/libeventhandler.z.so(8ab952cee05d2ecabf3a7380e0e9fe52)
#08 pc 00000000001de740 /system/lib/ld-musl-aarch64.so.1(start+240)(8c2ca4e308a1de9ed1e6b4ccc14c7443)
Tid:55814, Name:OS_AudioWriteCB
#00 pc 00000000001d9f3c /system/lib/ld-musl-aarch64.so.1(__timedwait_cp+156)(8c2ca4e308a1de9ed1e6b4ccc14c7443)
#01 pc 00000000001dc014 /system/lib/ld-musl-aarch64.so.1(pthread_cond_timedwait+172)(8c2ca4e308a1de9ed1e6b4ccc14c7443)
#02 pc 00000000000c4a24 /system/lib64/chipset-sdk-sp/libc++.so(std::__h::condition_variable::__do_timed_wait(std::__h::unique_lock<std::__h::mutex>&, std::__h::chrono::time_point<std::__h::chrono::system_clock, std::__h::chrono::duration<long long, std::__h::ratio<1l, 1000000000l>>>)+104)(f5cb5b97de4ebde633d700fc105f2d2c13a9bbc5)
#03 pc 00000000000b0e9c /system/lib64/platformsdk/libaudio_client.z.so(OHOS::AudioStandard::RendererInClientInner::WaitForRunning()+412)(0e4839c7e3f20d5152f89c053c31d414)
#04 pc 00000000000b260c /system/lib64/platformsdk/libaudio_client.z.so(OHOS::AudioStandard::RendererInClientInner::WriteCallbackFunc()+112)(0e4839c7e3f20d5152f89c053c31d414)
#05 pc 00000000000c1510 /system/lib64/platformsdk/libaudio_client.z.so(void* std::__h::__thread_proxy[abi:v15004]<std::__h::tuple<std::__h::unique_ptr<std::__h::__thread_struct, std::__h::default_delete<std::__h::__thread_struct>>, OHOS::AudioStandard::RendererInClientInner::InitCallbackLoop()::$_0>>(void*)+304)(0e4839c7e3f20d5152f89c053c31d414)
#06 pc 00000000001de740 /system/lib/ld-musl-aarch64.so.1(start+240)(8c2ca4e308a1de9ed1e6b4ccc14c7443)
Tid:55815, Name:RNOH_JS
#00 pc 00000000001d9f3c /system/lib/ld-musl-aarch64.so.1(__timedwait_cp+156)(8c2ca4e308a1de9ed1e6b4ccc14c7443)
#01 pc 00000000001dc014 /system/lib/ld-musl-aarch64.so.1(pthread_cond_timedwait+172)(8c2ca4e308a1de9ed1e6b4ccc14c7443)
#02 pc 00000000001436d8 /data/storage/el1/bundle/libs/arm64/libjsincmaudioplayer.so(ncm_audioplayer::CNCMMsgThread::doThreadFunc()+268)(c7dfa809300b37309a73b970147ddcfbf0e5c07c)
#03 pc 00000000001435bc /data/storage/el1/bundle/libs/arm64/libjsincmaudioplayer.so(ncm_audioplayer::CNCMMsgThread::ThreadFunc(void*)+8)(c7dfa809300b37309a73b970147ddcfbf0e5c07c)
#04 pc 0000000000143f5c /data/storage/el1/bundle/libs/arm64/libjsincmaudioplayer.so(c7dfa809300b37309a73b970147ddcfbf0e5c07c)
#05 pc 00000000001de740 /system/lib/ld-musl-aarch64.so.1(start+240)(8c2ca4e308a1de9ed1e6b4ccc14c7443)
Tid:55832, Name:RNOH_JS
#00 pc 0000000000177714 /system/lib/ld-musl-aarch64.so.1(epoll_pwait+88)(8c2ca4e308a1de9ed1e6b4ccc14c7443)
#01 pc 000000000002f4e0 /system/lib64/platformsdk/libuv.so(uv__io_poll+608)(dd4ce8a088606e6444f0dceac8540868)
#02 pc 000000000001b7e4 /system/lib64/platformsdk/libuv.so(uv_run+888)(dd4ce8a088606e6444f0dceac8540868)
#03 pc 00000000003465fc /data/storage/el1/bundle/libs/arm64/librnoh_core.so(rnoh::uv::EventLoop::run() const+28)(24ddd36a9a0cc1cc52a08291f31514f635cf0edc)
#04 pc 0000000000345770 /data/storage/el1/bundle/libs/arm64/librnoh_core.so(24ddd36a9a0cc1cc52a08291f31514f635cf0edc)
#05 pc 00000000003456c4 /data/storage/el1/bundle/libs/arm64/librnoh_core.so(24ddd36a9a0cc1cc52a08291f31514f635cf0edc)
#06 pc 0000000000345678 /data/storage/el1/bundle/libs/arm64/librnoh_core.so(24ddd36a9a0cc1cc52a08291f31514f635cf0edc)
#07 pc 0000000000345410 /data/storage/el1/bundle/libs/arm64/librnoh_core.so(24ddd36a9a0cc1cc52a08291f31514f635cf0edc)
#08 pc 00000000001de740 /system/lib/ld-musl-aarch64.so.1(start+240)(8c2ca4e308a1de9ed1e6b4ccc14c7443)
Tid:55833, Name:e.cloudmusic.hm
#00 pc 00000000001d9f3c /system/lib/ld-musl-aarch64.so.1(__timedwait_cp+156)(8c2ca4e308a1de9ed1e6b4ccc14c7443)
#01 pc 00000000001dc014 /system/lib/ld-musl-aarch64.so.1(pthread_cond_timedwait+172)(8c2ca4e308a1de9ed1e6b4ccc14c7443)
#02 pc 0000000000266ff4 /data/storage/el1/bundle/libs/arm64/libMNN.so(std::__n1::condition_variable::wait(std::__n1::unique_lock<std::__n1::mutex>&)+20)(936a90dd012a2dd1762ccc05981b79028628e415)
#03 pc 00000000000d8ee4 /data/storage/el1/bundle/libs/arm64/librnoh_videoplayer.so(d3d46a53bd9170675a2ee4cf0548e08fd12da3d8)
#04 pc 00000000000d8d38 /data/storage/el1/bundle/libs/arm64/librnoh_videoplayer.so(d3d46a53bd9170675a2ee4cf0548e08fd12da3d8)
#05 pc 00000000000da108 /data/storage/el1/bundle/libs/arm64/librnoh_videoplayer.so(d3d46a53bd9170675a2ee4cf0548e08fd12da3d8)
#06 pc 00000000000da0b8 /data/storage/el1/bundle/libs/arm64/librnoh_videoplayer.so(d3d46a53bd9170675a2ee4cf0548e08fd12da3d8)
#07 pc 00000000000da094 /data/storage/el1/bundle/libs/arm64/librnoh_videoplayer.so(d3d46a53bd9170675a2ee4cf0548e08fd12da3d8)
#08 pc 00000000000d9e6c /data/storage/el1/bundle/libs/arm64/librnoh_videoplayer.so(d3d46a53bd9170675a2ee4cf0548e08fd12da3d8)
#09 pc 00000000001de740 /system/lib/ld-musl-aarch64.so.1(start+240)(8c2ca4e308a1de9ed1e6b4ccc14c7443)
Tid:55834, Name:hades
#00 pc 00000000001d9f3c /system/lib/ld-musl-aarch64.so.1(__timedwait_cp+156)(8c2ca4e308a1de9ed1e6b4ccc14c7443)
#01 pc 00000000001dc014 /system/lib/ld-musl-aarch64.so.1(pthread_cond_timedwait+172)(8c2ca4e308a1de9ed1e6b4ccc14c7443)
#02 pc 0000000000266ff4 /data/storage/el1/bundle/libs/arm64/libMNN.so(std::__n1::condition_variable::wait(std::__n1::unique_lock<std::__n1::mutex>&)+20)(936a90dd012a2dd1762ccc05981b79028628e415)
#03 pc 000000000027e12c /data/storage/el1/bundle/libs/arm64/libhermesvm.so(fd2b5f86fc10b74fc5642176e83625d2ffff4d89)
#04 pc 000000000027e07c /data/storage/el1/bundle/libs/arm64/libhermesvm.so(fd2b5f86fc10b74fc5642176e83625d2ffff4d89)
#05 pc 00000000001de740 /system/lib/ld-musl-aarch64.so.1(start+240)(8c2ca4e308a1de9ed1e6b4ccc14c7443)
Tid:55835, Name:OS_VSyncThread
#00 pc 00000000001777c0 /system/lib/ld-musl-aarch64.so.1(epoll_wait+84)(8c2ca4e308a1de9ed1e6b4ccc14c7443)
#01 pc 000000000002fab0 /system/lib64/chipset-sdk-sp/libeventhandler.z.so(OHOS::AppExecFwk::EpollIoWaiter::WaitFor(OHOS::AppExecFwk::UniqueLockBase&, long, bool)+276)(8ab952cee05d2ecabf3a7380e0e9fe52)
#02 pc 000000000001a448 /system/lib64/chipset-sdk-sp/libeventhandler.z.so(OHOS::AppExecFwk::EventQueueBase::GetEvent()+1912)(8ab952cee05d2ecabf3a7380e0e9fe52)
#03 pc 00000000000215c8 /system/lib64/chipset-sdk-sp/libeventhandler.z.so(OHOS::AppExecFwk::(anonymous namespace)::EventRunnerImpl::Run()+820)(8ab952cee05d2ecabf3a7380e0e9fe52)
#04 pc 0000000000020b14 /system/lib64/chipset-sdk-sp/libeventhandler.z.so(OHOS::AppExecFwk::(anonymous namespace)::EventRunnerImpl::ThreadMain(std::__h::weak_ptr<OHOS::AppExecFwk::(anonymous namespace)::EventRunnerImpl> const&) (.cfi)+264)(8ab952cee05d2ecabf3a7380e0e9fe52)
#05 pc 00000000000407f0 /system/lib64/chipset-sdk-sp/libeventhandler.z.so(8ab952cee05d2ecabf3a7380e0e9fe52)
#06 pc 00000000001de740 /system/lib/ld-musl-aarch64.so.1(start+240)(8c2ca4e308a1de9ed1e6b4ccc14c7443)
Tid:55837, Name:OS_VSyncThread
#00 pc 00000000001777c0 /system/lib/ld-musl-aarch64.so.1(epoll_wait+84)(8c2ca4e308a1de9ed1e6b4ccc14c7443)
#01 pc 000000000002fab0 /system/lib64/chipset-sdk-sp/libeventhandler.z.so(OHOS::AppExecFwk::EpollIoWaiter::WaitFor(OHOS::AppExecFwk::UniqueLockBase&, long, bool)+276)(8ab952cee05d2ecabf3a7380e0e9fe52)
#02 pc 000000000001a448 /system/lib64/chipset-sdk-sp/libeventhandler.z.so(OHOS::AppExecFwk::EventQueueBase::GetEvent()+1912)(8ab952cee05d2ecabf3a7380e0e9fe52)
#03 pc 00000000000215c8 /system/lib64/chipset-sdk-sp/libeventhandler.z.so(OHOS::AppExecFwk::(anonymous namespace)::EventRunnerImpl::Run()+820)(8ab952cee05d2ecabf3a7380e0e9fe52)
#04 pc 0000000000020b14 /system/lib64/chipset-sdk-sp/libeventhandler.z.so(OHOS::AppExecFwk::(anonymous namespace)::EventRunnerImpl::ThreadMain(std::__h::weak_ptr<OHOS::AppExecFwk::(anonymous namespace)::EventRunnerImpl> const&) (.cfi)+264)(8ab952cee05d2ecabf3a7380e0e9fe52)
#05 pc 00000000000407f0 /system/lib64/chipset-sdk-sp/libeventhandler.z.so(8ab952cee05d2ecabf3a7380e0e9fe52)
#06 pc 00000000001de740 /system/lib/ld-musl-aarch64.so.1(start+240)(8c2ca4e308a1de9ed1e6b4ccc14c7443)
Tid:55838, Name:OS_VSyncThread
#00 pc 00000000001777c0 /system/lib/ld-musl-aarch64.so.1(epoll_wait+84)(8c2ca4e308a1de9ed1e6b4ccc14c7443)
#01 pc 000000000002fab0 /system/lib64/chipset-sdk-sp/libeventhandler.z.so(OHOS::AppExecFwk::EpollIoWaiter::WaitFor(OHOS::AppExecFwk::UniqueLockBase&, long, bool)+276)(8ab952cee05d2ecabf3a7380e0e9fe52)
#02 pc 000000000001a448 /system/lib64/chipset-sdk-sp/libeventhandler.z.so(OHOS::AppExecFwk::EventQueueBase::GetEvent()+1912)(8ab952cee05d2ecabf3a7380e0e9fe52)
#03 pc 00000000000215c8 /system/lib64/chipset-sdk-sp/libeventhandler.z.so(OHOS::AppExecFwk::(anonymous namespace)::EventRunnerImpl::Run()+820)(8ab952cee05d2ecabf3a7380e0e9fe52)
#04 pc 0000000000020b14 /system/lib64/chipset-sdk-sp/libeventhandler.z.so(OHOS::AppExecFwk::(anonymous namespace)::EventRunnerImpl::ThreadMain(std::__h::weak_ptr<OHOS::AppExecFwk::(anonymous namespace)::EventRunnerImpl> const&) (.cfi)+264)(8ab952cee05d2ecabf3a7380e0e9fe52)
#05 pc 00000000000407f0 /system/lib64/chipset-sdk-sp/libeventhandler.z.so(8ab952cee05d2ecabf3a7380e0e9fe52)
#06 pc 00000000001de740 /system/lib/ld-musl-aarch64.so.1(start+240)(8c2ca4e308a1de9ed1e6b4ccc14c7443)
Tid:55839, Name:hades
#00 pc 00000000001d9f3c /system/lib/ld-musl-aarch64.so.1(__timedwait_cp+156)(8c2ca4e308a1de9ed1e6b4ccc14c7443)
#01 pc 00000000001dc014 /system/lib/ld-musl-aarch64.so.1(pthread_cond_timedwait+172)(8c2ca4e308a1de9ed1e6b4ccc14c7443)
#02 pc 0000000000266ff4 /data/storage/el1/bundle/libs/arm64/libMNN.so(std::__n1::condition_variable::wait(std::__n1::unique_lock<std::__n1::mutex>&)+20)(936a90dd012a2dd1762ccc05981b79028628e415)
#03 pc 000000000027e12c /data/storage/el1/bundle/libs/arm64/libhermesvm.so(fd2b5f86fc10b74fc5642176e83625d2ffff4d89)
#04 pc 000000000027e07c /data/storage/el1/bundle/libs/arm64/libhermesvm.so(fd2b5f86fc10b74fc5642176e83625d2ffff4d89)
#05 pc 00000000001de740 /system/lib/ld-musl-aarch64.so.1(start+240)(8c2ca4e308a1de9ed1e6b4ccc14c7443)
Tid:55841, Name:OS_VSyncThread
#00 pc 00000000001777c0 /system/lib/ld-musl-aarch64.so.1(epoll_wait+84)(8c2ca4e308a1de9ed1e6b4ccc14c7443)
#01 pc 000000000002fab0 /system/lib64/chipset-sdk-sp/libeventhandler.z.so(OHOS::AppExecFwk::EpollIoWaiter::WaitFor(OHOS::AppExecFwk::UniqueLockBase&, long, bool)+276)(8ab952cee05d2ecabf3a7380e0e9fe52)
#02 pc 000000000001a448 /system/lib64/chipset-sdk-sp/libeventhandler.z.so(OHOS::AppExecFwk::EventQueueBase::GetEvent()+1912)(8ab952cee05d2ecabf3a7380e0e9fe52)
#03 pc 00000000000215c8 /system/lib64/chipset-sdk-sp/libeventhandler.z.so(OHOS::AppExecFwk::(anonymous namespace)::EventRunnerImpl::Run()+820)(8ab952cee05d2ecabf3a7380e0e9fe52)
#04 pc 0000000000020b14 /system/lib64/chipset-sdk-sp/libeventhandler.z.so(OHOS::AppExecFwk::(anonymous namespace)::EventRunnerImpl::ThreadMain(std::__h::weak_ptr<OHOS::AppExecFwk::(anonymous namespace)::EventRunnerImpl> const&) (.cfi)+264)(8ab952cee05d2ecabf3a7380e0e9fe52)
#05 pc 00000000000407f0 /system/lib64/chipset-sdk-sp/libeventhandler.z.so(8ab952cee05d2ecabf3a7380e0e9fe52)
#06 pc 00000000001de740 /system/lib/ld-musl-aarch64.so.1(start+240)(8c2ca4e308a1de9ed1e6b4ccc14c7443)
Tid:55842, Name:OS_FFRT_4_0
#00 pc 00000000001d9f3c /system/lib/ld-musl-aarch64.so.1(__timedwait_cp+156)(8c2ca4e308a1de9ed1e6b4ccc14c7443)
#01 pc 00000000001dc014 /system/lib/ld-musl-aarch64.so.1(pthread_cond_timedwait+172)(8c2ca4e308a1de9ed1e6b4ccc14c7443)
#02 pc 00000000000c4a24 /system/lib64/chipset-sdk-sp/libc++.so(std::__h::condition_variable::__do_timed_wait(std::__h::unique_lock<std::__h::mutex>&, std::__h::chrono::time_point<std::__h::chrono::system_clock, std::__h::chrono::duration<long long, std::__h::ratio<1l, 1000000000l>>>)+104)(f5cb5b97de4ebde633d700fc105f2d2c13a9bbc5)
#03 pc 0000000000065190 /system/lib64/ndk/libffrt.so(ffrt::SExecuteUnit::WorkerIdleAction(ffrt::CPUWorker*)+332)(4909c9bfbd00363a4658edc9322f5e32)
#04 pc 000000000002dbf8 /system/lib64/ndk/libffrt.so(ffrt::CPUWorker::WrapDispatch(void*)+224)(4909c9bfbd00363a4658edc9322f5e32)
#05 pc 00000000001de740 /system/lib/ld-musl-aarch64.so.1(start+240)(8c2ca4e308a1de9ed1e6b4ccc14c7443)
Tid:55895, Name:RNOH_JS
#00 pc 0000000000177714 /system/lib/ld-musl-aarch64.so.1(epoll_pwait+88)(8c2ca4e308a1de9ed1e6b4ccc14c7443)
#01 pc 000000000002f4e0 /system/lib64/platformsdk/libuv.so(uv__io_poll+608)(dd4ce8a088606e6444f0dceac8540868)
#02 pc 000000000001b7e4 /system/lib64/platformsdk/libuv.so(uv_run+888)(dd4ce8a088606e6444f0dceac8540868)
#03 pc 00000000003465fc /data/storage/el1/bundle/libs/arm64/librnoh_core.so(rnoh::uv::EventLoop::run() const+28)(24ddd36a9a0cc1cc52a08291f31514f635cf0edc)
#04 pc 0000000000345770 /data/storage/el1/bundle/libs/arm64/librnoh_core.so(24ddd36a9a0cc1cc52a08291f31514f635cf0edc)
#05 pc 00000000003456c4 /data/storage/el1/bundle/libs/arm64/librnoh_core.so(24ddd36a9a0cc1cc52a08291f31514f635cf0edc)
#06 pc 0000000000345678 /data/storage/el1/bundle/libs/arm64/librnoh_core.so(24ddd36a9a0cc1cc52a08291f31514f635cf0edc)
#07 pc 0000000000345410 /data/storage/el1/bundle/libs/arm64/librnoh_core.so(24ddd36a9a0cc1cc52a08291f31514f635cf0edc)
#08 pc 00000000001de740 /system/lib/ld-musl-aarch64.so.1(start+240)(8c2ca4e308a1de9ed1e6b4ccc14c7443)
Tid:55896, Name:e.cloudmusic.hm
#00 pc 00000000001d9f3c /system/lib/ld-musl-aarch64.so.1(__timedwait_cp+156)(8c2ca4e308a1de9ed1e6b4ccc14c7443)
#01 pc 00000000001dc014 /system/lib/ld-musl-aarch64.so.1(pthread_cond_timedwait+172)(8c2ca4e308a1de9ed1e6b4ccc14c7443)
#02 pc 0000000000266ff4 /data/storage/el1/bundle/libs/arm64/libMNN.so(std::__n1::condition_variable::wait(std::__n1::unique_lock<std::__n1::mutex>&)+20)(936a90dd012a2dd1762ccc05981b79028628e415)
#03 pc 00000000000d8ee4 /data/storage/el1/bundle/libs/arm64/librnoh_videoplayer.so(d3d46a53bd9170675a2ee4cf0548e08fd12da3d8)
#04 pc 00000000000d8d38 /data/storage/el1/bundle/libs/arm64/librnoh_videoplayer.so(d3d46a53bd9170675a2ee4cf0548e08fd12da3d8)
#05 pc 00000000000da108 /data/storage/el1/bundle/libs/arm64/librnoh_videoplayer.so(d3d46a53bd9170675a2ee4cf0548e08fd12da3d8)
#06 pc 00000000000da0b8 /data/storage/el1/bundle/libs/arm64/librnoh_videoplayer.so(d3d46a53bd9170675a2ee4cf0548e08fd12da3d8)
#07 pc 00000000000da094 /data/storage/el1/bundle/libs/arm64/librnoh_videoplayer.so(d3d46a53bd9170675a2ee4cf0548e08fd12da3d8)
#08 pc 00000000000d9e6c /data/storage/el1/bundle/libs/arm64/librnoh_videoplayer.so(d3d46a53bd9170675a2ee4cf0548e08fd12da3d8)
#09 pc 00000000001de740 /system/lib/ld-musl-aarch64.so.1(start+240)(8c2ca4e308a1de9ed1e6b4ccc14c7443)
Tid:55897, Name:hades
#00 pc 00000000001d9f3c /system/lib/ld-musl-aarch64.so.1(__timedwait_cp+156)(8c2ca4e308a1de9ed1e6b4ccc14c7443)
#01 pc 00000000001dc014 /system/lib/ld-musl-aarch64.so.1(pthread_cond_timedwait+172)(8c2ca4e308a1de9ed1e6b4ccc14c7443)
#02 pc 0000000000266ff4 /data/storage/el1/bundle/libs/arm64/libMNN.so(std::__n1::condition_variable::wait(std::__n1::unique_lock<std::__n1::mutex>&)+20)(936a90dd012a2dd1762ccc05981b79028628e415)
#03 pc 000000000027e12c /data/storage/el1/bundle/libs/arm64/libhermesvm.so(fd2b5f86fc10b74fc5642176e83625d2ffff4d89)
#04 pc 000000000027e07c /data/storage/el1/bundle/libs/arm64/libhermesvm.so(fd2b5f86fc10b74fc5642176e83625d2ffff4d89)
#05 pc 00000000001de740 /system/lib/ld-musl-aarch64.so.1(start+240)(8c2ca4e308a1de9ed1e6b4ccc14c7443)
Tid:55898, Name:OS_VSyncThread
#00 pc 00000000001777c0 /system/lib/ld-musl-aarch64.so.1(epoll_wait+84)(8c2ca4e308a1de9ed1e6b4ccc14c7443)
#01 pc 000000000002fab0 /system/lib64/chipset-sdk-sp/libeventhandler.z.so(OHOS::AppExecFwk::EpollIoWaiter::WaitFor(OHOS::AppExecFwk::UniqueLockBase&, long, bool)+276)(8ab952cee05d2ecabf3a7380e0e9fe52)
#02 pc 000000000001a448 /system/lib64/chipset-sdk-sp/libeventhandler.z.so(OHOS::AppExecFwk::EventQueueBase::GetEvent()+1912)(8ab952cee05d2ecabf3a7380e0e9fe52)
#03 pc 00000000000215c8 /system/lib64/chipset-sdk-sp/libeventhandler.z.so(OHOS::AppExecFwk::(anonymous namespace)::EventRunnerImpl::Run()+820)(8ab952cee05d2ecabf3a7380e0e9fe52)
#04 pc 0000000000020b14 /system/lib64/chipset-sdk-sp/libeventhandler.z.so(OHOS::AppExecFwk::(anonymous namespace)::EventRunnerImpl::ThreadMain(std::__h::weak_ptr<OHOS::AppExecFwk::(anonymous namespace)::EventRunnerImpl> const&) (.cfi)+264)(8ab952cee05d2ecabf3a7380e0e9fe52)
#05 pc 00000000000407f0 /system/lib64/chipset-sdk-sp/libeventhandler.z.so(8ab952cee05d2ecabf3a7380e0e9fe52)
#06 pc 00000000001de740 /system/lib/ld-musl-aarch64.so.1(start+240)(8c2ca4e308a1de9ed1e6b4ccc14c7443)
Tid:55905, Name:OS_VSyncThread
#00 pc 00000000001777c0 /system/lib/ld-musl-aarch64.so.1(epoll_wait+84)(8c2ca4e308a1de9ed1e6b4ccc14c7443)
#01 pc 000000000002fab0 /system/lib64/chipset-sdk-sp/libeventhandler.z.so(OHOS::AppExecFwk::EpollIoWaiter::WaitFor(OHOS::AppExecFwk::UniqueLockBase&, long, bool)+276)(8ab952cee05d2ecabf3a7380e0e9fe52)
#02 pc 000000000001a448 /system/lib64/chipset-sdk-sp/libeventhandler.z.so(OHOS::AppExecFwk::EventQueueBase::GetEvent()+1912)(8ab952cee05d2ecabf3a7380e0e9fe52)
#03 pc 00000000000215c8 /system/lib64/chipset-sdk-sp/libeventhandler.z.so(OHOS::AppExecFwk::(anonymous namespace)::EventRunnerImpl::Run()+820)(8ab952cee05d2ecabf3a7380e0e9fe52)
#04 pc 0000000000020b14 /system/lib64/chipset-sdk-sp/libeventhandler.z.so(OHOS::AppExecFwk::(anonymous namespace)::EventRunnerImpl::ThreadMain(std::__h::weak_ptr<OHOS::AppExecFwk::(anonymous namespace)::EventRunnerImpl> const&) (.cfi)+264)(8ab952cee05d2ecabf3a7380e0e9fe52)
#05 pc 00000000000407f0 /system/lib64/chipset-sdk-sp/libeventhandler.z.so(8ab952cee05d2ecabf3a7380e0e9fe52)
#06 pc 00000000001de740 /system/lib/ld-musl-aarch64.so.1(start+240)(8c2ca4e308a1de9ed1e6b4ccc14c7443)
Tid:55908, Name:OS_VSyncThread
#00 pc 00000000001777c0 /system/lib/ld-musl-aarch64.so.1(epoll_wait+84)(8c2ca4e308a1de9ed1e6b4ccc14c7443)
#01 pc 000000000002fab0 /system/lib64/chipset-sdk-sp/libeventhandler.z.so(OHOS::AppExecFwk::EpollIoWaiter::WaitFor(OHOS::AppExecFwk::UniqueLockBase&, long, bool)+276)(8ab952cee05d2ecabf3a7380e0e9fe52)
#02 pc 000000000001a448 /system/lib64/chipset-sdk-sp/libeventhandler.z.so(OHOS::AppExecFwk::EventQueueBase::GetEvent()+1912)(8ab952cee05d2ecabf3a7380e0e9fe52)
#03 pc 00000000000215c8 /system/lib64/chipset-sdk-sp/libeventhandler.z.so(OHOS::AppExecFwk::(anonymous namespace)::EventRunnerImpl::Run()+820)(8ab952cee05d2ecabf3a7380e0e9fe52)
#04 pc 0000000000020b14 /system/lib64/chipset-sdk-sp/libeventhandler.z.so(OHOS::AppExecFwk::(anonymous namespace)::EventRunnerImpl::ThreadMain(std::__h::weak_ptr<OHOS::AppExecFwk::(anonymous namespace)::EventRunnerImpl> const&) (.cfi)+264)(8ab952cee05d2ecabf3a7380e0e9fe52)
#05 pc 00000000000407f0 /system/lib64/chipset-sdk-sp/libeventhandler.z.so(8ab952cee05d2ecabf3a7380e0e9fe52)
#06 pc 00000000001de740 /system/lib/ld-musl-aarch64.so.1(start+240)(8c2ca4e308a1de9ed1e6b4ccc14c7443)
Tid:55909, Name:hades
#00 pc 00000000001d9f3c /system/lib/ld-musl-aarch64.so.1(__timedwait_cp+156)(8c2ca4e308a1de9ed1e6b4ccc14c7443)
#01 pc 00000000001dc014 /system/lib/ld-musl-aarch64.so.1(pthread_cond_timedwait+172)(8c2ca4e308a1de9ed1e6b4ccc14c7443)
#02 pc 0000000000266ff4 /data/storage/el1/bundle/libs/arm64/libMNN.so(std::__n1::condition_variable::wait(std::__n1::unique_lock<std::__n1::mutex>&)+20)(936a90dd012a2dd1762ccc05981b79028628e415)
#03 pc 000000000027e12c /data/storage/el1/bundle/libs/arm64/libhermesvm.so(fd2b5f86fc10b74fc5642176e83625d2ffff4d89)
#04 pc 000000000027e07c /data/storage/el1/bundle/libs/arm64/libhermesvm.so(fd2b5f86fc10b74fc5642176e83625d2ffff4d89)
#05 pc 00000000001de740 /system/lib/ld-musl-aarch64.so.1(start+240)(8c2ca4e308a1de9ed1e6b4ccc14c7443)
Tid:55913, Name:OS_VSyncThread
#00 pc 00000000001777c0 /system/lib/ld-musl-aarch64.so.1(epoll_wait+84)(8c2ca4e308a1de9ed1e6b4ccc14c7443)
#01 pc 000000000002fab0 /system/lib64/chipset-sdk-sp/libeventhandler.z.so(OHOS::AppExecFwk::EpollIoWaiter::WaitFor(OHOS::AppExecFwk::UniqueLockBase&, long, bool)+276)(8ab952cee05d2ecabf3a7380e0e9fe52)
#02 pc 000000000001a448 /system/lib64/chipset-sdk-sp/libeventhandler.z.so(OHOS::AppExecFwk::EventQueueBase::GetEvent()+1912)(8ab952cee05d2ecabf3a7380e0e9fe52)
#03 pc 00000000000215c8 /system/lib64/chipset-sdk-sp/libeventhandler.z.so(OHOS::AppExecFwk::(anonymous namespace)::EventRunnerImpl::Run()+820)(8ab952cee05d2ecabf3a7380e0e9fe52)
#04 pc 0000000000020b14 /system/lib64/chipset-sdk-sp/libeventhandler.z.so(OHOS::AppExecFwk::(anonymous namespace)::EventRunnerImpl::ThreadMain(std::__h::weak_ptr<OHOS::AppExecFwk::(anonymous namespace)::EventRunnerImpl> const&) (.cfi)+264)(8ab952cee05d2ecabf3a7380e0e9fe52)
#05 pc 00000000000407f0 /system/lib64/chipset-sdk-sp/libeventhandler.z.so(8ab952cee05d2ecabf3a7380e0e9fe52)
#06 pc 00000000001de740 /system/lib/ld-musl-aarch64.so.1(start+240)(8c2ca4e308a1de9ed1e6b4ccc14c7443)
Tid:55919, Name:OS_FFRT_5_8
#00 pc 00000000001d9f3c /system/lib/ld-musl-aarch64.so.1(__timedwait_cp+156)(8c2ca4e308a1de9ed1e6b4ccc14c7443)
#01 pc 00000000001dc014 /system/lib/ld-musl-aarch64.so.1(pthread_cond_timedwait+172)(8c2ca4e308a1de9ed1e6b4ccc14c7443)
#02 pc 00000000000c4a24 /system/lib64/chipset-sdk-sp/libc++.so(std::__h::condition_variable::__do_timed_wait(std::__h::unique_lock<std::__h::mutex>&, std::__h::chrono::time_point<std::__h::chrono::system_clock, std::__h::chrono::duration<long long, std::__h::ratio<1l, 1000000000l>>>)+104)(f5cb5b97de4ebde633d700fc105f2d2c13a9bbc5)
#03 pc 0000000000065190 /system/lib64/ndk/libffrt.so(ffrt::SExecuteUnit::WorkerIdleAction(ffrt::CPUWorker*)+332)(4909c9bfbd00363a4658edc9322f5e32)
#04 pc 000000000002dbf8 /system/lib64/ndk/libffrt.so(ffrt::CPUWorker::WrapDispatch(void*)+224)(4909c9bfbd00363a4658edc9322f5e32)
#05 pc 00000000001de740 /system/lib/ld-musl-aarch64.so.1(start+240)(8c2ca4e308a1de9ed1e6b4ccc14c7443)
Tid:55920, Name:OS_FFRT_5_7
#00 pc 00000000001d9f3c /system/lib/ld-musl-aarch64.so.1(__timedwait_cp+156)(8c2ca4e308a1de9ed1e6b4ccc14c7443)
#01 pc 00000000001dc014 /system/lib/ld-musl-aarch64.so.1(pthread_cond_timedwait+172)(8c2ca4e308a1de9ed1e6b4ccc14c7443)
#02 pc 00000000000c4a24 /system/lib64/chipset-sdk-sp/libc++.so(std::__h::condition_variable::__do_timed_wait(std::__h::unique_lock<std::__h::mutex>&, std::__h::chrono::time_point<std::__h::chrono::system_clock, std::__h::chrono::duration<long long, std::__h::ratio<1l, 1000000000l>>>)+104)(f5cb5b97de4ebde633d700fc105f2d2c13a9bbc5)
#03 pc 0000000000065190 /system/lib64/ndk/libffrt.so(ffrt::SExecuteUnit::WorkerIdleAction(ffrt::CPUWorker*)+332)(4909c9bfbd00363a4658edc9322f5e32)
#04 pc 000000000002dbf8 /system/lib64/ndk/libffrt.so(ffrt::CPUWorker::WrapDispatch(void*)+224)(4909c9bfbd00363a4658edc9322f5e32)
#05 pc 00000000001de740 /system/lib/ld-musl-aarch64.so.1(start+240)(8c2ca4e308a1de9ed1e6b4ccc14c7443)
Tid:55921, Name:RNOH_JS
#00 pc 0000000000177714 /system/lib/ld-musl-aarch64.so.1(epoll_pwait+88)(8c2ca4e308a1de9ed1e6b4ccc14c7443)
#01 pc 000000000002f4e0 /system/lib64/platformsdk/libuv.so(uv__io_poll+608)(dd4ce8a088606e6444f0dceac8540868)
#02 pc 000000000001b7e4 /system/lib64/platformsdk/libuv.so(uv_run+888)(dd4ce8a088606e6444f0dceac8540868)
#03 pc 00000000003465fc /data/storage/el1/bundle/libs/arm64/librnoh_core.so(rnoh::uv::EventLoop::run() const+28)(24ddd36a9a0cc1cc52a08291f31514f635cf0edc)
#04 pc 0000000000345770 /data/storage/el1/bundle/libs/arm64/librnoh_core.so(24ddd36a9a0cc1cc52a08291f31514f635cf0edc)
#05 pc 00000000003456c4 /data/storage/el1/bundle/libs/arm64/librnoh_core.so(24ddd36a9a0cc1cc52a08291f31514f635cf0edc)
#06 pc 0000000000345678 /data/storage/el1/bundle/libs/arm64/librnoh_core.so(24ddd36a9a0cc1cc52a08291f31514f635cf0edc)
#07 pc 0000000000345410 /data/storage/el1/bundle/libs/arm64/librnoh_core.so(24ddd36a9a0cc1cc52a08291f31514f635cf0edc)
#08 pc 00000000001de740 /system/lib/ld-musl-aarch64.so.1(start+240)(8c2ca4e308a1de9ed1e6b4ccc14c7443)
Tid:55922, Name:e.cloudmusic.hm
#00 pc 00000000001d9f3c /system/lib/ld-musl-aarch64.so.1(__timedwait_cp+156)(8c2ca4e308a1de9ed1e6b4ccc14c7443)
#01 pc 00000000001dc014 /system/lib/ld-musl-aarch64.so.1(pthread_cond_timedwait+172)(8c2ca4e308a1de9ed1e6b4ccc14c7443)
#02 pc 0000000000266ff4 /data/storage/el1/bundle/libs/arm64/libMNN.so(std::__n1::condition_variable::wait(std::__n1::unique_lock<std::__n1::mutex>&)+20)(936a90dd012a2dd1762ccc05981b79028628e415)
#03 pc 00000000000d8ee4 /data/storage/el1/bundle/libs/arm64/librnoh_videoplayer.so(d3d46a53bd9170675a2ee4cf0548e08fd12da3d8)
#04 pc 00000000000d8d38 /data/storage/el1/bundle/libs/arm64/librnoh_videoplayer.so(d3d46a53bd9170675a2ee4cf0548e08fd12da3d8)
#05 pc 00000000000da108 /data/storage/el1/bundle/libs/arm64/librnoh_videoplayer.so(d3d46a53bd9170675a2ee4cf0548e08fd12da3d8)
#06 pc 00000000000da0b8 /data/storage/el1/bundle/libs/arm64/librnoh_videoplayer.so(d3d46a53bd9170675a2ee4cf0548e08fd12da3d8)
#07 pc 00000000000da094 /data/storage/el1/bundle/libs/arm64/librnoh_videoplayer.so(d3d46a53bd9170675a2ee4cf0548e08fd12da3d8)
#08 pc 00000000000d9e6c /data/storage/el1/bundle/libs/arm64/librnoh_videoplayer.so(d3d46a53bd9170675a2ee4cf0548e08fd12da3d8)
#09 pc 00000000001de740 /system/lib/ld-musl-aarch64.so.1(start+240)(8c2ca4e308a1de9ed1e6b4ccc14c7443)
Tid:55923, Name:hades
#00 pc 00000000001d9f3c /system/lib/ld-musl-aarch64.so.1(__timedwait_cp+156)(8c2ca4e308a1de9ed1e6b4ccc14c7443)
#01 pc 00000000001dc014 /system/lib/ld-musl-aarch64.so.1(pthread_cond_timedwait+172)(8c2ca4e308a1de9ed1e6b4ccc14c7443)
#02 pc 0000000000266ff4 /data/storage/el1/bundle/libs/arm64/libMNN.so(std::__n1::condition_variable::wait(std::__n1::unique_lock<std::__n1::mutex>&)+20)(936a90dd012a2dd1762ccc05981b79028628e415)
#03 pc 000000000027e12c /data/storage/el1/bundle/libs/arm64/libhermesvm.so(fd2b5f86fc10b74fc5642176e83625d2ffff4d89)
#04 pc 000000000027e07c /data/storage/el1/bundle/libs/arm64/libhermesvm.so(fd2b5f86fc10b74fc5642176e83625d2ffff4d89)
#05 pc 00000000001de740 /system/lib/ld-musl-aarch64.so.1(start+240)(8c2ca4e308a1de9ed1e6b4ccc14c7443)
Tid:55924, Name:OS_VSyncThread
#00 pc 00000000001777c0 /system/lib/ld-musl-aarch64.so.1(epoll_wait+84)(8c2ca4e308a1de9ed1e6b4ccc14c7443)
#01 pc 000000000002fab0 /system/lib64/chipset-sdk-sp/libeventhandler.z.so(OHOS::AppExecFwk::EpollIoWaiter::WaitFor(OHOS::AppExecFwk::UniqueLockBase&, long, bool)+276)(8ab952cee05d2ecabf3a7380e0e9fe52)
#02 pc 000000000001a448 /system/lib64/chipset-sdk-sp/libeventhandler.z.so(OHOS::AppExecFwk::EventQueueBase::GetEvent()+1912)(8ab952cee05d2ecabf3a7380e0e9fe52)
#03 pc 00000000000215c8 /system/lib64/chipset-sdk-sp/libeventhandler.z.so(OHOS::AppExecFwk::(anonymous namespace)::EventRunnerImpl::Run()+820)(8ab952cee05d2ecabf3a7380e0e9fe52)
#04 pc 0000000000020b14 /system/lib64/chipset-sdk-sp/libeventhandler.z.so(OHOS::AppExecFwk::(anonymous namespace)::EventRunnerImpl::ThreadMain(std::__h::weak_ptr<OHOS::AppExecFwk::(anonymous namespace)::EventRunnerImpl> const&) (.cfi)+264)(8ab952cee05d2ecabf3a7380e0e9fe52)
#05 pc 00000000000407f0 /system/lib64/chipset-sdk-sp/libeventhandler.z.so(8ab952cee05d2ecabf3a7380e0e9fe52)
#06 pc 00000000001de740 /system/lib/ld-musl-aarch64.so.1(start+240)(8c2ca4e308a1de9ed1e6b4ccc14c7443)
Tid:55927, Name:OS_VSyncThread
#00 pc 00000000001777c0 /system/lib/ld-musl-aarch64.so.1(epoll_wait+84)(8c2ca4e308a1de9ed1e6b4ccc14c7443)
#01 pc 000000000002fab0 /system/lib64/chipset-sdk-sp/libeventhandler.z.so(OHOS::AppExecFwk::EpollIoWaiter::WaitFor(OHOS::AppExecFwk::UniqueLockBase&, long, bool)+276)(8ab952cee05d2ecabf3a7380e0e9fe52)
#02 pc 000000000001a448 /system/lib64/chipset-sdk-sp/libeventhandler.z.so(OHOS::AppExecFwk::EventQueueBase::GetEvent()+1912)(8ab952cee05d2ecabf3a7380e0e9fe52)
#03 pc 00000000000215c8 /system/lib64/chipset-sdk-sp/libeventhandler.z.so(OHOS::AppExecFwk::(anonymous namespace)::EventRunnerImpl::Run()+820)(8ab952cee05d2ecabf3a7380e0e9fe52)
#04 pc 0000000000020b14 /system/lib64/chipset-sdk-sp/libeventhandler.z.so(OHOS::AppExecFwk::(anonymous namespace)::EventRunnerImpl::ThreadMain(std::__h::weak_ptr<OHOS::AppExecFwk::(anonymous namespace)::EventRunnerImpl> const&) (.cfi)+264)(8ab952cee05d2ecabf3a7380e0e9fe52)
#05 pc 00000000000407f0 /system/lib64/chipset-sdk-sp/libeventhandler.z.so(8ab952cee05d2ecabf3a7380e0e9fe52)
#06 pc 00000000001de740 /system/lib/ld-musl-aarch64.so.1(start+240)(8c2ca4e308a1de9ed1e6b4ccc14c7443)
Tid:55928, Name:OS_VSyncThread
#00 pc 00000000001777c0 /system/lib/ld-musl-aarch64.so.1(epoll_wait+84)(8c2ca4e308a1de9ed1e6b4ccc14c7443)
#01 pc 000000000002fab0 /system/lib64/chipset-sdk-sp/libeventhandler.z.so(OHOS::AppExecFwk::EpollIoWaiter::WaitFor(OHOS::AppExecFwk::UniqueLockBase&, long, bool)+276)(8ab952cee05d2ecabf3a7380e0e9fe52)
#02 pc 000000000001a448 /system/lib64/chipset-sdk-sp/libeventhandler.z.so(OHOS::AppExecFwk::EventQueueBase::GetEvent()+1912)(8ab952cee05d2ecabf3a7380e0e9fe52)
#03 pc 00000000000215c8 /system/lib64/chipset-sdk-sp/libeventhandler.z.so(OHOS::AppExecFwk::(anonymous namespace)::EventRunnerImpl::Run()+820)(8ab952cee05d2ecabf3a7380e0e9fe52)
#04 pc 0000000000020b14 /system/lib64/chipset-sdk-sp/libeventhandler.z.so(OHOS::AppExecFwk::(anonymous namespace)::EventRunnerImpl::ThreadMain(std::__h::weak_ptr<OHOS::AppExecFwk::(anonymous namespace)::EventRunnerImpl> const&) (.cfi)+264)(8ab952cee05d2ecabf3a7380e0e9fe52)
#05 pc 00000000000407f0 /system/lib64/chipset-sdk-sp/libeventhandler.z.so(8ab952cee05d2ecabf3a7380e0e9fe52)
#06 pc 00000000001de740 /system/lib/ld-musl-aarch64.so.1(start+240)(8c2ca4e308a1de9ed1e6b4ccc14c7443)
Tid:55929, Name:hades
#00 pc 00000000001d9f3c /system/lib/ld-musl-aarch64.so.1(__timedwait_cp+156)(8c2ca4e308a1de9ed1e6b4ccc14c7443)
#01 pc 00000000001dc014 /system/lib/ld-musl-aarch64.so.1(pthread_cond_timedwait+172)(8c2ca4e308a1de9ed1e6b4ccc14c7443)
#02 pc 0000000000266ff4 /data/storage/el1/bundle/libs/arm64/libMNN.so(std::__n1::condition_variable::wait(std::__n1::unique_lock<std::__n1::mutex>&)+20)(936a90dd012a2dd1762ccc05981b79028628e415)
#03 pc 000000000027e12c /data/storage/el1/bundle/libs/arm64/libhermesvm.so(fd2b5f86fc10b74fc5642176e83625d2ffff4d89)
#04 pc 000000000027e07c /data/storage/el1/bundle/libs/arm64/libhermesvm.so(fd2b5f86fc10b74fc5642176e83625d2ffff4d89)
#05 pc 00000000001de740 /system/lib/ld-musl-aarch64.so.1(start+240)(8c2ca4e308a1de9ed1e6b4ccc14c7443)
Tid:55934, Name:OS_FFRT_1_1
#00 pc 00000000001d9f3c /system/lib/ld-musl-aarch64.so.1(__timedwait_cp+156)(8c2ca4e308a1de9ed1e6b4ccc14c7443)
#01 pc 00000000001dc014 /system/lib/ld-musl-aarch64.so.1(pthread_cond_timedwait+172)(8c2ca4e308a1de9ed1e6b4ccc14c7443)
#02 pc 00000000000c4a24 /system/lib64/chipset-sdk-sp/libc++.so(std::__h::condition_variable::__do_timed_wait(std::__h::unique_lock<std::__h::mutex>&, std::__h::chrono::time_point<std::__h::chrono::system_clock, std::__h::chrono::duration<long long, std::__h::ratio<1l, 1000000000l>>>)+104)(f5cb5b97de4ebde633d700fc105f2d2c13a9bbc5)
#03 pc 0000000000065190 /system/lib64/ndk/libffrt.so(ffrt::SExecuteUnit::WorkerIdleAction(ffrt::CPUWorker*)+332)(4909c9bfbd00363a4658edc9322f5e32)
#04 pc 000000000002dbf8 /system/lib64/ndk/libffrt.so(ffrt::CPUWorker::WrapDispatch(void*)+224)(4909c9bfbd00363a4658edc9322f5e32)
#05 pc 00000000001de740 /system/lib/ld-musl-aarch64.so.1(start+240)(8c2ca4e308a1de9ed1e6b4ccc14c7443)
Tid:55935, Name:OS_FFRT_1_2
#00 pc 00000000001d9f3c /system/lib/ld-musl-aarch64.so.1(__timedwait_cp+156)(8c2ca4e308a1de9ed1e6b4ccc14c7443)
#01 pc 00000000001dc014 /system/lib/ld-musl-aarch64.so.1(pthread_cond_timedwait+172)(8c2ca4e308a1de9ed1e6b4ccc14c7443)
#02 pc 00000000000c4a24 /system/lib64/chipset-sdk-sp/libc++.so(std::__h::condition_variable::__do_timed_wait(std::__h::unique_lock<std::__h::mutex>&, std::__h::chrono::time_point<std::__h::chrono::system_clock, std::__h::chrono::duration<long long, std::__h::ratio<1l, 1000000000l>>>)+104)(f5cb5b97de4ebde633d700fc105f2d2c13a9bbc5)
#03 pc 0000000000065190 /system/lib64/ndk/libffrt.so(ffrt::SExecuteUnit::WorkerIdleAction(ffrt::CPUWorker*)+332)(4909c9bfbd00363a4658edc9322f5e32)
#04 pc 000000000002dbf8 /system/lib64/ndk/libffrt.so(ffrt::CPUWorker::WrapDispatch(void*)+224)(4909c9bfbd00363a4658edc9322f5e32)
#05 pc 00000000001de740 /system/lib/ld-musl-aarch64.so.1(start+240)(8c2ca4e308a1de9ed1e6b4ccc14c7443)
Tid:55936, Name:OS_FFRT_1_3
#00 pc 00000000001d9f3c /system/lib/ld-musl-aarch64.so.1(__timedwait_cp+156)(8c2ca4e308a1de9ed1e6b4ccc14c7443)
#01 pc 00000000001dc014 /system/lib/ld-musl-aarch64.so.1(pthread_cond_timedwait+172)(8c2ca4e308a1de9ed1e6b4ccc14c7443)
#02 pc 00000000000c4a24 /system/lib64/chipset-sdk-sp/libc++.so(std::__h::condition_variable::__do_timed_wait(std::__h::unique_lock<std::__h::mutex>&, std::__h::chrono::time_point<std::__h::chrono::system_clock, std::__h::chrono::duration<long long, std::__h::ratio<1l, 1000000000l>>>)+104)(f5cb5b97de4ebde633d700fc105f2d2c13a9bbc5)
#03 pc 0000000000065190 /system/lib64/ndk/libffrt.so(ffrt::SExecuteUnit::WorkerIdleAction(ffrt::CPUWorker*)+332)(4909c9bfbd00363a4658edc9322f5e32)
#04 pc 000000000002dbf8 /system/lib64/ndk/libffrt.so(ffrt::CPUWorker::WrapDispatch(void*)+224)(4909c9bfbd00363a4658edc9322f5e32)
#05 pc 00000000001de740 /system/lib/ld-musl-aarch64.so.1(start+240)(8c2ca4e308a1de9ed1e6b4ccc14c7443)
Tid:55938, Name:OS_VSyncThread
#00 pc 00000000001777c0 /system/lib/ld-musl-aarch64.so.1(epoll_wait+84)(8c2ca4e308a1de9ed1e6b4ccc14c7443)
#01 pc 000000000002fab0 /system/lib64/chipset-sdk-sp/libeventhandler.z.so(OHOS::AppExecFwk::EpollIoWaiter::WaitFor(OHOS::AppExecFwk::UniqueLockBase&, long, bool)+276)(8ab952cee05d2ecabf3a7380e0e9fe52)
#02 pc 000000000001a448 /system/lib64/chipset-sdk-sp/libeventhandler.z.so(OHOS::AppExecFwk::EventQueueBase::GetEvent()+1912)(8ab952cee05d2ecabf3a7380e0e9fe52)
#03 pc 00000000000215c8 /system/lib64/chipset-sdk-sp/libeventhandler.z.so(OHOS::AppExecFwk::(anonymous namespace)::EventRunnerImpl::Run()+820)(8ab952cee05d2ecabf3a7380e0e9fe52)
#04 pc 0000000000020b14 /system/lib64/chipset-sdk-sp/libeventhandler.z.so(OHOS::AppExecFwk::(anonymous namespace)::EventRunnerImpl::ThreadMain(std::__h::weak_ptr<OHOS::AppExecFwk::(anonymous namespace)::EventRunnerImpl> const&) (.cfi)+264)(8ab952cee05d2ecabf3a7380e0e9fe52)
#05 pc 00000000000407f0 /system/lib64/chipset-sdk-sp/libeventhandler.z.so(8ab952cee05d2ecabf3a7380e0e9fe52)
#06 pc 00000000001de740 /system/lib/ld-musl-aarch64.so.1(start+240)(8c2ca4e308a1de9ed1e6b4ccc14c7443)
Tid:55987, Name:RNOH_JS
#00 pc 00000000001d9f3c /system/lib/ld-musl-aarch64.so.1(__timedwait_cp+156)(8c2ca4e308a1de9ed1e6b4ccc14c7443)
#01 pc 00000000001dc014 /system/lib/ld-musl-aarch64.so.1(pthread_cond_timedwait+172)(8c2ca4e308a1de9ed1e6b4ccc14c7443)
#02 pc 0000000000266ff4 /data/storage/el1/bundle/libs/arm64/libMNN.so(std::__n1::condition_variable::wait(std::__n1::unique_lock<std::__n1::mutex>&)+20)(936a90dd012a2dd1762ccc05981b79028628e415)
#03 pc 0000000000163e28 /data/storage/el1/bundle/libs/arm64/librnoh_videoplayer.so(d3d46a53bd9170675a2ee4cf0548e08fd12da3d8)
#04 pc 0000000000163c08 /data/storage/el1/bundle/libs/arm64/librnoh_videoplayer.so(d3d46a53bd9170675a2ee4cf0548e08fd12da3d8)
#05 pc 0000000000163ba8 /data/storage/el1/bundle/libs/arm64/librnoh_videoplayer.so(d3d46a53bd9170675a2ee4cf0548e08fd12da3d8)
#06 pc 0000000000163b80 /data/storage/el1/bundle/libs/arm64/librnoh_videoplayer.so(d3d46a53bd9170675a2ee4cf0548e08fd12da3d8)
#07 pc 0000000000163b34 /data/storage/el1/bundle/libs/arm64/librnoh_videoplayer.so(d3d46a53bd9170675a2ee4cf0548e08fd12da3d8)
#08 pc 00000000001636bc /data/storage/el1/bundle/libs/arm64/librnoh_videoplayer.so(d3d46a53bd9170675a2ee4cf0548e08fd12da3d8)
#09 pc 00000000001de740 /system/lib/ld-musl-aarch64.so.1(start+240)(8c2ca4e308a1de9ed1e6b4ccc14c7443)
Tid:55993, Name:OS_FFRT_5_0
#00 pc 00000000001d9f3c /system/lib/ld-musl-aarch64.so.1(__timedwait_cp+156)(8c2ca4e308a1de9ed1e6b4ccc14c7443)
#01 pc 00000000001dc014 /system/lib/ld-musl-aarch64.so.1(pthread_cond_timedwait+172)(8c2ca4e308a1de9ed1e6b4ccc14c7443)
#02 pc 00000000000c4a24 /system/lib64/chipset-sdk-sp/libc++.so(std::__h::condition_variable::__do_timed_wait(std::__h::unique_lock<std::__h::mutex>&, std::__h::chrono::time_point<std::__h::chrono::system_clock, std::__h::chrono::duration<long long, std::__h::ratio<1l, 1000000000l>>>)+104)(f5cb5b97de4ebde633d700fc105f2d2c13a9bbc5)
#03 pc 000000000008e664 /system/lib64/platformsdk/libextplugin.z.so(OHOS::ImagePlugin::DmaPool::RunDmaPoolDestroy()+264)(23e9d868a32adc31516c3393abc28e8b)
#04 pc 000000000008e520 /system/lib64/platformsdk/libextplugin.z.so(23e9d868a32adc31516c3393abc28e8b)
#05 pc 00000000001de740 /system/lib/ld-musl-aarch64.so.1(start+240)(8c2ca4e308a1de9ed1e6b4ccc14c7443)
Tid:56035, Name:RNOH_JS
#00 pc 0000000000177714 /system/lib/ld-musl-aarch64.so.1(epoll_pwait+88)(8c2ca4e308a1de9ed1e6b4ccc14c7443)
#01 pc 000000000002f4e0 /system/lib64/platformsdk/libuv.so(uv__io_poll+608)(dd4ce8a088606e6444f0dceac8540868)
#02 pc 000000000001b7e4 /system/lib64/platformsdk/libuv.so(uv_run+888)(dd4ce8a088606e6444f0dceac8540868)
#03 pc 00000000003465fc /data/storage/el1/bundle/libs/arm64/librnoh_core.so(rnoh::uv::EventLoop::run() const+28)(24ddd36a9a0cc1cc52a08291f31514f635cf0edc)
#04 pc 0000000000345770 /data/storage/el1/bundle/libs/arm64/librnoh_core.so(24ddd36a9a0cc1cc52a08291f31514f635cf0edc)
#05 pc 00000000003456c4 /data/storage/el1/bundle/libs/arm64/librnoh_core.so(24ddd36a9a0cc1cc52a08291f31514f635cf0edc)
#06 pc 0000000000345678 /data/storage/el1/bundle/libs/arm64/librnoh_core.so(24ddd36a9a0cc1cc52a08291f31514f635cf0edc)
#07 pc 0000000000345410 /data/storage/el1/bundle/libs/arm64/librnoh_core.so(24ddd36a9a0cc1cc52a08291f31514f635cf0edc)
#08 pc 00000000001de740 /system/lib/ld-musl-aarch64.so.1(start+240)(8c2ca4e308a1de9ed1e6b4ccc14c7443)
Tid:56036, Name:e.cloudmusic.hm
#00 pc 00000000001d9f3c /system/lib/ld-musl-aarch64.so.1(__timedwait_cp+156)(8c2ca4e308a1de9ed1e6b4ccc14c7443)
#01 pc 00000000001dc014 /system/lib/ld-musl-aarch64.so.1(pthread_cond_timedwait+172)(8c2ca4e308a1de9ed1e6b4ccc14c7443)
#02 pc 0000000000266ff4 /data/storage/el1/bundle/libs/arm64/libMNN.so(std::__n1::condition_variable::wait(std::__n1::unique_lock<std::__n1::mutex>&)+20)(936a90dd012a2dd1762ccc05981b79028628e415)
#03 pc 00000000000d8ee4 /data/storage/el1/bundle/libs/arm64/librnoh_videoplayer.so(d3d46a53bd9170675a2ee4cf0548e08fd12da3d8)
#04 pc 00000000000d8d38 /data/storage/el1/bundle/libs/arm64/librnoh_videoplayer.so(d3d46a53bd9170675a2ee4cf0548e08fd12da3d8)
#05 pc 00000000000da108 /data/storage/el1/bundle/libs/arm64/librnoh_videoplayer.so(d3d46a53bd9170675a2ee4cf0548e08fd12da3d8)
#06 pc 00000000000da0b8 /data/storage/el1/bundle/libs/arm64/librnoh_videoplayer.so(d3d46a53bd9170675a2ee4cf0548e08fd12da3d8)
#07 pc 00000000000da094 /data/storage/el1/bundle/libs/arm64/librnoh_videoplayer.so(d3d46a53bd9170675a2ee4cf0548e08fd12da3d8)
#08 pc 00000000000d9e6c /data/storage/el1/bundle/libs/arm64/librnoh_videoplayer.so(d3d46a53bd9170675a2ee4cf0548e08fd12da3d8)
#09 pc 00000000001de740 /system/lib/ld-musl-aarch64.so.1(start+240)(8c2ca4e308a1de9ed1e6b4ccc14c7443)
Tid:56037, Name:hades
#00 pc 00000000001d9f3c /system/lib/ld-musl-aarch64.so.1(__timedwait_cp+156)(8c2ca4e308a1de9ed1e6b4ccc14c7443)
#01 pc 00000000001dc014 /system/lib/ld-musl-aarch64.so.1(pthread_cond_timedwait+172)(8c2ca4e308a1de9ed1e6b4ccc14c7443)
#02 pc 0000000000266ff4 /data/storage/el1/bundle/libs/arm64/libMNN.so(std::__n1::condition_variable::wait(std::__n1::unique_lock<std::__n1::mutex>&)+20)(936a90dd012a2dd1762ccc05981b79028628e415)
#03 pc 000000000027e12c /data/storage/el1/bundle/libs/arm64/libhermesvm.so(fd2b5f86fc10b74fc5642176e83625d2ffff4d89)
#04 pc 000000000027e07c /data/storage/el1/bundle/libs/arm64/libhermesvm.so(fd2b5f86fc10b74fc5642176e83625d2ffff4d89)
#05 pc 00000000001de740 /system/lib/ld-musl-aarch64.so.1(start+240)(8c2ca4e308a1de9ed1e6b4ccc14c7443)
Tid:56038, Name:OS_VSyncThread
#00 pc 00000000001777c0 /system/lib/ld-musl-aarch64.so.1(epoll_wait+84)(8c2ca4e308a1de9ed1e6b4ccc14c7443)
#01 pc 000000000002fab0 /system/lib64/chipset-sdk-sp/libeventhandler.z.so(OHOS::AppExecFwk::EpollIoWaiter::WaitFor(OHOS::AppExecFwk::UniqueLockBase&, long, bool)+276)(8ab952cee05d2ecabf3a7380e0e9fe52)
#02 pc 000000000001a448 /system/lib64/chipset-sdk-sp/libeventhandler.z.so(OHOS::AppExecFwk::EventQueueBase::GetEvent()+1912)(8ab952cee05d2ecabf3a7380e0e9fe52)
#03 pc 00000000000215c8 /system/lib64/chipset-sdk-sp/libeventhandler.z.so(OHOS::AppExecFwk::(anonymous namespace)::EventRunnerImpl::Run()+820)(8ab952cee05d2ecabf3a7380e0e9fe52)
#04 pc 0000000000020b14 /system/lib64/chipset-sdk-sp/libeventhandler.z.so(OHOS::AppExecFwk::(anonymous namespace)::EventRunnerImpl::ThreadMain(std::__h::weak_ptr<OHOS::AppExecFwk::(anonymous namespace)::EventRunnerImpl> const&) (.cfi)+264)(8ab952cee05d2ecabf3a7380e0e9fe52)
#05 pc 00000000000407f0 /system/lib64/chipset-sdk-sp/libeventhandler.z.so(8ab952cee05d2ecabf3a7380e0e9fe52)
#06 pc 00000000001de740 /system/lib/ld-musl-aarch64.so.1(start+240)(8c2ca4e308a1de9ed1e6b4ccc14c7443)
Tid:56047, Name:OS_AudioStateCB
#00 pc 00000000001d9f3c /system/lib/ld-musl-aarch64.so.1(__timedwait_cp+156)(8c2ca4e308a1de9ed1e6b4ccc14c7443)
#01 pc 00000000001dc014 /system/lib/ld-musl-aarch64.so.1(pthread_cond_timedwait+172)(8c2ca4e308a1de9ed1e6b4ccc14c7443)
#02 pc 00000000000c4988 /system/lib64/chipset-sdk-sp/libc++.so(std::__h::condition_variable::wait(std::__h::unique_lock<std::__h::mutex>&)+32)(f5cb5b97de4ebde633d700fc105f2d2c13a9bbc5)
#03 pc 0000000000040e24 /system/lib64/chipset-sdk-sp/libeventhandler.z.so(OHOS::AppExecFwk::(anonymous namespace)::ThreadCollector::Run()+512)(8ab952cee05d2ecabf3a7380e0e9fe52)
#04 pc 0000000000040ed8 /system/lib64/chipset-sdk-sp/libeventhandler.z.so(8ab952cee05d2ecabf3a7380e0e9fe52)
#05 pc 00000000001de740 /system/lib/ld-musl-aarch64.so.1(start+240)(8c2ca4e308a1de9ed1e6b4ccc14c7443)
Tid:56049, Name:OS_VSyncThread
#00 pc 00000000001777c0 /system/lib/ld-musl-aarch64.so.1(epoll_wait+84)(8c2ca4e308a1de9ed1e6b4ccc14c7443)
#01 pc 000000000002fab0 /system/lib64/chipset-sdk-sp/libeventhandler.z.so(OHOS::AppExecFwk::EpollIoWaiter::WaitFor(OHOS::AppExecFwk::UniqueLockBase&, long, bool)+276)(8ab952cee05d2ecabf3a7380e0e9fe52)
#02 pc 000000000001a448 /system/lib64/chipset-sdk-sp/libeventhandler.z.so(OHOS::AppExecFwk::EventQueueBase::GetEvent()+1912)(8ab952cee05d2ecabf3a7380e0e9fe52)
#03 pc 00000000000215c8 /system/lib64/chipset-sdk-sp/libeventhandler.z.so(OHOS::AppExecFwk::(anonymous namespace)::EventRunnerImpl::Run()+820)(8ab952cee05d2ecabf3a7380e0e9fe52)
#04 pc 0000000000020b14 /system/lib64/chipset-sdk-sp/libeventhandler.z.so(OHOS::AppExecFwk::(anonymous namespace)::EventRunnerImpl::ThreadMain(std::__h::weak_ptr<OHOS::AppExecFwk::(anonymous namespace)::EventRunnerImpl> const&) (.cfi)+264)(8ab952cee05d2ecabf3a7380e0e9fe52)
#05 pc 00000000000407f0 /system/lib64/chipset-sdk-sp/libeventhandler.z.so(8ab952cee05d2ecabf3a7380e0e9fe52)
#06 pc 00000000001de740 /system/lib/ld-musl-aarch64.so.1(start+240)(8c2ca4e308a1de9ed1e6b4ccc14c7443)
Tid:56050, Name:OS_VSyncThread
#00 pc 00000000001777c0 /system/lib/ld-musl-aarch64.so.1(epoll_wait+84)(8c2ca4e308a1de9ed1e6b4ccc14c7443)
#01 pc 000000000002fab0 /system/lib64/chipset-sdk-sp/libeventhandler.z.so(OHOS::AppExecFwk::EpollIoWaiter::WaitFor(OHOS::AppExecFwk::UniqueLockBase&, long, bool)+276)(8ab952cee05d2ecabf3a7380e0e9fe52)
#02 pc 000000000001a448 /system/lib64/chipset-sdk-sp/libeventhandler.z.so(OHOS::AppExecFwk::EventQueueBase::GetEvent()+1912)(8ab952cee05d2ecabf3a7380e0e9fe52)
#03 pc 00000000000215c8 /system/lib64/chipset-sdk-sp/libeventhandler.z.so(OHOS::AppExecFwk::(anonymous namespace)::EventRunnerImpl::Run()+820)(8ab952cee05d2ecabf3a7380e0e9fe52)
#04 pc 0000000000020b14 /system/lib64/chipset-sdk-sp/libeventhandler.z.so(OHOS::AppExecFwk::(anonymous namespace)::EventRunnerImpl::ThreadMain(std::__h::weak_ptr<OHOS::AppExecFwk::(anonymous namespace)::EventRunnerImpl> const&) (.cfi)+264)(8ab952cee05d2ecabf3a7380e0e9fe52)
#05 pc 00000000000407f0 /system/lib64/chipset-sdk-sp/libeventhandler.z.so(8ab952cee05d2ecabf3a7380e0e9fe52)
#06 pc 00000000001de740 /system/lib/ld-musl-aarch64.so.1(start+240)(8c2ca4e308a1de9ed1e6b4ccc14c7443)
Tid:56051, Name:hades
#00 pc 00000000001d9f3c /system/lib/ld-musl-aarch64.so.1(__timedwait_cp+156)(8c2ca4e308a1de9ed1e6b4ccc14c7443)
#01 pc 00000000001dc014 /system/lib/ld-musl-aarch64.so.1(pthread_cond_timedwait+172)(8c2ca4e308a1de9ed1e6b4ccc14c7443)
#02 pc 0000000000266ff4 /data/storage/el1/bundle/libs/arm64/libMNN.so(std::__n1::condition_variable::wait(std::__n1::unique_lock<std::__n1::mutex>&)+20)(936a90dd012a2dd1762ccc05981b79028628e415)
#03 pc 000000000027e12c /data/storage/el1/bundle/libs/arm64/libhermesvm.so(fd2b5f86fc10b74fc5642176e83625d2ffff4d89)
#04 pc 000000000027e07c /data/storage/el1/bundle/libs/arm64/libhermesvm.so(fd2b5f86fc10b74fc5642176e83625d2ffff4d89)
#05 pc 00000000001de740 /system/lib/ld-musl-aarch64.so.1(start+240)(8c2ca4e308a1de9ed1e6b4ccc14c7443)
Tid:56052, Name:OS_VSyncThread
#00 pc 00000000001777c0 /system/lib/ld-musl-aarch64.so.1(epoll_wait+84)(8c2ca4e308a1de9ed1e6b4ccc14c7443)
#01 pc 000000000002fab0 /system/lib64/chipset-sdk-sp/libeventhandler.z.so(OHOS::AppExecFwk::EpollIoWaiter::WaitFor(OHOS::AppExecFwk::UniqueLockBase&, long, bool)+276)(8ab952cee05d2ecabf3a7380e0e9fe52)
#02 pc 000000000001a448 /system/lib64/chipset-sdk-sp/libeventhandler.z.so(OHOS::AppExecFwk::EventQueueBase::GetEvent()+1912)(8ab952cee05d2ecabf3a7380e0e9fe52)
#03 pc 00000000000215c8 /system/lib64/chipset-sdk-sp/libeventhandler.z.so(OHOS::AppExecFwk::(anonymous namespace)::EventRunnerImpl::Run()+820)(8ab952cee05d2ecabf3a7380e0e9fe52)
#04 pc 0000000000020b14 /system/lib64/chipset-sdk-sp/libeventhandler.z.so(OHOS::AppExecFwk::(anonymous namespace)::EventRunnerImpl::ThreadMain(std::__h::weak_ptr<OHOS::AppExecFwk::(anonymous namespace)::EventRunnerImpl> const&) (.cfi)+264)(8ab952cee05d2ecabf3a7380e0e9fe52)
#05 pc 00000000000407f0 /system/lib64/chipset-sdk-sp/libeventhandler.z.so(8ab952cee05d2ecabf3a7380e0e9fe52)
#06 pc 00000000001de740 /system/lib/ld-musl-aarch64.so.1(start+240)(8c2ca4e308a1de9ed1e6b4ccc14c7443)
Tid:56062, Name:OS_FFRT_0_1
#00 pc 00000000001d9f3c /system/lib/ld-musl-aarch64.so.1(__timedwait_cp+156)(8c2ca4e308a1de9ed1e6b4ccc14c7443)
#01 pc 00000000001dc014 /system/lib/ld-musl-aarch64.so.1(pthread_cond_timedwait+172)(8c2ca4e308a1de9ed1e6b4ccc14c7443)
#02 pc 00000000000c4a24 /system/lib64/chipset-sdk-sp/libc++.so(std::__h::condition_variable::__do_timed_wait(std::__h::unique_lock<std::__h::mutex>&, std::__h::chrono::time_point<std::__h::chrono::system_clock, std::__h::chrono::duration<long long, std::__h::ratio<1l, 1000000000l>>>)+104)(f5cb5b97de4ebde633d700fc105f2d2c13a9bbc5)
#03 pc 0000000000065190 /system/lib64/ndk/libffrt.so(ffrt::SExecuteUnit::WorkerIdleAction(ffrt::CPUWorker*)+332)(4909c9bfbd00363a4658edc9322f5e32)
#04 pc 000000000002dbf8 /system/lib64/ndk/libffrt.so(ffrt::CPUWorker::WrapDispatch(void*)+224)(4909c9bfbd00363a4658edc9322f5e32)
#05 pc 00000000001de740 /system/lib/ld-musl-aarch64.so.1(start+240)(8c2ca4e308a1de9ed1e6b4ccc14c7443)
Tid:56086, Name:RNOH_JS
#00 pc 00000000001d9f3c /system/lib/ld-musl-aarch64.so.1(__timedwait_cp+156)(8c2ca4e308a1de9ed1e6b4ccc14c7443)
#01 pc 00000000001dc014 /system/lib/ld-musl-aarch64.so.1(pthread_cond_timedwait+172)(8c2ca4e308a1de9ed1e6b4ccc14c7443)
#02 pc 0000000000266ff4 /data/storage/el1/bundle/libs/arm64/libMNN.so(std::__n1::condition_variable::wait(std::__n1::unique_lock<std::__n1::mutex>&)+20)(936a90dd012a2dd1762ccc05981b79028628e415)
#03 pc 000000000033c244 /data/storage/el1/bundle/libs/arm64/librnoh_core.so(24ddd36a9a0cc1cc52a08291f31514f635cf0edc)
#04 pc 000000000033bfc8 /data/storage/el1/bundle/libs/arm64/librnoh_core.so(rnoh::EventLoopTaskRunner::waitForSyncTask(folly::Function<void ()>&&)+264)(24ddd36a9a0cc1cc52a08291f31514f635cf0edc)
#05 pc 0000000000338458 /data/storage/el1/bundle/libs/arm64/librnoh_core.so(rnoh::EventLoopTaskRunner::runSyncTask(folly::Function<void ()>&&)+68)(24ddd36a9a0cc1cc52a08291f31514f635cf0edc)
#06 pc 0000000000343de8 /data/storage/el1/bundle/libs/arm64/librnoh_core.so(rnoh::TaskExecutor::runSyncTask(rnoh::TaskThread, folly::Function<void ()>&&)+520)(24ddd36a9a0cc1cc52a08291f31514f635cf0edc)
#07 pc 00000000002317e4 /data/storage/el1/bundle/libs/arm64/librnoh_core.so(24ddd36a9a0cc1cc52a08291f31514f635cf0edc)
#08 pc 0000000000231098 /data/storage/el1/bundle/libs/arm64/librnoh_core.so(rnoh::ArkTSTurboModule::call(facebook::jsi::Runtime&, std::__n1::basic_string<char, std::__n1::char_traits<char>, std::__n1::allocator<char>> const&, facebook::jsi::Value const*, unsigned long)+304)(24ddd36a9a0cc1cc52a08291f31514f635cf0edc)
#09 pc 00000000002b8404 /data/storage/el1/bundle/libs/arm64/librnoh_core_package.so(f4165c1f2c079c90ea7a81db099c2464858944f1)
#10 pc 00000000002b8384 /data/storage/el1/bundle/libs/arm64/librnoh_core_package.so(f4165c1f2c079c90ea7a81db099c2464858944f1)
#11 pc 00000000002342cc /data/storage/el1/bundle/libs/arm64/librnoh_core_package.so(f4165c1f2c079c90ea7a81db099c2464858944f1)
#12 pc 0000000000234280 /data/storage/el1/bundle/libs/arm64/librnoh_core_package.so(f4165c1f2c079c90ea7a81db099c2464858944f1)
#13 pc 0000000000234230 /data/storage/el1/bundle/libs/arm64/librnoh_core_package.so(f4165c1f2c079c90ea7a81db099c2464858944f1)
#14 pc 00000000002341c0 /data/storage/el1/bundle/libs/arm64/librnoh_core_package.so(f4165c1f2c079c90ea7a81db099c2464858944f1)
#15 pc 000000000023409c /data/storage/el1/bundle/libs/arm64/librnoh_core_package.so(f4165c1f2c079c90ea7a81db099c2464858944f1)
#16 pc 00000000000de0b8 /data/storage/el1/bundle/libs/arm64/libhermesvm.so(fd2b5f86fc10b74fc5642176e83625d2ffff4d89)
#17 pc 00000000001978a8 /data/storage/el1/bundle/libs/arm64/libhermesvm.so(fd2b5f86fc10b74fc5642176e83625d2ffff4d89)
#18 pc 00000000001b76c4 /data/storage/el1/bundle/libs/arm64/libhermesvm.so(fd2b5f86fc10b74fc5642176e83625d2ffff4d89)
#19 pc 00000000001b6da8 /data/storage/el1/bundle/libs/arm64/libhermesvm.so(fd2b5f86fc10b74fc5642176e83625d2ffff4d89)
#20 pc 0000000000197bc4 /data/storage/el1/bundle/libs/arm64/libhermesvm.so(fd2b5f86fc10b74fc5642176e83625d2ffff4d89)
#21 pc 00000000000d462c /data/storage/el1/bundle/libs/arm64/libhermesvm.so(fd2b5f86fc10b74fc5642176e83625d2ffff4d89)
#22 pc 00000000005e1b08 /data/storage/el1/bundle/libs/arm64/libreactnative.so(facebook::jsi::Function::call(facebook::jsi::Runtime&, facebook::jsi::Value const*, unsigned long) const+108)(eb9ea0fc4d142536b94f447fe77003a8b5d2b7a3)
#23 pc 00000000005e1a34 /data/storage/el1/bundle/libs/arm64/libreactnative.so(facebook::jsi::Function::call(facebook::jsi::Runtime&, std::initializer_list<facebook::jsi::Value>) const+108)(eb9ea0fc4d142536b94f447fe77003a8b5d2b7a3)
#24 pc 00000000008017c4 /data/storage/el1/bundle/libs/arm64/libreactnative.so(eb9ea0fc4d142536b94f447fe77003a8b5d2b7a3)
#25 pc 00000000008013ac /data/storage/el1/bundle/libs/arm64/libreactnative.so(eb9ea0fc4d142536b94f447fe77003a8b5d2b7a3)
#26 pc 00000000008011c4 /data/storage/el1/bundle/libs/arm64/libreactnative.so(eb9ea0fc4d142536b94f447fe77003a8b5d2b7a3)
#27 pc 0000000000801198 /data/storage/el1/bundle/libs/arm64/libreactnative.so(eb9ea0fc4d142536b94f447fe77003a8b5d2b7a3)
#28 pc 0000000000801148 /data/storage/el1/bundle/libs/arm64/libreactnative.so(eb9ea0fc4d142536b94f447fe77003a8b5d2b7a3)
#29 pc 000000000080104c /data/storage/el1/bundle/libs/arm64/libreactnative.so(eb9ea0fc4d142536b94f447fe77003a8b5d2b7a3)
#30 pc 00000000005d4930 /data/storage/el1/bundle/libs/arm64/libreactnative.so(eb9ea0fc4d142536b94f447fe77003a8b5d2b7a3)
#31 pc 00000000005d4524 /data/storage/el1/bundle/libs/arm64/libreactnative.so(std::__n1::function<void (facebook::jsi::Runtime&)>::operator()(facebook::jsi::Runtime&) const+28)(eb9ea0fc4d142536b94f447fe77003a8b5d2b7a3)
#32 pc 00000000009d98bc /data/storage/el1/bundle/libs/arm64/libreactnative.so(facebook::react::Task::execute(facebook::jsi::Runtime&, bool)+416)(eb9ea0fc4d142536b94f447fe77003a8b5d2b7a3)
#33 pc 00000000009d5158 /data/storage/el1/bundle/libs/arm64/libreactnative.so(facebook::react::RuntimeScheduler_Modern::executeTask(facebook::jsi::Runtime&, facebook::react::Task&, bool) const+152)(eb9ea0fc4d142536b94f447fe77003a8b5d2b7a3)
#34 pc 00000000009d4fc0 /data/storage/el1/bundle/libs/arm64/libreactnative.so(facebook::react::RuntimeScheduler_Modern::runEventLoopTick(facebook::jsi::Runtime&, facebook::react::Task&)+212)(eb9ea0fc4d142536b94f447fe77003a8b5d2b7a3)
#35 pc 00000000009d4d14 /data/storage/el1/bundle/libs/arm64/libreactnative.so(facebook::react::RuntimeScheduler_Modern::runEventLoop(facebook::jsi::Runtime&)+152)(eb9ea0fc4d142536b94f447fe77003a8b5d2b7a3)
#36 pc 00000000009d4c6c /data/storage/el1/bundle/libs/arm64/libreactnative.so(eb9ea0fc4d142536b94f447fe77003a8b5d2b7a3)
#37 pc 00000000009d4c3c /data/storage/el1/bundle/libs/arm64/libreactnative.so(eb9ea0fc4d142536b94f447fe77003a8b5d2b7a3)
#38 pc 00000000009d4c10 /data/storage/el1/bundle/libs/arm64/libreactnative.so(eb9ea0fc4d142536b94f447fe77003a8b5d2b7a3)
#39 pc 00000000009d4bc0 /data/storage/el1/bundle/libs/arm64/libreactnative.so(eb9ea0fc4d142536b94f447fe77003a8b5d2b7a3)
#40 pc 00000000009d4ac4 /data/storage/el1/bundle/libs/arm64/libreactnative.so(eb9ea0fc4d142536b94f447fe77003a8b5d2b7a3)
#41 pc 00000000005d4930 /data/storage/el1/bundle/libs/arm64/libreactnative.so(eb9ea0fc4d142536b94f447fe77003a8b5d2b7a3)
#42 pc 00000000005d4524 /data/storage/el1/bundle/libs/arm64/libreactnative.so(std::__n1::function<void (facebook::jsi::Runtime&)>::operator()(facebook::jsi::Runtime&) const+28)(eb9ea0fc4d142536b94f447fe77003a8b5d2b7a3)
#43 pc 00000000005d4240 /data/storage/el1/bundle/libs/arm64/libreactnative.so(eb9ea0fc4d142536b94f447fe77003a8b5d2b7a3)
#44 pc 00000000005d41a0 /data/storage/el1/bundle/libs/arm64/libreactnative.so(eb9ea0fc4d142536b94f447fe77003a8b5d2b7a3)
#45 pc 00000000005d417c /data/storage/el1/bundle/libs/arm64/libreactnative.so(eb9ea0fc4d142536b94f447fe77003a8b5d2b7a3)
#46 pc 00000000005d4134 /data/storage/el1/bundle/libs/arm64/libreactnative.so(eb9ea0fc4d142536b94f447fe77003a8b5d2b7a3)
#47 pc 00000000005d4040 /data/storage/el1/bundle/libs/arm64/libreactnative.so(eb9ea0fc4d142536b94f447fe77003a8b5d2b7a3)
#48 pc 00000000002794e4 /data/storage/el1/bundle/libs/arm64/librnoh_core.so(24ddd36a9a0cc1cc52a08291f31514f635cf0edc)
#49 pc 00000000002769bc /data/storage/el1/bundle/libs/arm64/librnoh_core.so(std::__n1::function<void ()>::operator()() const+20)(24ddd36a9a0cc1cc52a08291f31514f635cf0edc)
#50 pc 00000000002b39c8 /data/storage/el1/bundle/libs/arm64/librnoh_core.so(void folly::detail::function::call_<std::__n1::function<void ()>, true, false, void>(folly::detail::function::Data&)+28)(24ddd36a9a0cc1cc52a08291f31514f635cf0edc)
#51 pc 00000000002719f8 /data/storage/el1/bundle/libs/arm64/librnoh_core.so(folly::detail::function::FunctionTraits<void ()>::operator()()+36)(24ddd36a9a0cc1cc52a08291f31514f635cf0edc)
#52 pc 00000000003387dc /data/storage/el1/bundle/libs/arm64/librnoh_core.so(rnoh::EventLoopTaskRunner::executeTask()+88)(24ddd36a9a0cc1cc52a08291f31514f635cf0edc)
#53 pc 00000000003371e8 /data/storage/el1/bundle/libs/arm64/librnoh_core.so(24ddd36a9a0cc1cc52a08291f31514f635cf0edc)
#54 pc 00000000003371b8 /data/storage/el1/bundle/libs/arm64/librnoh_core.so(24ddd36a9a0cc1cc52a08291f31514f635cf0edc)
#55 pc 0000000000337194 /data/storage/el1/bundle/libs/arm64/librnoh_core.so(24ddd36a9a0cc1cc52a08291f31514f635cf0edc)
#56 pc 000000000033714c /data/storage/el1/bundle/libs/arm64/librnoh_core.so(24ddd36a9a0cc1cc52a08291f31514f635cf0edc)
#57 pc 0000000000337058 /data/storage/el1/bundle/libs/arm64/librnoh_core.so(24ddd36a9a0cc1cc52a08291f31514f635cf0edc)
#58 pc 00000000002794e4 /data/storage/el1/bundle/libs/arm64/librnoh_core.so(24ddd36a9a0cc1cc52a08291f31514f635cf0edc)
#59 pc 00000000002769bc /data/storage/el1/bundle/libs/arm64/librnoh_core.so(std::__n1::function<void ()>::operator()() const+20)(24ddd36a9a0cc1cc52a08291f31514f635cf0edc)
#60 pc 00000000003463ac /data/storage/el1/bundle/libs/arm64/librnoh_core.so(24ddd36a9a0cc1cc52a08291f31514f635cf0edc)
#61 pc 0000000000346374 /data/storage/el1/bundle/libs/arm64/librnoh_core.so(24ddd36a9a0cc1cc52a08291f31514f635cf0edc)
#62 pc 000000000001ad58 /system/lib64/platformsdk/libuv.so(uv__async_io+536)(dd4ce8a088606e6444f0dceac8540868)
#63 pc 000000000002f6a4 /system/lib64/platformsdk/libuv.so(uv__io_poll+1060)(dd4ce8a088606e6444f0dceac8540868)
#64 pc 000000000001b7e4 /system/lib64/platformsdk/libuv.so(uv_run+888)(dd4ce8a088606e6444f0dceac8540868)
#65 pc 00000000003465fc /data/storage/el1/bundle/libs/arm64/librnoh_core.so(rnoh::uv::EventLoop::run() const+28)(24ddd36a9a0cc1cc52a08291f31514f635cf0edc)
#66 pc 0000000000345770 /data/storage/el1/bundle/libs/arm64/librnoh_core.so(24ddd36a9a0cc1cc52a08291f31514f635cf0edc)
#67 pc 00000000003456c4 /data/storage/el1/bundle/libs/arm64/librnoh_core.so(24ddd36a9a0cc1cc52a08291f31514f635cf0edc)
#68 pc 0000000000345678 /data/storage/el1/bundle/libs/arm64/librnoh_core.so(24ddd36a9a0cc1cc52a08291f31514f635cf0edc)
#69 pc 0000000000345410 /data/storage/el1/bundle/libs/arm64/librnoh_core.so(24ddd36a9a0cc1cc52a08291f31514f635cf0edc)
#70 pc 00000000001de740 /system/lib/ld-musl-aarch64.so.1(start+240)(8c2ca4e308a1de9ed1e6b4ccc14c7443)
Tid:56087, Name:e.cloudmusic.hm
#00 pc 00000000001d9f3c /system/lib/ld-musl-aarch64.so.1(__timedwait_cp+156)(8c2ca4e308a1de9ed1e6b4ccc14c7443)
#01 pc 00000000001dc014 /system/lib/ld-musl-aarch64.so.1(pthread_cond_timedwait+172)(8c2ca4e308a1de9ed1e6b4ccc14c7443)
#02 pc 0000000000266ff4 /data/storage/el1/bundle/libs/arm64/libMNN.so(std::__n1::condition_variable::wait(std::__n1::unique_lock<std::__n1::mutex>&)+20)(936a90dd012a2dd1762ccc05981b79028628e415)
#03 pc 00000000000d8ee4 /data/storage/el1/bundle/libs/arm64/librnoh_videoplayer.so(d3d46a53bd9170675a2ee4cf0548e08fd12da3d8)
#04 pc 00000000000d8d38 /data/storage/el1/bundle/libs/arm64/librnoh_videoplayer.so(d3d46a53bd9170675a2ee4cf0548e08fd12da3d8)
#05 pc 00000000000da108 /data/storage/el1/bundle/libs/arm64/librnoh_videoplayer.so(d3d46a53bd9170675a2ee4cf0548e08fd12da3d8)
#06 pc 00000000000da0b8 /data/storage/el1/bundle/libs/arm64/librnoh_videoplayer.so(d3d46a53bd9170675a2ee4cf0548e08fd12da3d8)
#07 pc 00000000000da094 /data/storage/el1/bundle/libs/arm64/librnoh_videoplayer.so(d3d46a53bd9170675a2ee4cf0548e08fd12da3d8)
#08 pc 00000000000d9e6c /data/storage/el1/bundle/libs/arm64/librnoh_videoplayer.so(d3d46a53bd9170675a2ee4cf0548e08fd12da3d8)
#09 pc 00000000001de740 /system/lib/ld-musl-aarch64.so.1(start+240)(8c2ca4e308a1de9ed1e6b4ccc14c7443)
Tid:56088, Name:hades
#00 pc 00000000001d9f3c /system/lib/ld-musl-aarch64.so.1(__timedwait_cp+156)(8c2ca4e308a1de9ed1e6b4ccc14c7443)
#01 pc 00000000001dc014 /system/lib/ld-musl-aarch64.so.1(pthread_cond_timedwait+172)(8c2ca4e308a1de9ed1e6b4ccc14c7443)
#02 pc 0000000000266ff4 /data/storage/el1/bundle/libs/arm64/libMNN.so(std::__n1::condition_variable::wait(std::__n1::unique_lock<std::__n1::mutex>&)+20)(936a90dd012a2dd1762ccc05981b79028628e415)
#03 pc 000000000027e12c /data/storage/el1/bundle/libs/arm64/libhermesvm.so(fd2b5f86fc10b74fc5642176e83625d2ffff4d89)
#04 pc 000000000027e07c /data/storage/el1/bundle/libs/arm64/libhermesvm.so(fd2b5f86fc10b74fc5642176e83625d2ffff4d89)
#05 pc 00000000001de740 /system/lib/ld-musl-aarch64.so.1(start+240)(8c2ca4e308a1de9ed1e6b4ccc14c7443)
Tid:56089, Name:OS_VSyncThread
#00 pc 00000000001777c0 /system/lib/ld-musl-aarch64.so.1(epoll_wait+84)(8c2ca4e308a1de9ed1e6b4ccc14c7443)
#01 pc 000000000002fab0 /system/lib64/chipset-sdk-sp/libeventhandler.z.so(OHOS::AppExecFwk::EpollIoWaiter::WaitFor(OHOS::AppExecFwk::UniqueLockBase&, long, bool)+276)(8ab952cee05d2ecabf3a7380e0e9fe52)
#02 pc 000000000001a448 /system/lib64/chipset-sdk-sp/libeventhandler.z.so(OHOS::AppExecFwk::EventQueueBase::GetEvent()+1912)(8ab952cee05d2ecabf3a7380e0e9fe52)
#03 pc 00000000000215c8 /system/lib64/chipset-sdk-sp/libeventhandler.z.so(OHOS::AppExecFwk::(anonymous namespace)::EventRunnerImpl::Run()+820)(8ab952cee05d2ecabf3a7380e0e9fe52)
#04 pc 0000000000020b14 /system/lib64/chipset-sdk-sp/libeventhandler.z.so(OHOS::AppExecFwk::(anonymous namespace)::EventRunnerImpl::ThreadMain(std::__h::weak_ptr<OHOS::AppExecFwk::(anonymous namespace)::EventRunnerImpl> const&) (.cfi)+264)(8ab952cee05d2ecabf3a7380e0e9fe52)
#05 pc 00000000000407f0 /system/lib64/chipset-sdk-sp/libeventhandler.z.so(8ab952cee05d2ecabf3a7380e0e9fe52)
#06 pc 00000000001de740 /system/lib/ld-musl-aarch64.so.1(start+240)(8c2ca4e308a1de9ed1e6b4ccc14c7443)
Tid:56090, Name:OS_NET_WSJsCli
#00 pc 00000000001bdd64 /system/lib/ld-musl-aarch64.so.1(poll+124)(8c2ca4e308a1de9ed1e6b4ccc14c7443)
#01 pc 0000000000066130 /system/lib64/module/net/libwebsocket.z.so(_lws_plat_service_tsi+380)(d0b5930317b71a431d520ee020081d3f)
#02 pc 000000000005a3fc /system/lib64/module/net/libwebsocket.z.so(lws_service+96)(d0b5930317b71a431d520ee020081d3f)
#03 pc 000000000002ae00 /system/lib64/module/net/libwebsocket.z.so(OHOS::NetStack::Websocket::RunService(std::__h::shared_ptr<OHOS::NetStack::Websocket::UserData>, std::__h::shared_ptr<OHOS::NetStack::EventManager>) (.cfi)+168)(d0b5930317b71a431d520ee020081d3f)
#04 pc 00000000000319c8 /system/lib64/module/net/libwebsocket.z.so(d0b5930317b71a431d520ee020081d3f)
#05 pc 00000000001de740 /system/lib/ld-musl-aarch64.so.1(start+240)(8c2ca4e308a1de9ed1e6b4ccc14c7443)
Tid:56091, Name:OS_NET_WSJsCli
#00 pc 00000000001bdd64 /system/lib/ld-musl-aarch64.so.1(poll+124)(8c2ca4e308a1de9ed1e6b4ccc14c7443)
#01 pc 0000000000066130 /system/lib64/module/net/libwebsocket.z.so(_lws_plat_service_tsi+380)(d0b5930317b71a431d520ee020081d3f)
#02 pc 000000000005a3fc /system/lib64/module/net/libwebsocket.z.so(lws_service+96)(d0b5930317b71a431d520ee020081d3f)
#03 pc 000000000002ae00 /system/lib64/module/net/libwebsocket.z.so(OHOS::NetStack::Websocket::RunService(std::__h::shared_ptr<OHOS::NetStack::Websocket::UserData>, std::__h::shared_ptr<OHOS::NetStack::EventManager>) (.cfi)+168)(d0b5930317b71a431d520ee020081d3f)
#04 pc 00000000000319c8 /system/lib64/module/net/libwebsocket.z.so(d0b5930317b71a431d520ee020081d3f)
#05 pc 00000000001de740 /system/lib/ld-musl-aarch64.so.1(start+240)(8c2ca4e308a1de9ed1e6b4ccc14c7443)
Tid:56098, Name:OS_VSyncThread
#00 pc 00000000001777c0 /system/lib/ld-musl-aarch64.so.1(epoll_wait+84)(8c2ca4e308a1de9ed1e6b4ccc14c7443)
#01 pc 000000000002fab0 /system/lib64/chipset-sdk-sp/libeventhandler.z.so(OHOS::AppExecFwk::EpollIoWaiter::WaitFor(OHOS::AppExecFwk::UniqueLockBase&, long, bool)+276)(8ab952cee05d2ecabf3a7380e0e9fe52)
#02 pc 000000000001a448 /system/lib64/chipset-sdk-sp/libeventhandler.z.so(OHOS::AppExecFwk::EventQueueBase::GetEvent()+1912)(8ab952cee05d2ecabf3a7380e0e9fe52)
#03 pc 00000000000215c8 /system/lib64/chipset-sdk-sp/libeventhandler.z.so(OHOS::AppExecFwk::(anonymous namespace)::EventRunnerImpl::Run()+820)(8ab952cee05d2ecabf3a7380e0e9fe52)
#04 pc 0000000000020b14 /system/lib64/chipset-sdk-sp/libeventhandler.z.so(OHOS::AppExecFwk::(anonymous namespace)::EventRunnerImpl::ThreadMain(std::__h::weak_ptr<OHOS::AppExecFwk::(anonymous namespace)::EventRunnerImpl> const&) (.cfi)+264)(8ab952cee05d2ecabf3a7380e0e9fe52)
#05 pc 00000000000407f0 /system/lib64/chipset-sdk-sp/libeventhandler.z.so(8ab952cee05d2ecabf3a7380e0e9fe52)
#06 pc 00000000001de740 /system/lib/ld-musl-aarch64.so.1(start+240)(8c2ca4e308a1de9ed1e6b4ccc14c7443)
Tid:56099, Name:OS_VSyncThread
#00 pc 00000000001777c0 /system/lib/ld-musl-aarch64.so.1(epoll_wait+84)(8c2ca4e308a1de9ed1e6b4ccc14c7443)
#01 pc 000000000002fab0 /system/lib64/chipset-sdk-sp/libeventhandler.z.so(OHOS::AppExecFwk::EpollIoWaiter::WaitFor(OHOS::AppExecFwk::UniqueLockBase&, long, bool)+276)(8ab952cee05d2ecabf3a7380e0e9fe52)
#02 pc 000000000001a448 /system/lib64/chipset-sdk-sp/libeventhandler.z.so(OHOS::AppExecFwk::EventQueueBase::GetEvent()+1912)(8ab952cee05d2ecabf3a7380e0e9fe52)
#03 pc 00000000000215c8 /system/lib64/chipset-sdk-sp/libeventhandler.z.so(OHOS::AppExecFwk::(anonymous namespace)::EventRunnerImpl::Run()+820)(8ab952cee05d2ecabf3a7380e0e9fe52)
#04 pc 0000000000020b14 /system/lib64/chipset-sdk-sp/libeventhandler.z.so(OHOS::AppExecFwk::(anonymous namespace)::EventRunnerImpl::ThreadMain(std::__h::weak_ptr<OHOS::AppExecFwk::(anonymous namespace)::EventRunnerImpl> const&) (.cfi)+264)(8ab952cee05d2ecabf3a7380e0e9fe52)
#05 pc 00000000000407f0 /system/lib64/chipset-sdk-sp/libeventhandler.z.so(8ab952cee05d2ecabf3a7380e0e9fe52)
#06 pc 00000000001de740 /system/lib/ld-musl-aarch64.so.1(start+240)(8c2ca4e308a1de9ed1e6b4ccc14c7443)
Tid:56100, Name:hades
#00 pc 00000000001d9f3c /system/lib/ld-musl-aarch64.so.1(__timedwait_cp+156)(8c2ca4e308a1de9ed1e6b4ccc14c7443)
#01 pc 00000000001dc014 /system/lib/ld-musl-aarch64.so.1(pthread_cond_timedwait+172)(8c2ca4e308a1de9ed1e6b4ccc14c7443)
#02 pc 0000000000266ff4 /data/storage/el1/bundle/libs/arm64/libMNN.so(std::__n1::condition_variable::wait(std::__n1::unique_lock<std::__n1::mutex>&)+20)(936a90dd012a2dd1762ccc05981b79028628e415)
#03 pc 000000000027e12c /data/storage/el1/bundle/libs/arm64/libhermesvm.so(fd2b5f86fc10b74fc5642176e83625d2ffff4d89)
#04 pc 000000000027e07c /data/storage/el1/bundle/libs/arm64/libhermesvm.so(fd2b5f86fc10b74fc5642176e83625d2ffff4d89)
#05 pc 00000000001de740 /system/lib/ld-musl-aarch64.so.1(start+240)(8c2ca4e308a1de9ed1e6b4ccc14c7443)
Tid:56101, Name:OS_VSyncThread
#00 pc 00000000001777c0 /system/lib/ld-musl-aarch64.so.1(epoll_wait+84)(8c2ca4e308a1de9ed1e6b4ccc14c7443)
#01 pc 000000000002fab0 /system/lib64/chipset-sdk-sp/libeventhandler.z.so(OHOS::AppExecFwk::EpollIoWaiter::WaitFor(OHOS::AppExecFwk::UniqueLockBase&, long, bool)+276)(8ab952cee05d2ecabf3a7380e0e9fe52)
#02 pc 000000000001a448 /system/lib64/chipset-sdk-sp/libeventhandler.z.so(OHOS::AppExecFwk::EventQueueBase::GetEvent()+1912)(8ab952cee05d2ecabf3a7380e0e9fe52)
#03 pc 00000000000215c8 /system/lib64/chipset-sdk-sp/libeventhandler.z.so(OHOS::AppExecFwk::(anonymous namespace)::EventRunnerImpl::Run()+820)(8ab952cee05d2ecabf3a7380e0e9fe52)
#04 pc 0000000000020b14 /system/lib64/chipset-sdk-sp/libeventhandler.z.so(OHOS::AppExecFwk::(anonymous namespace)::EventRunnerImpl::ThreadMain(std::__h::weak_ptr<OHOS::AppExecFwk::(anonymous namespace)::EventRunnerImpl> const&) (.cfi)+264)(8ab952cee05d2ecabf3a7380e0e9fe52)
#05 pc 00000000000407f0 /system/lib64/chipset-sdk-sp/libeventhandler.z.so(8ab952cee05d2ecabf3a7380e0e9fe52)
#06 pc 00000000001de740 /system/lib/ld-musl-aarch64.so.1(start+240)(8c2ca4e308a1de9ed1e6b4ccc14c7443)
Tid:56102, Name:OS_NET_WSJsCli
#00 pc 00000000001bdd64 /system/lib/ld-musl-aarch64.so.1(poll+124)(8c2ca4e308a1de9ed1e6b4ccc14c7443)
#01 pc 0000000000066130 /system/lib64/module/net/libwebsocket.z.so(_lws_plat_service_tsi+380)(d0b5930317b71a431d520ee020081d3f)
#02 pc 000000000005a3fc /system/lib64/module/net/libwebsocket.z.so(lws_service+96)(d0b5930317b71a431d520ee020081d3f)
#03 pc 000000000002ae00 /system/lib64/module/net/libwebsocket.z.so(OHOS::NetStack::Websocket::RunService(std::__h::shared_ptr<OHOS::NetStack::Websocket::UserData>, std::__h::shared_ptr<OHOS::NetStack::EventManager>) (.cfi)+168)(d0b5930317b71a431d520ee020081d3f)
#04 pc 00000000000319c8 /system/lib64/module/net/libwebsocket.z.so(d0b5930317b71a431d520ee020081d3f)
#05 pc 00000000001de740 /system/lib/ld-musl-aarch64.so.1(start+240)(8c2ca4e308a1de9ed1e6b4ccc14c7443)
Tid:56106, Name:sandbox_ipc_thr
#00 pc 00000000001bdd64 /system/lib/ld-musl-aarch64.so.1(poll+124)(8c2ca4e308a1de9ed1e6b4ccc14c7443)
#01 pc 00000000039baa3c /data/storage/el1/bundle/arkwebcore/libs/arm64/libarkweb_engine.so(content::PAC_SandboxIPCHandler::Run()+312)(2aa465c88fa6ff7f1a2d8c85b5e4e3cb679a0cf8)
#02 pc 0000000004a7c798 /data/storage/el1/bundle/arkwebcore/libs/arm64/libarkweb_engine.so(base::(anonymous namespace)::ThreadFunc(void*)+376)(2aa465c88fa6ff7f1a2d8c85b5e4e3cb679a0cf8)
#03 pc 00000000001de740 /system/lib/ld-musl-aarch64.so.1(start+240)(8c2ca4e308a1de9ed1e6b4ccc14c7443)
Tid:56107, Name:HangWatcher
#00 pc 00000000001d9f3c /system/lib/ld-musl-aarch64.so.1(__timedwait_cp+156)(8c2ca4e308a1de9ed1e6b4ccc14c7443)
#01 pc 00000000001dc014 /system/lib/ld-musl-aarch64.so.1(pthread_cond_timedwait+172)(8c2ca4e308a1de9ed1e6b4ccc14c7443)
#02 pc 0000000004a7c188 /data/storage/el1/bundle/arkwebcore/libs/arm64/libarkweb_engine.so(base::PAC_ConditionVariable::TimedWait(base::PAC_TimeDelta const&)+288)(2aa465c88fa6ff7f1a2d8c85b5e4e3cb679a0cf8)
#03 pc 0000000004abc5f4 /data/storage/el1/bundle/arkwebcore/libs/arm64/libarkweb_engine.so(base::PAC_WaitableEvent::TimedWaitImpl(base::PAC_TimeDelta)+592)(2aa465c88fa6ff7f1a2d8c85b5e4e3cb679a0cf8)
#04 pc 0000000004a20c34 /data/storage/el1/bundle/arkwebcore/libs/arm64/libarkweb_engine.so(base::PAC_WaitableEvent::TimedWait(base::PAC_TimeDelta)+160)(2aa465c88fa6ff7f1a2d8c85b5e4e3cb679a0cf8)
#05 pc 0000000004a62d5c /data/storage/el1/bundle/arkwebcore/libs/arm64/libarkweb_engine.so(base::PAC_HangWatcher::Run()+2180)(2aa465c88fa6ff7f1a2d8c85b5e4e3cb679a0cf8)
#06 pc 0000000004a7c798 /data/storage/el1/bundle/arkwebcore/libs/arm64/libarkweb_engine.so(base::(anonymous namespace)::ThreadFunc(void*)+376)(2aa465c88fa6ff7f1a2d8c85b5e4e3cb679a0cf8)
#07 pc 00000000001de740 /system/lib/ld-musl-aarch64.so.1(start+240)(8c2ca4e308a1de9ed1e6b4ccc14c7443)
Tid:56108, Name:ThreadPoolServi
#00 pc 00000000001777c0 /system/lib/ld-musl-aarch64.so.1(epoll_wait+84)(8c2ca4e308a1de9ed1e6b4ccc14c7443)
#01 pc 0000000004aba14c /data/storage/el1/bundle/arkwebcore/libs/arm64/libarkweb_engine.so(base::PAC_MessagePumpEpoll::WaitForEpollEvents(base::PAC_TimeDelta)+152)(2aa465c88fa6ff7f1a2d8c85b5e4e3cb679a0cf8)
#02 pc 0000000004aba014 /data/storage/el1/bundle/arkwebcore/libs/arm64/libarkweb_engine.so(base::PAC_MessagePumpEpoll::Run(base::PAC_MessagePump::PAC_Delegate*)+456)(2aa465c88fa6ff7f1a2d8c85b5e4e3cb679a0cf8)
#03 pc 0000000004a4690c /data/storage/el1/bundle/arkwebcore/libs/arm64/libarkweb_engine.so(base::sequence_manager::internal::PAC_ThreadControllerWithMessagePumpImpl::Run(bool, base::PAC_TimeDelta)+324)(2aa465c88fa6ff7f1a2d8c85b5e4e3cb679a0cf8)
#04 pc 0000000004a0596c /data/storage/el1/bundle/arkwebcore/libs/arm64/libarkweb_engine.so(base::PAC_RunLoop::Run(base::PAC_Location const&)+188)(2aa465c88fa6ff7f1a2d8c85b5e4e3cb679a0cf8)
#05 pc 0000000004a541e8 /data/storage/el1/bundle/arkwebcore/libs/arm64/libarkweb_engine.so(base::internal::PAC_ServiceThread::Run(base::PAC_RunLoop*)+60)(2aa465c88fa6ff7f1a2d8c85b5e4e3cb679a0cf8)
#06 pc 0000000004a693d8 /data/storage/el1/bundle/arkwebcore/libs/arm64/libarkweb_engine.so(base::PAC_Thread::ThreadMain()+644)(2aa465c88fa6ff7f1a2d8c85b5e4e3cb679a0cf8)
#07 pc 0000000004a7c798 /data/storage/el1/bundle/arkwebcore/libs/arm64/libarkweb_engine.so(base::(anonymous namespace)::ThreadFunc(void*)+376)(2aa465c88fa6ff7f1a2d8c85b5e4e3cb679a0cf8)
#08 pc 00000000001de740 /system/lib/ld-musl-aarch64.so.1(start+240)(8c2ca4e308a1de9ed1e6b4ccc14c7443)
Tid:56109, Name:ThreadPoolForeg
#00 pc 00000000001d9f3c /system/lib/ld-musl-aarch64.so.1(__timedwait_cp+156)(8c2ca4e308a1de9ed1e6b4ccc14c7443)
#01 pc 00000000001dc014 /system/lib/ld-musl-aarch64.so.1(pthread_cond_timedwait+172)(8c2ca4e308a1de9ed1e6b4ccc14c7443)
#02 pc 0000000004a7c188 /data/storage/el1/bundle/arkwebcore/libs/arm64/libarkweb_engine.so(base::PAC_ConditionVariable::TimedWait(base::PAC_TimeDelta const&)+288)(2aa465c88fa6ff7f1a2d8c85b5e4e3cb679a0cf8)
#03 pc 0000000004abc5f4 /data/storage/el1/bundle/arkwebcore/libs/arm64/libarkweb_engine.so(base::PAC_WaitableEvent::TimedWaitImpl(base::PAC_TimeDelta)+592)(2aa465c88fa6ff7f1a2d8c85b5e4e3cb679a0cf8)
#04 pc 0000000004a20c34 /data/storage/el1/bundle/arkwebcore/libs/arm64/libarkweb_engine.so(base::PAC_WaitableEvent::TimedWait(base::PAC_TimeDelta)+160)(2aa465c88fa6ff7f1a2d8c85b5e4e3cb679a0cf8)
#05 pc 0000000004a5e41c /data/storage/el1/bundle/arkwebcore/libs/arm64/libarkweb_engine.so(base::internal::PAC_WorkerThread::PAC_Delegate::TimedWait(base::PAC_TimeDelta)+16)(2aa465c88fa6ff7f1a2d8c85b5e4e3cb679a0cf8)
#06 pc 0000000004a5e4a8 /data/storage/el1/bundle/arkwebcore/libs/arm64/libarkweb_engine.so(base::internal::PAC_WorkerThread::PAC_Delegate::WaitForWork()+120)(2aa465c88fa6ff7f1a2d8c85b5e4e3cb679a0cf8)
#07 pc 0000000004a5f23c /data/storage/el1/bundle/arkwebcore/libs/arm64/libarkweb_engine.so(base::internal::PAC_WorkerThread::RunWorker()+564)(2aa465c88fa6ff7f1a2d8c85b5e4e3cb679a0cf8)
#08 pc 0000000004a5ef7c /data/storage/el1/bundle/arkwebcore/libs/arm64/libarkweb_engine.so(base::internal::PAC_WorkerThread::RunPooledWorker()+16)(2aa465c88fa6ff7f1a2d8c85b5e4e3cb679a0cf8)
#09 pc 0000000004a5edd0 /data/storage/el1/bundle/arkwebcore/libs/arm64/libarkweb_engine.so(base::internal::PAC_WorkerThread::ThreadMain()+200)(2aa465c88fa6ff7f1a2d8c85b5e4e3cb679a0cf8)
#10 pc 0000000004a7c798 /data/storage/el1/bundle/arkwebcore/libs/arm64/libarkweb_engine.so(base::(anonymous namespace)::ThreadFunc(void*)+376)(2aa465c88fa6ff7f1a2d8c85b5e4e3cb679a0cf8)
#11 pc 00000000001de740 /system/lib/ld-musl-aarch64.so.1(start+240)(8c2ca4e308a1de9ed1e6b4ccc14c7443)
Tid:56110, Name:ThreadPoolForeg
#00 pc 00000000001d9f3c /system/lib/ld-musl-aarch64.so.1(__timedwait_cp+156)(8c2ca4e308a1de9ed1e6b4ccc14c7443)
#01 pc 00000000001dc014 /system/lib/ld-musl-aarch64.so.1(pthread_cond_timedwait+172)(8c2ca4e308a1de9ed1e6b4ccc14c7443)
#02 pc 0000000004a7c188 /data/storage/el1/bundle/arkwebcore/libs/arm64/libarkweb_engine.so(base::PAC_ConditionVariable::TimedWait(base::PAC_TimeDelta const&)+288)(2aa465c88fa6ff7f1a2d8c85b5e4e3cb679a0cf8)
#03 pc 0000000004abc5f4 /data/storage/el1/bundle/arkwebcore/libs/arm64/libarkweb_engine.so(base::PAC_WaitableEvent::TimedWaitImpl(base::PAC_TimeDelta)+592)(2aa465c88fa6ff7f1a2d8c85b5e4e3cb679a0cf8)
#04 pc 0000000004a20c34 /data/storage/el1/bundle/arkwebcore/libs/arm64/libarkweb_engine.so(base::PAC_WaitableEvent::TimedWait(base::PAC_TimeDelta)+160)(2aa465c88fa6ff7f1a2d8c85b5e4e3cb679a0cf8)
#05 pc 0000000004a5e41c /data/storage/el1/bundle/arkwebcore/libs/arm64/libarkweb_engine.so(base::internal::PAC_WorkerThread::PAC_Delegate::TimedWait(base::PAC_TimeDelta)+16)(2aa465c88fa6ff7f1a2d8c85b5e4e3cb679a0cf8)
#06 pc 0000000004a5e4a8 /data/storage/el1/bundle/arkwebcore/libs/arm64/libarkweb_engine.so(base::internal::PAC_WorkerThread::PAC_Delegate::WaitForWork()+120)(2aa465c88fa6ff7f1a2d8c85b5e4e3cb679a0cf8)
#07 pc 0000000004a5f23c /data/storage/el1/bundle/arkwebcore/libs/arm64/libarkweb_engine.so(base::internal::PAC_WorkerThread::RunWorker()+564)(2aa465c88fa6ff7f1a2d8c85b5e4e3cb679a0cf8)
#08 pc 0000000004a5ef7c /data/storage/el1/bundle/arkwebcore/libs/arm64/libarkweb_engine.so(base::internal::PAC_WorkerThread::RunPooledWorker()+16)(2aa465c88fa6ff7f1a2d8c85b5e4e3cb679a0cf8)
#09 pc 0000000004a5edd0 /data/storage/el1/bundle/arkwebcore/libs/arm64/libarkweb_engine.so(base::internal::PAC_WorkerThread::ThreadMain()+200)(2aa465c88fa6ff7f1a2d8c85b5e4e3cb679a0cf8)
#10 pc 0000000004a7c798 /data/storage/el1/bundle/arkwebcore/libs/arm64/libarkweb_engine.so(base::(anonymous namespace)::ThreadFunc(void*)+376)(2aa465c88fa6ff7f1a2d8c85b5e4e3cb679a0cf8)
#11 pc 00000000001de740 /system/lib/ld-musl-aarch64.so.1(start+240)(8c2ca4e308a1de9ed1e6b4ccc14c7443)
Tid:56111, Name:ThreadPoolForeg
#00 pc 00000000001d9f3c /system/lib/ld-musl-aarch64.so.1(__timedwait_cp+156)(8c2ca4e308a1de9ed1e6b4ccc14c7443)
#01 pc 00000000001dc014 /system/lib/ld-musl-aarch64.so.1(pthread_cond_timedwait+172)(8c2ca4e308a1de9ed1e6b4ccc14c7443)
#02 pc 0000000004a7c188 /data/storage/el1/bundle/arkwebcore/libs/arm64/libarkweb_engine.so(base::PAC_ConditionVariable::TimedWait(base::PAC_TimeDelta const&)+288)(2aa465c88fa6ff7f1a2d8c85b5e4e3cb679a0cf8)
#03 pc 0000000004abc5f4 /data/storage/el1/bundle/arkwebcore/libs/arm64/libarkweb_engine.so(base::PAC_WaitableEvent::TimedWaitImpl(base::PAC_TimeDelta)+592)(2aa465c88fa6ff7f1a2d8c85b5e4e3cb679a0cf8)
#04 pc 0000000004a20c34 /data/storage/el1/bundle/arkwebcore/libs/arm64/libarkweb_engine.so(base::PAC_WaitableEvent::TimedWait(base::PAC_TimeDelta)+160)(2aa465c88fa6ff7f1a2d8c85b5e4e3cb679a0cf8)
#05 pc 0000000004a5e41c /data/storage/el1/bundle/arkwebcore/libs/arm64/libarkweb_engine.so(base::internal::PAC_WorkerThread::PAC_Delegate::TimedWait(base::PAC_TimeDelta)+16)(2aa465c88fa6ff7f1a2d8c85b5e4e3cb679a0cf8)
#06 pc 0000000004a5e4a8 /data/storage/el1/bundle/arkwebcore/libs/arm64/libarkweb_engine.so(base::internal::PAC_WorkerThread::PAC_Delegate::WaitForWork()+120)(2aa465c88fa6ff7f1a2d8c85b5e4e3cb679a0cf8)
#07 pc 0000000004a5f23c /data/storage/el1/bundle/arkwebcore/libs/arm64/libarkweb_engine.so(base::internal::PAC_WorkerThread::RunWorker()+564)(2aa465c88fa6ff7f1a2d8c85b5e4e3cb679a0cf8)
#08 pc 0000000004a5ef7c /data/storage/el1/bundle/arkwebcore/libs/arm64/libarkweb_engine.so(base::internal::PAC_WorkerThread::RunPooledWorker()+16)(2aa465c88fa6ff7f1a2d8c85b5e4e3cb679a0cf8)
#09 pc 0000000004a5edd0 /data/storage/el1/bundle/arkwebcore/libs/arm64/libarkweb_engine.so(base::internal::PAC_WorkerThread::ThreadMain()+200)(2aa465c88fa6ff7f1a2d8c85b5e4e3cb679a0cf8)
#10 pc 0000000004a7c798 /data/storage/el1/bundle/arkwebcore/libs/arm64/libarkweb_engine.so(base::(anonymous namespace)::ThreadFunc(void*)+376)(2aa465c88fa6ff7f1a2d8c85b5e4e3cb679a0cf8)
#11 pc 00000000001de740 /system/lib/ld-musl-aarch64.so.1(start+240)(8c2ca4e308a1de9ed1e6b4ccc14c7443)
Tid:56112, Name:Chrome_IOThread
#00 pc 00000000001777c0 /system/lib/ld-musl-aarch64.so.1(epoll_wait+84)(8c2ca4e308a1de9ed1e6b4ccc14c7443)
#01 pc 0000000004aba14c /data/storage/el1/bundle/arkwebcore/libs/arm64/libarkweb_engine.so(base::PAC_MessagePumpEpoll::WaitForEpollEvents(base::PAC_TimeDelta)+152)(2aa465c88fa6ff7f1a2d8c85b5e4e3cb679a0cf8)
#02 pc 0000000004aba014 /data/storage/el1/bundle/arkwebcore/libs/arm64/libarkweb_engine.so(base::PAC_MessagePumpEpoll::Run(base::PAC_MessagePump::PAC_Delegate*)+456)(2aa465c88fa6ff7f1a2d8c85b5e4e3cb679a0cf8)
#03 pc 0000000004a4690c /data/storage/el1/bundle/arkwebcore/libs/arm64/libarkweb_engine.so(base::sequence_manager::internal::PAC_ThreadControllerWithMessagePumpImpl::Run(bool, base::PAC_TimeDelta)+324)(2aa465c88fa6ff7f1a2d8c85b5e4e3cb679a0cf8)
#04 pc 0000000004a0596c /data/storage/el1/bundle/arkwebcore/libs/arm64/libarkweb_engine.so(base::PAC_RunLoop::Run(base::PAC_Location const&)+188)(2aa465c88fa6ff7f1a2d8c85b5e4e3cb679a0cf8)
#05 pc 0000000004a6913c /data/storage/el1/bundle/arkwebcore/libs/arm64/libarkweb_engine.so(base::PAC_Thread::Run(base::PAC_RunLoop*)+60)(2aa465c88fa6ff7f1a2d8c85b5e4e3cb679a0cf8)
#06 pc 0000000003489dbc /data/storage/el1/bundle/arkwebcore/libs/arm64/libarkweb_engine.so(content::PAC_BrowserProcessIOThread::Run(base::PAC_RunLoop*)+124)(2aa465c88fa6ff7f1a2d8c85b5e4e3cb679a0cf8)
#07 pc 0000000004a693d8 /data/storage/el1/bundle/arkwebcore/libs/arm64/libarkweb_engine.so(base::PAC_Thread::ThreadMain()+644)(2aa465c88fa6ff7f1a2d8c85b5e4e3cb679a0cf8)
#08 pc 0000000004a7c798 /data/storage/el1/bundle/arkwebcore/libs/arm64/libarkweb_engine.so(base::(anonymous namespace)::ThreadFunc(void*)+376)(2aa465c88fa6ff7f1a2d8c85b5e4e3cb679a0cf8)
#09 pc 00000000001de740 /system/lib/ld-musl-aarch64.so.1(start+240)(8c2ca4e308a1de9ed1e6b4ccc14c7443)
Tid:56113, Name:MemoryInfra
#00 pc 00000000001d9f3c /system/lib/ld-musl-aarch64.so.1(__timedwait_cp+156)(8c2ca4e308a1de9ed1e6b4ccc14c7443)
#01 pc 00000000001dc014 /system/lib/ld-musl-aarch64.so.1(pthread_cond_timedwait+172)(8c2ca4e308a1de9ed1e6b4ccc14c7443)
#02 pc 0000000004a7c188 /data/storage/el1/bundle/arkwebcore/libs/arm64/libarkweb_engine.so(base::PAC_ConditionVariable::TimedWait(base::PAC_TimeDelta const&)+288)(2aa465c88fa6ff7f1a2d8c85b5e4e3cb679a0cf8)
#03 pc 0000000004abc5f4 /data/storage/el1/bundle/arkwebcore/libs/arm64/libarkweb_engine.so(base::PAC_WaitableEvent::TimedWaitImpl(base::PAC_TimeDelta)+592)(2aa465c88fa6ff7f1a2d8c85b5e4e3cb679a0cf8)
#04 pc 0000000004a20c34 /data/storage/el1/bundle/arkwebcore/libs/arm64/libarkweb_engine.so(base::PAC_WaitableEvent::TimedWait(base::PAC_TimeDelta)+160)(2aa465c88fa6ff7f1a2d8c85b5e4e3cb679a0cf8)
#05 pc 00000000049d581c /data/storage/el1/bundle/arkwebcore/libs/arm64/libarkweb_engine.so(base::PAC_MessagePumpDefault::Run(base::PAC_MessagePump::PAC_Delegate*)+76)(2aa465c88fa6ff7f1a2d8c85b5e4e3cb679a0cf8)
#06 pc 0000000004a4690c /data/storage/el1/bundle/arkwebcore/libs/arm64/libarkweb_engine.so(base::sequence_manager::internal::PAC_ThreadControllerWithMessagePumpImpl::Run(bool, base::PAC_TimeDelta)+324)(2aa465c88fa6ff7f1a2d8c85b5e4e3cb679a0cf8)
#07 pc 0000000004a0596c /data/storage/el1/bundle/arkwebcore/libs/arm64/libarkweb_engine.so(base::PAC_RunLoop::Run(base::PAC_Location const&)+188)(2aa465c88fa6ff7f1a2d8c85b5e4e3cb679a0cf8)
#08 pc 0000000004a6913c /data/storage/el1/bundle/arkwebcore/libs/arm64/libarkweb_engine.so(base::PAC_Thread::Run(base::PAC_RunLoop*)+60)(2aa465c88fa6ff7f1a2d8c85b5e4e3cb679a0cf8)
#09 pc 0000000004a693d8 /data/storage/el1/bundle/arkwebcore/libs/arm64/libarkweb_engine.so(base::PAC_Thread::ThreadMain()+644)(2aa465c88fa6ff7f1a2d8c85b5e4e3cb679a0cf8)
#10 pc 0000000004a7c798 /data/storage/el1/bundle/arkwebcore/libs/arm64/libarkweb_engine.so(base::(anonymous namespace)::ThreadFunc(void*)+376)(2aa465c88fa6ff7f1a2d8c85b5e4e3cb679a0cf8)
#11 pc 00000000001de740 /system/lib/ld-musl-aarch64.so.1(start+240)(8c2ca4e308a1de9ed1e6b4ccc14c7443)
Tid:56114, Name:ThreadPoolForeg
#00 pc 00000000001d9f3c /system/lib/ld-musl-aarch64.so.1(__timedwait_cp+156)(8c2ca4e308a1de9ed1e6b4ccc14c7443)
#01 pc 00000000001dc014 /system/lib/ld-musl-aarch64.so.1(pthread_cond_timedwait+172)(8c2ca4e308a1de9ed1e6b4ccc14c7443)
#02 pc 0000000004a7c188 /data/storage/el1/bundle/arkwebcore/libs/arm64/libarkweb_engine.so(base::PAC_ConditionVariable::TimedWait(base::PAC_TimeDelta const&)+288)(2aa465c88fa6ff7f1a2d8c85b5e4e3cb679a0cf8)
#03 pc 0000000004abc5f4 /data/storage/el1/bundle/arkwebcore/libs/arm64/libarkweb_engine.so(base::PAC_WaitableEvent::TimedWaitImpl(base::PAC_TimeDelta)+592)(2aa465c88fa6ff7f1a2d8c85b5e4e3cb679a0cf8)
#04 pc 0000000004a20c34 /data/storage/el1/bundle/arkwebcore/libs/arm64/libarkweb_engine.so(base::PAC_WaitableEvent::TimedWait(base::PAC_TimeDelta)+160)(2aa465c88fa6ff7f1a2d8c85b5e4e3cb679a0cf8)
#05 pc 0000000004a5e41c /data/storage/el1/bundle/arkwebcore/libs/arm64/libarkweb_engine.so(base::internal::PAC_WorkerThread::PAC_Delegate::TimedWait(base::PAC_TimeDelta)+16)(2aa465c88fa6ff7f1a2d8c85b5e4e3cb679a0cf8)
#06 pc 0000000004a5e4a8 /data/storage/el1/bundle/arkwebcore/libs/arm64/libarkweb_engine.so(base::internal::PAC_WorkerThread::PAC_Delegate::WaitForWork()+120)(2aa465c88fa6ff7f1a2d8c85b5e4e3cb679a0cf8)
#07 pc 0000000004a5f23c /data/storage/el1/bundle/arkwebcore/libs/arm64/libarkweb_engine.so(base::internal::PAC_WorkerThread::RunWorker()+564)(2aa465c88fa6ff7f1a2d8c85b5e4e3cb679a0cf8)
#08 pc 0000000004a5ef7c /data/storage/el1/bundle/arkwebcore/libs/arm64/libarkweb_engine.so(base::internal::PAC_WorkerThread::RunPooledWorker()+16)(2aa465c88fa6ff7f1a2d8c85b5e4e3cb679a0cf8)
#09 pc 0000000004a5edd0 /data/storage/el1/bundle/arkwebcore/libs/arm64/libarkweb_engine.so(base::internal::PAC_WorkerThread::ThreadMain()+200)(2aa465c88fa6ff7f1a2d8c85b5e4e3cb679a0cf8)
#10 pc 0000000004a7c798 /data/storage/el1/bundle/arkwebcore/libs/arm64/libarkweb_engine.so(base::(anonymous namespace)::ThreadFunc(void*)+376)(2aa465c88fa6ff7f1a2d8c85b5e4e3cb679a0cf8)
#11 pc 00000000001de740 /system/lib/ld-musl-aarch64.so.1(start+240)(8c2ca4e308a1de9ed1e6b4ccc14c7443)
Tid:56115, Name:CrShutdownDetec
#00 pc 000000000016d0dc /system/lib/ld-musl-aarch64.so.1(__read_chk+80)(8c2ca4e308a1de9ed1e6b4ccc14c7443)
#01 pc 00000000070606bc /data/storage/el1/bundle/arkwebcore/libs/arm64/libarkweb_engine.so((anonymous namespace)::PAC_ShutdownDetector::ThreadMain()+128)(2aa465c88fa6ff7f1a2d8c85b5e4e3cb679a0cf8)
#02 pc 0000000004a7c798 /data/storage/el1/bundle/arkwebcore/libs/arm64/libarkweb_engine.so(base::(anonymous namespace)::ThreadFunc(void*)+376)(2aa465c88fa6ff7f1a2d8c85b5e4e3cb679a0cf8)
#03 pc 00000000001de740 /system/lib/ld-musl-aarch64.so.1(start+240)(8c2ca4e308a1de9ed1e6b4ccc14c7443)
Tid:56116, Name:ThreadPoolForeg
#00 pc 00000000001d9f3c /system/lib/ld-musl-aarch64.so.1(__timedwait_cp+156)(8c2ca4e308a1de9ed1e6b4ccc14c7443)
#01 pc 00000000001dc014 /system/lib/ld-musl-aarch64.so.1(pthread_cond_timedwait+172)(8c2ca4e308a1de9ed1e6b4ccc14c7443)
#02 pc 0000000004a7c188 /data/storage/el1/bundle/arkwebcore/libs/arm64/libarkweb_engine.so(base::PAC_ConditionVariable::TimedWait(base::PAC_TimeDelta const&)+288)(2aa465c88fa6ff7f1a2d8c85b5e4e3cb679a0cf8)
#03 pc 0000000004abc5f4 /data/storage/el1/bundle/arkwebcore/libs/arm64/libarkweb_engine.so(base::PAC_WaitableEvent::TimedWaitImpl(base::PAC_TimeDelta)+592)(2aa465c88fa6ff7f1a2d8c85b5e4e3cb679a0cf8)
#04 pc 0000000004a20c34 /data/storage/el1/bundle/arkwebcore/libs/arm64/libarkweb_engine.so(base::PAC_WaitableEvent::TimedWait(base::PAC_TimeDelta)+160)(2aa465c88fa6ff7f1a2d8c85b5e4e3cb679a0cf8)
#05 pc 0000000004a5e41c /data/storage/el1/bundle/arkwebcore/libs/arm64/libarkweb_engine.so(base::internal::PAC_WorkerThread::PAC_Delegate::TimedWait(base::PAC_TimeDelta)+16)(2aa465c88fa6ff7f1a2d8c85b5e4e3cb679a0cf8)
#06 pc 0000000004a5e4a8 /data/storage/el1/bundle/arkwebcore/libs/arm64/libarkweb_engine.so(base::internal::PAC_WorkerThread::PAC_Delegate::WaitForWork()+120)(2aa465c88fa6ff7f1a2d8c85b5e4e3cb679a0cf8)
#07 pc 0000000004a5f23c /data/storage/el1/bundle/arkwebcore/libs/arm64/libarkweb_engine.so(base::internal::PAC_WorkerThread::RunWorker()+564)(2aa465c88fa6ff7f1a2d8c85b5e4e3cb679a0cf8)
#08 pc 0000000004a5ef7c /data/storage/el1/bundle/arkwebcore/libs/arm64/libarkweb_engine.so(base::internal::PAC_WorkerThread::RunPooledWorker()+16)(2aa465c88fa6ff7f1a2d8c85b5e4e3cb679a0cf8)
#09 pc 0000000004a5edd0 /data/storage/el1/bundle/arkwebcore/libs/arm64/libarkweb_engine.so(base::internal::PAC_WorkerThread::ThreadMain()+200)(2aa465c88fa6ff7f1a2d8c85b5e4e3cb679a0cf8)
#10 pc 0000000004a7c798 /data/storage/el1/bundle/arkwebcore/libs/arm64/libarkweb_engine.so(base::(anonymous namespace)::ThreadFunc(void*)+376)(2aa465c88fa6ff7f1a2d8c85b5e4e3cb679a0cf8)
#11 pc 00000000001de740 /system/lib/ld-musl-aarch64.so.1(start+240)(8c2ca4e308a1de9ed1e6b4ccc14c7443)
Tid:56117, Name:ThreadPoolForeg
#00 pc 00000000001d9f3c /system/lib/ld-musl-aarch64.so.1(__timedwait_cp+156)(8c2ca4e308a1de9ed1e6b4ccc14c7443)
#01 pc 00000000001dc014 /system/lib/ld-musl-aarch64.so.1(pthread_cond_timedwait+172)(8c2ca4e308a1de9ed1e6b4ccc14c7443)
#02 pc 0000000004a7c188 /data/storage/el1/bundle/arkwebcore/libs/arm64/libarkweb_engine.so(base::PAC_ConditionVariable::TimedWait(base::PAC_TimeDelta const&)+288)(2aa465c88fa6ff7f1a2d8c85b5e4e3cb679a0cf8)
#03 pc 0000000004abc5f4 /data/storage/el1/bundle/arkwebcore/libs/arm64/libarkweb_engine.so(base::PAC_WaitableEvent::TimedWaitImpl(base::PAC_TimeDelta)+592)(2aa465c88fa6ff7f1a2d8c85b5e4e3cb679a0cf8)
#04 pc 0000000004a20c34 /data/storage/el1/bundle/arkwebcore/libs/arm64/libarkweb_engine.so(base::PAC_WaitableEvent::TimedWait(base::PAC_TimeDelta)+160)(2aa465c88fa6ff7f1a2d8c85b5e4e3cb679a0cf8)
#05 pc 0000000004a5e41c /data/storage/el1/bundle/arkwebcore/libs/arm64/libarkweb_engine.so(base::internal::PAC_WorkerThread::PAC_Delegate::TimedWait(base::PAC_TimeDelta)+16)(2aa465c88fa6ff7f1a2d8c85b5e4e3cb679a0cf8)
#06 pc 0000000004a5e4a8 /data/storage/el1/bundle/arkwebcore/libs/arm64/libarkweb_engine.so(base::internal::PAC_WorkerThread::PAC_Delegate::WaitForWork()+120)(2aa465c88fa6ff7f1a2d8c85b5e4e3cb679a0cf8)
#07 pc 0000000004a5f23c /data/storage/el1/bundle/arkwebcore/libs/arm64/libarkweb_engine.so(base::internal::PAC_WorkerThread::RunWorker()+564)(2aa465c88fa6ff7f1a2d8c85b5e4e3cb679a0cf8)
#08 pc 0000000004a5ef7c /data/storage/el1/bundle/arkwebcore/libs/arm64/libarkweb_engine.so(base::internal::PAC_WorkerThread::RunPooledWorker()+16)(2aa465c88fa6ff7f1a2d8c85b5e4e3cb679a0cf8)
#09 pc 0000000004a5edd0 /data/storage/el1/bundle/arkwebcore/libs/arm64/libarkweb_engine.so(base::internal::PAC_WorkerThread::ThreadMain()+200)(2aa465c88fa6ff7f1a2d8c85b5e4e3cb679a0cf8)
#10 pc 0000000004a7c798 /data/storage/el1/bundle/arkwebcore/libs/arm64/libarkweb_engine.so(base::(anonymous namespace)::ThreadFunc(void*)+376)(2aa465c88fa6ff7f1a2d8c85b5e4e3cb679a0cf8)
#11 pc 00000000001de740 /system/lib/ld-musl-aarch64.so.1(start+240)(8c2ca4e308a1de9ed1e6b4ccc14c7443)
Tid:56118, Name:inotify_reader
#00 pc 00000000001bdd64 /system/lib/ld-musl-aarch64.so.1(poll+124)(8c2ca4e308a1de9ed1e6b4ccc14c7443)
#01 pc 0000000004a846ac /data/storage/el1/bundle/arkwebcore/libs/arm64/libarkweb_engine.so(base::(anonymous namespace)::PAC_InotifyReaderThreadDelegate::ThreadMain()+248)(2aa465c88fa6ff7f1a2d8c85b5e4e3cb679a0cf8)
#02 pc 0000000004a7c798 /data/storage/el1/bundle/arkwebcore/libs/arm64/libarkweb_engine.so(base::(anonymous namespace)::ThreadFunc(void*)+376)(2aa465c88fa6ff7f1a2d8c85b5e4e3cb679a0cf8)
#03 pc 00000000001de740 /system/lib/ld-musl-aarch64.so.1(start+240)(8c2ca4e308a1de9ed1e6b4ccc14c7443)
Tid:56119, Name:Chrome_InProcGp
#00 pc 00000000001d9f3c /system/lib/ld-musl-aarch64.so.1(__timedwait_cp+156)(8c2ca4e308a1de9ed1e6b4ccc14c7443)
#01 pc 00000000001dc014 /system/lib/ld-musl-aarch64.so.1(pthread_cond_timedwait+172)(8c2ca4e308a1de9ed1e6b4ccc14c7443)
#02 pc 0000000004a7c03c /data/storage/el1/bundle/arkwebcore/libs/arm64/libarkweb_engine.so(base::PAC_ConditionVariable::Wait()+148)(2aa465c88fa6ff7f1a2d8c85b5e4e3cb679a0cf8)
#03 pc 0000000004abc5c4 /data/storage/el1/bundle/arkwebcore/libs/arm64/libarkweb_engine.so(base::PAC_WaitableEvent::TimedWaitImpl(base::PAC_TimeDelta)+544)(2aa465c88fa6ff7f1a2d8c85b5e4e3cb679a0cf8)
#04 pc 0000000004a20c34 /data/storage/el1/bundle/arkwebcore/libs/arm64/libarkweb_engine.so(base::PAC_WaitableEvent::TimedWait(base::PAC_TimeDelta)+160)(2aa465c88fa6ff7f1a2d8c85b5e4e3cb679a0cf8)
#05 pc 00000000049d581c /data/storage/el1/bundle/arkwebcore/libs/arm64/libarkweb_engine.so(base::PAC_MessagePumpDefault::Run(base::PAC_MessagePump::PAC_Delegate*)+76)(2aa465c88fa6ff7f1a2d8c85b5e4e3cb679a0cf8)
#06 pc 0000000004a4690c /data/storage/el1/bundle/arkwebcore/libs/arm64/libarkweb_engine.so(base::sequence_manager::internal::PAC_ThreadControllerWithMessagePumpImpl::Run(bool, base::PAC_TimeDelta)+324)(2aa465c88fa6ff7f1a2d8c85b5e4e3cb679a0cf8)
#07 pc 0000000004a0596c /data/storage/el1/bundle/arkwebcore/libs/arm64/libarkweb_engine.so(base::PAC_RunLoop::Run(base::PAC_Location const&)+188)(2aa465c88fa6ff7f1a2d8c85b5e4e3cb679a0cf8)
#08 pc 0000000004a6913c /data/storage/el1/bundle/arkwebcore/libs/arm64/libarkweb_engine.so(base::PAC_Thread::Run(base::PAC_RunLoop*)+60)(2aa465c88fa6ff7f1a2d8c85b5e4e3cb679a0cf8)
#09 pc 0000000004a693d8 /data/storage/el1/bundle/arkwebcore/libs/arm64/libarkweb_engine.so(base::PAC_Thread::ThreadMain()+644)(2aa465c88fa6ff7f1a2d8c85b5e4e3cb679a0cf8)
#10 pc 0000000004a7c798 /data/storage/el1/bundle/arkwebcore/libs/arm64/libarkweb_engine.so(base::(anonymous namespace)::ThreadFunc(void*)+376)(2aa465c88fa6ff7f1a2d8c85b5e4e3cb679a0cf8)
#11 pc 00000000001de740 /system/lib/ld-musl-aarch64.so.1(start+240)(8c2ca4e308a1de9ed1e6b4ccc14c7443)
Tid:56120, Name:Chrome_ChildIOT
#00 pc 00000000001777c0 /system/lib/ld-musl-aarch64.so.1(epoll_wait+84)(8c2ca4e308a1de9ed1e6b4ccc14c7443)
#01 pc 0000000004aba14c /data/storage/el1/bundle/arkwebcore/libs/arm64/libarkweb_engine.so(base::PAC_MessagePumpEpoll::WaitForEpollEvents(base::PAC_TimeDelta)+152)(2aa465c88fa6ff7f1a2d8c85b5e4e3cb679a0cf8)
#02 pc 0000000004aba014 /data/storage/el1/bundle/arkwebcore/libs/arm64/libarkweb_engine.so(base::PAC_MessagePumpEpoll::Run(base::PAC_MessagePump::PAC_Delegate*)+456)(2aa465c88fa6ff7f1a2d8c85b5e4e3cb679a0cf8)
#03 pc 0000000004a4690c /data/storage/el1/bundle/arkwebcore/libs/arm64/libarkweb_engine.so(base::sequence_manager::internal::PAC_ThreadControllerWithMessagePumpImpl::Run(bool, base::PAC_TimeDelta)+324)(2aa465c88fa6ff7f1a2d8c85b5e4e3cb679a0cf8)
#04 pc 0000000004a0596c /data/storage/el1/bundle/arkwebcore/libs/arm64/libarkweb_engine.so(base::PAC_RunLoop::Run(base::PAC_Location const&)+188)(2aa465c88fa6ff7f1a2d8c85b5e4e3cb679a0cf8)
#05 pc 0000000004a6913c /data/storage/el1/bundle/arkwebcore/libs/arm64/libarkweb_engine.so(base::PAC_Thread::Run(base::PAC_RunLoop*)+60)(2aa465c88fa6ff7f1a2d8c85b5e4e3cb679a0cf8)
#06 pc 0000000007606c08 /data/storage/el1/bundle/arkwebcore/libs/arm64/libarkweb_engine.so(content::(anonymous namespace)::PAC_ChildIOThread::Run(base::PAC_RunLoop*)+116)(2aa465c88fa6ff7f1a2d8c85b5e4e3cb679a0cf8)
#07 pc 0000000004a693d8 /data/storage/el1/bundle/arkwebcore/libs/arm64/libarkweb_engine.so(base::PAC_Thread::ThreadMain()+644)(2aa465c88fa6ff7f1a2d8c85b5e4e3cb679a0cf8)
#08 pc 0000000004a7c798 /data/storage/el1/bundle/arkwebcore/libs/arm64/libarkweb_engine.so(base::(anonymous namespace)::ThreadFunc(void*)+376)(2aa465c88fa6ff7f1a2d8c85b5e4e3cb679a0cf8)
#09 pc 00000000001de740 /system/lib/ld-musl-aarch64.so.1(start+240)(8c2ca4e308a1de9ed1e6b4ccc14c7443)
Tid:56121, Name:CompositorTileW
#00 pc 00000000001d9f3c /system/lib/ld-musl-aarch64.so.1(__timedwait_cp+156)(8c2ca4e308a1de9ed1e6b4ccc14c7443)
#01 pc 00000000001dc014 /system/lib/ld-musl-aarch64.so.1(pthread_cond_timedwait+172)(8c2ca4e308a1de9ed1e6b4ccc14c7443)
#02 pc 0000000004a7c03c /data/storage/el1/bundle/arkwebcore/libs/arm64/libarkweb_engine.so(base::PAC_ConditionVariable::Wait()+148)(2aa465c88fa6ff7f1a2d8c85b5e4e3cb679a0cf8)
#03 pc 0000000005ef2060 /data/storage/el1/bundle/arkwebcore/libs/arm64/libarkweb_engine.so(non-virtual thunk to cc::PAC_SingleThreadTaskGraphRunner::Run()+52)(2aa465c88fa6ff7f1a2d8c85b5e4e3cb679a0cf8)
#04 pc 0000000004a7c798 /data/storage/el1/bundle/arkwebcore/libs/arm64/libarkweb_engine.so(base::(anonymous namespace)::ThreadFunc(void*)+376)(2aa465c88fa6ff7f1a2d8c85b5e4e3cb679a0cf8)
#05 pc 00000000001de740 /system/lib/ld-musl-aarch64.so.1(start+240)(8c2ca4e308a1de9ed1e6b4ccc14c7443)
Tid:56122, Name:AudioThread
#00 pc 00000000001d9f3c /system/lib/ld-musl-aarch64.so.1(__timedwait_cp+156)(8c2ca4e308a1de9ed1e6b4ccc14c7443)
#01 pc 00000000001dc014 /system/lib/ld-musl-aarch64.so.1(pthread_cond_timedwait+172)(8c2ca4e308a1de9ed1e6b4ccc14c7443)
#02 pc 0000000004a7c03c /data/storage/el1/bundle/arkwebcore/libs/arm64/libarkweb_engine.so(base::PAC_ConditionVariable::Wait()+148)(2aa465c88fa6ff7f1a2d8c85b5e4e3cb679a0cf8)
#03 pc 0000000004abc5c4 /data/storage/el1/bundle/arkwebcore/libs/arm64/libarkweb_engine.so(base::PAC_WaitableEvent::TimedWaitImpl(base::PAC_TimeDelta)+544)(2aa465c88fa6ff7f1a2d8c85b5e4e3cb679a0cf8)
#04 pc 0000000004a20c34 /data/storage/el1/bundle/arkwebcore/libs/arm64/libarkweb_engine.so(base::PAC_WaitableEvent::TimedWait(base::PAC_TimeDelta)+160)(2aa465c88fa6ff7f1a2d8c85b5e4e3cb679a0cf8)
#05 pc 00000000049d581c /data/storage/el1/bundle/arkwebcore/libs/arm64/libarkweb_engine.so(base::PAC_MessagePumpDefault::Run(base::PAC_MessagePump::PAC_Delegate*)+76)(2aa465c88fa6ff7f1a2d8c85b5e4e3cb679a0cf8)
#06 pc 0000000004a4690c /data/storage/el1/bundle/arkwebcore/libs/arm64/libarkweb_engine.so(base::sequence_manager::internal::PAC_ThreadControllerWithMessagePumpImpl::Run(bool, base::PAC_TimeDelta)+324)(2aa465c88fa6ff7f1a2d8c85b5e4e3cb679a0cf8)
#07 pc 0000000004a0596c /data/storage/el1/bundle/arkwebcore/libs/arm64/libarkweb_engine.so(base::PAC_RunLoop::Run(base::PAC_Location const&)+188)(2aa465c88fa6ff7f1a2d8c85b5e4e3cb679a0cf8)
#08 pc 0000000004a6913c /data/storage/el1/bundle/arkwebcore/libs/arm64/libarkweb_engine.so(base::PAC_Thread::Run(base::PAC_RunLoop*)+60)(2aa465c88fa6ff7f1a2d8c85b5e4e3cb679a0cf8)
#09 pc 0000000004a693d8 /data/storage/el1/bundle/arkwebcore/libs/arm64/libarkweb_engine.so(base::PAC_Thread::ThreadMain()+644)(2aa465c88fa6ff7f1a2d8c85b5e4e3cb679a0cf8)
#10 pc 0000000004a7c798 /data/storage/el1/bundle/arkwebcore/libs/arm64/libarkweb_engine.so(base::(anonymous namespace)::ThreadFunc(void*)+376)(2aa465c88fa6ff7f1a2d8c85b5e4e3cb679a0cf8)
#11 pc 00000000001de740 /system/lib/ld-musl-aarch64.so.1(start+240)(8c2ca4e308a1de9ed1e6b4ccc14c7443)
Tid:56123, Name:VideoCaptureThr
#00 pc 00000000001d9f3c /system/lib/ld-musl-aarch64.so.1(__timedwait_cp+156)(8c2ca4e308a1de9ed1e6b4ccc14c7443)
#01 pc 00000000001dc014 /system/lib/ld-musl-aarch64.so.1(pthread_cond_timedwait+172)(8c2ca4e308a1de9ed1e6b4ccc14c7443)
#02 pc 0000000004a7c03c /data/storage/el1/bundle/arkwebcore/libs/arm64/libarkweb_engine.so(base::PAC_ConditionVariable::Wait()+148)(2aa465c88fa6ff7f1a2d8c85b5e4e3cb679a0cf8)
#03 pc 0000000004abc5c4 /data/storage/el1/bundle/arkwebcore/libs/arm64/libarkweb_engine.so(base::PAC_WaitableEvent::TimedWaitImpl(base::PAC_TimeDelta)+544)(2aa465c88fa6ff7f1a2d8c85b5e4e3cb679a0cf8)
#04 pc 0000000004a20c34 /data/storage/el1/bundle/arkwebcore/libs/arm64/libarkweb_engine.so(base::PAC_WaitableEvent::TimedWait(base::PAC_TimeDelta)+160)(2aa465c88fa6ff7f1a2d8c85b5e4e3cb679a0cf8)
#05 pc 00000000049d581c /data/storage/el1/bundle/arkwebcore/libs/arm64/libarkweb_engine.so(base::PAC_MessagePumpDefault::Run(base::PAC_MessagePump::PAC_Delegate*)+76)(2aa465c88fa6ff7f1a2d8c85b5e4e3cb679a0cf8)
#06 pc 0000000004a4690c /data/storage/el1/bundle/arkwebcore/libs/arm64/libarkweb_engine.so(base::sequence_manager::internal::PAC_ThreadControllerWithMessagePumpImpl::Run(bool, base::PAC_TimeDelta)+324)(2aa465c88fa6ff7f1a2d8c85b5e4e3cb679a0cf8)
#07 pc 0000000004a0596c /data/storage/el1/bundle/arkwebcore/libs/arm64/libarkweb_engine.so(base::PAC_RunLoop::Run(base::PAC_Location const&)+188)(2aa465c88fa6ff7f1a2d8c85b5e4e3cb679a0cf8)
#08 pc 0000000004a6913c /data/storage/el1/bundle/arkwebcore/libs/arm64/libarkweb_engine.so(base::PAC_Thread::Run(base::PAC_RunLoop*)+60)(2aa465c88fa6ff7f1a2d8c85b5e4e3cb679a0cf8)
#09 pc 0000000004a693d8 /data/storage/el1/bundle/arkwebcore/libs/arm64/libarkweb_engine.so(base::PAC_Thread::ThreadMain()+644)(2aa465c88fa6ff7f1a2d8c85b5e4e3cb679a0cf8)
#10 pc 0000000004a7c798 /data/storage/el1/bundle/arkwebcore/libs/arm64/libarkweb_engine.so(base::(anonymous namespace)::ThreadFunc(void*)+376)(2aa465c88fa6ff7f1a2d8c85b5e4e3cb679a0cf8)
#11 pc 00000000001de740 /system/lib/ld-musl-aarch64.so.1(start+240)(8c2ca4e308a1de9ed1e6b4ccc14c7443)
Tid:56124, Name:NetworkService
#00 pc 00000000001777c0 /system/lib/ld-musl-aarch64.so.1(epoll_wait+84)(8c2ca4e308a1de9ed1e6b4ccc14c7443)
#01 pc 0000000004aba14c /data/storage/el1/bundle/arkwebcore/libs/arm64/libarkweb_engine.so(base::PAC_MessagePumpEpoll::WaitForEpollEvents(base::PAC_TimeDelta)+152)(2aa465c88fa6ff7f1a2d8c85b5e4e3cb679a0cf8)
#02 pc 0000000004aba014 /data/storage/el1/bundle/arkwebcore/libs/arm64/libarkweb_engine.so(base::PAC_MessagePumpEpoll::Run(base::PAC_MessagePump::PAC_Delegate*)+456)(2aa465c88fa6ff7f1a2d8c85b5e4e3cb679a0cf8)
#03 pc 0000000004a4690c /data/storage/el1/bundle/arkwebcore/libs/arm64/libarkweb_engine.so(base::sequence_manager::internal::PAC_ThreadControllerWithMessagePumpImpl::Run(bool, base::PAC_TimeDelta)+324)(2aa465c88fa6ff7f1a2d8c85b5e4e3cb679a0cf8)
#04 pc 0000000004a0596c /data/storage/el1/bundle/arkwebcore/libs/arm64/libarkweb_engine.so(base::PAC_RunLoop::Run(base::PAC_Location const&)+188)(2aa465c88fa6ff7f1a2d8c85b5e4e3cb679a0cf8)
#05 pc 0000000004a6913c /data/storage/el1/bundle/arkwebcore/libs/arm64/libarkweb_engine.so(base::PAC_Thread::Run(base::PAC_RunLoop*)+60)(2aa465c88fa6ff7f1a2d8c85b5e4e3cb679a0cf8)
#06 pc 0000000004a693d8 /data/storage/el1/bundle/arkwebcore/libs/arm64/libarkweb_engine.so(base::PAC_Thread::ThreadMain()+644)(2aa465c88fa6ff7f1a2d8c85b5e4e3cb679a0cf8)
#07 pc 0000000004a7c798 /data/storage/el1/bundle/arkwebcore/libs/arm64/libarkweb_engine.so(base::(anonymous namespace)::ThreadFunc(void*)+376)(2aa465c88fa6ff7f1a2d8c85b5e4e3cb679a0cf8)
#08 pc 00000000001de740 /system/lib/ld-musl-aarch64.so.1(start+240)(8c2ca4e308a1de9ed1e6b4ccc14c7443)
Tid:56125, Name:VizCompositorTh
#00 pc 00000000001d9f3c /system/lib/ld-musl-aarch64.so.1(__timedwait_cp+156)(8c2ca4e308a1de9ed1e6b4ccc14c7443)
#01 pc 00000000001dc014 /system/lib/ld-musl-aarch64.so.1(pthread_cond_timedwait+172)(8c2ca4e308a1de9ed1e6b4ccc14c7443)
#02 pc 0000000004a7c03c /data/storage/el1/bundle/arkwebcore/libs/arm64/libarkweb_engine.so(base::PAC_ConditionVariable::Wait()+148)(2aa465c88fa6ff7f1a2d8c85b5e4e3cb679a0cf8)
#03 pc 0000000004abc5c4 /data/storage/el1/bundle/arkwebcore/libs/arm64/libarkweb_engine.so(base::PAC_WaitableEvent::TimedWaitImpl(base::PAC_TimeDelta)+544)(2aa465c88fa6ff7f1a2d8c85b5e4e3cb679a0cf8)
#04 pc 0000000004a20c34 /data/storage/el1/bundle/arkwebcore/libs/arm64/libarkweb_engine.so(base::PAC_WaitableEvent::TimedWait(base::PAC_TimeDelta)+160)(2aa465c88fa6ff7f1a2d8c85b5e4e3cb679a0cf8)
#05 pc 00000000049d581c /data/storage/el1/bundle/arkwebcore/libs/arm64/libarkweb_engine.so(base::PAC_MessagePumpDefault::Run(base::PAC_MessagePump::PAC_Delegate*)+76)(2aa465c88fa6ff7f1a2d8c85b5e4e3cb679a0cf8)
#06 pc 0000000004a4690c /data/storage/el1/bundle/arkwebcore/libs/arm64/libarkweb_engine.so(base::sequence_manager::internal::PAC_ThreadControllerWithMessagePumpImpl::Run(bool, base::PAC_TimeDelta)+324)(2aa465c88fa6ff7f1a2d8c85b5e4e3cb679a0cf8)
#07 pc 0000000004a0596c /data/storage/el1/bundle/arkwebcore/libs/arm64/libarkweb_engine.so(base::PAC_RunLoop::Run(base::PAC_Location const&)+188)(2aa465c88fa6ff7f1a2d8c85b5e4e3cb679a0cf8)
#08 pc 0000000004a6913c /data/storage/el1/bundle/arkwebcore/libs/arm64/libarkweb_engine.so(base::PAC_Thread::Run(base::PAC_RunLoop*)+60)(2aa465c88fa6ff7f1a2d8c85b5e4e3cb679a0cf8)
#09 pc 0000000004a693d8 /data/storage/el1/bundle/arkwebcore/libs/arm64/libarkweb_engine.so(base::PAC_Thread::ThreadMain()+644)(2aa465c88fa6ff7f1a2d8c85b5e4e3cb679a0cf8)
#10 pc 0000000004a7c798 /data/storage/el1/bundle/arkwebcore/libs/arm64/libarkweb_engine.so(base::(anonymous namespace)::ThreadFunc(void*)+376)(2aa465c88fa6ff7f1a2d8c85b5e4e3cb679a0cf8)
#11 pc 00000000001de740 /system/lib/ld-musl-aarch64.so.1(start+240)(8c2ca4e308a1de9ed1e6b4ccc14c7443)
Tid:56126, Name:ThreadPoolSingl
#00 pc 00000000001d9f3c /system/lib/ld-musl-aarch64.so.1(__timedwait_cp+156)(8c2ca4e308a1de9ed1e6b4ccc14c7443)
#01 pc 00000000001dc014 /system/lib/ld-musl-aarch64.so.1(pthread_cond_timedwait+172)(8c2ca4e308a1de9ed1e6b4ccc14c7443)
#02 pc 0000000004a7c188 /data/storage/el1/bundle/arkwebcore/libs/arm64/libarkweb_engine.so(base::PAC_ConditionVariable::TimedWait(base::PAC_TimeDelta const&)+288)(2aa465c88fa6ff7f1a2d8c85b5e4e3cb679a0cf8)
#03 pc 0000000004abc5f4 /data/storage/el1/bundle/arkwebcore/libs/arm64/libarkweb_engine.so(base::PAC_WaitableEvent::TimedWaitImpl(base::PAC_TimeDelta)+592)(2aa465c88fa6ff7f1a2d8c85b5e4e3cb679a0cf8)
#04 pc 0000000004a20c34 /data/storage/el1/bundle/arkwebcore/libs/arm64/libarkweb_engine.so(base::PAC_WaitableEvent::TimedWait(base::PAC_TimeDelta)+160)(2aa465c88fa6ff7f1a2d8c85b5e4e3cb679a0cf8)
#05 pc 0000000004a5e41c /data/storage/el1/bundle/arkwebcore/libs/arm64/libarkweb_engine.so(base::internal::PAC_WorkerThread::PAC_Delegate::TimedWait(base::PAC_TimeDelta)+16)(2aa465c88fa6ff7f1a2d8c85b5e4e3cb679a0cf8)
#06 pc 0000000004a5e4a8 /data/storage/el1/bundle/arkwebcore/libs/arm64/libarkweb_engine.so(base::internal::PAC_WorkerThread::PAC_Delegate::WaitForWork()+120)(2aa465c88fa6ff7f1a2d8c85b5e4e3cb679a0cf8)
#07 pc 0000000004a5f23c /data/storage/el1/bundle/arkwebcore/libs/arm64/libarkweb_engine.so(base::internal::PAC_WorkerThread::RunWorker()+564)(2aa465c88fa6ff7f1a2d8c85b5e4e3cb679a0cf8)
#08 pc 0000000004a5efb0 /data/storage/el1/bundle/arkwebcore/libs/arm64/libarkweb_engine.so(base::internal::PAC_WorkerThread::RunSharedWorker()+16)(2aa465c88fa6ff7f1a2d8c85b5e4e3cb679a0cf8)
#09 pc 0000000004a5ee4c /data/storage/el1/bundle/arkwebcore/libs/arm64/libarkweb_engine.so(base::internal::PAC_WorkerThread::ThreadMain()+324)(2aa465c88fa6ff7f1a2d8c85b5e4e3cb679a0cf8)
#10 pc 0000000004a7c798 /data/storage/el1/bundle/arkwebcore/libs/arm64/libarkweb_engine.so(base::(anonymous namespace)::ThreadFunc(void*)+376)(2aa465c88fa6ff7f1a2d8c85b5e4e3cb679a0cf8)
#11 pc 00000000001de740 /system/lib/ld-musl-aarch64.so.1(start+240)(8c2ca4e308a1de9ed1e6b4ccc14c7443)
Tid:56127, Name:CookieMonsterCl
#00 pc 00000000001d9f3c /system/lib/ld-musl-aarch64.so.1(__timedwait_cp+156)(8c2ca4e308a1de9ed1e6b4ccc14c7443)
#01 pc 00000000001dc014 /system/lib/ld-musl-aarch64.so.1(pthread_cond_timedwait+172)(8c2ca4e308a1de9ed1e6b4ccc14c7443)
#02 pc 0000000004a7c03c /data/storage/el1/bundle/arkwebcore/libs/arm64/libarkweb_engine.so(base::PAC_ConditionVariable::Wait()+148)(2aa465c88fa6ff7f1a2d8c85b5e4e3cb679a0cf8)
#03 pc 0000000004abc5c4 /data/storage/el1/bundle/arkwebcore/libs/arm64/libarkweb_engine.so(base::PAC_WaitableEvent::TimedWaitImpl(base::PAC_TimeDelta)+544)(2aa465c88fa6ff7f1a2d8c85b5e4e3cb679a0cf8)
#04 pc 0000000004a20c34 /data/storage/el1/bundle/arkwebcore/libs/arm64/libarkweb_engine.so(base::PAC_WaitableEvent::TimedWait(base::PAC_TimeDelta)+160)(2aa465c88fa6ff7f1a2d8c85b5e4e3cb679a0cf8)
#05 pc 00000000049d581c /data/storage/el1/bundle/arkwebcore/libs/arm64/libarkweb_engine.so(base::PAC_MessagePumpDefault::Run(base::PAC_MessagePump::PAC_Delegate*)+76)(2aa465c88fa6ff7f1a2d8c85b5e4e3cb679a0cf8)
#06 pc 0000000004a4690c /data/storage/el1/bundle/arkwebcore/libs/arm64/libarkweb_engine.so(base::sequence_manager::internal::PAC_ThreadControllerWithMessagePumpImpl::Run(bool, base::PAC_TimeDelta)+324)(2aa465c88fa6ff7f1a2d8c85b5e4e3cb679a0cf8)
#07 pc 0000000004a0596c /data/storage/el1/bundle/arkwebcore/libs/arm64/libarkweb_engine.so(base::PAC_RunLoop::Run(base::PAC_Location const&)+188)(2aa465c88fa6ff7f1a2d8c85b5e4e3cb679a0cf8)
#08 pc 0000000004a6913c /data/storage/el1/bundle/arkwebcore/libs/arm64/libarkweb_engine.so(base::PAC_Thread::Run(base::PAC_RunLoop*)+60)(2aa465c88fa6ff7f1a2d8c85b5e4e3cb679a0cf8)
#09 pc 0000000004a693d8 /data/storage/el1/bundle/arkwebcore/libs/arm64/libarkweb_engine.so(base::PAC_Thread::ThreadMain()+644)(2aa465c88fa6ff7f1a2d8c85b5e4e3cb679a0cf8)
#10 pc 0000000004a7c798 /data/storage/el1/bundle/arkwebcore/libs/arm64/libarkweb_engine.so(base::(anonymous namespace)::ThreadFunc(void*)+376)(2aa465c88fa6ff7f1a2d8c85b5e4e3cb679a0cf8)
#11 pc 00000000001de740 /system/lib/ld-musl-aarch64.so.1(start+240)(8c2ca4e308a1de9ed1e6b4ccc14c7443)
Tid:56128, Name:CookieMonsterBa
#00 pc 00000000001d9f3c /system/lib/ld-musl-aarch64.so.1(__timedwait_cp+156)(8c2ca4e308a1de9ed1e6b4ccc14c7443)
#01 pc 00000000001dc014 /system/lib/ld-musl-aarch64.so.1(pthread_cond_timedwait+172)(8c2ca4e308a1de9ed1e6b4ccc14c7443)
#02 pc 0000000004a7c03c /data/storage/el1/bundle/arkwebcore/libs/arm64/libarkweb_engine.so(base::PAC_ConditionVariable::Wait()+148)(2aa465c88fa6ff7f1a2d8c85b5e4e3cb679a0cf8)
#03 pc 0000000004abc5c4 /data/storage/el1/bundle/arkwebcore/libs/arm64/libarkweb_engine.so(base::PAC_WaitableEvent::TimedWaitImpl(base::PAC_TimeDelta)+544)(2aa465c88fa6ff7f1a2d8c85b5e4e3cb679a0cf8)
#04 pc 0000000004a20c34 /data/storage/el1/bundle/arkwebcore/libs/arm64/libarkweb_engine.so(base::PAC_WaitableEvent::TimedWait(base::PAC_TimeDelta)+160)(2aa465c88fa6ff7f1a2d8c85b5e4e3cb679a0cf8)
#05 pc 00000000049d581c /data/storage/el1/bundle/arkwebcore/libs/arm64/libarkweb_engine.so(base::PAC_MessagePumpDefault::Run(base::PAC_MessagePump::PAC_Delegate*)+76)(2aa465c88fa6ff7f1a2d8c85b5e4e3cb679a0cf8)
#06 pc 0000000004a4690c /data/storage/el1/bundle/arkwebcore/libs/arm64/libarkweb_engine.so(base::sequence_manager::internal::PAC_ThreadControllerWithMessagePumpImpl::Run(bool, base::PAC_TimeDelta)+324)(2aa465c88fa6ff7f1a2d8c85b5e4e3cb679a0cf8)
#07 pc 0000000004a0596c /data/storage/el1/bundle/arkwebcore/libs/arm64/libarkweb_engine.so(base::PAC_RunLoop::Run(base::PAC_Location const&)+188)(2aa465c88fa6ff7f1a2d8c85b5e4e3cb679a0cf8)
#08 pc 0000000004a6913c /data/storage/el1/bundle/arkwebcore/libs/arm64/libarkweb_engine.so(base::PAC_Thread::Run(base::PAC_RunLoop*)+60)(2aa465c88fa6ff7f1a2d8c85b5e4e3cb679a0cf8)
#09 pc 0000000004a693d8 /data/storage/el1/bundle/arkwebcore/libs/arm64/libarkweb_engine.so(base::PAC_Thread::ThreadMain()+644)(2aa465c88fa6ff7f1a2d8c85b5e4e3cb679a0cf8)
#10 pc 0000000004a7c798 /data/storage/el1/bundle/arkwebcore/libs/arm64/libarkweb_engine.so(base::(anonymous namespace)::ThreadFunc(void*)+376)(2aa465c88fa6ff7f1a2d8c85b5e4e3cb679a0cf8)
#11 pc 00000000001de740 /system/lib/ld-musl-aarch64.so.1(start+240)(8c2ca4e308a1de9ed1e6b4ccc14c7443)
Tid:56129, Name:ThreadPoolSingl
#00 pc 00000000001d9f3c /system/lib/ld-musl-aarch64.so.1(__timedwait_cp+156)(8c2ca4e308a1de9ed1e6b4ccc14c7443)
#01 pc 00000000001dc014 /system/lib/ld-musl-aarch64.so.1(pthread_cond_timedwait+172)(8c2ca4e308a1de9ed1e6b4ccc14c7443)
#02 pc 0000000004a7c188 /data/storage/el1/bundle/arkwebcore/libs/arm64/libarkweb_engine.so(base::PAC_ConditionVariable::TimedWait(base::PAC_TimeDelta const&)+288)(2aa465c88fa6ff7f1a2d8c85b5e4e3cb679a0cf8)
#03 pc 0000000004abc5f4 /data/storage/el1/bundle/arkwebcore/libs/arm64/libarkweb_engine.so(base::PAC_WaitableEvent::TimedWaitImpl(base::PAC_TimeDelta)+592)(2aa465c88fa6ff7f1a2d8c85b5e4e3cb679a0cf8)
#04 pc 0000000004a20c34 /data/storage/el1/bundle/arkwebcore/libs/arm64/libarkweb_engine.so(base::PAC_WaitableEvent::TimedWait(base::PAC_TimeDelta)+160)(2aa465c88fa6ff7f1a2d8c85b5e4e3cb679a0cf8)
#05 pc 0000000004a5e41c /data/storage/el1/bundle/arkwebcore/libs/arm64/libarkweb_engine.so(base::internal::PAC_WorkerThread::PAC_Delegate::TimedWait(base::PAC_TimeDelta)+16)(2aa465c88fa6ff7f1a2d8c85b5e4e3cb679a0cf8)
#06 pc 0000000004a5e4a8 /data/storage/el1/bundle/arkwebcore/libs/arm64/libarkweb_engine.so(base::internal::PAC_WorkerThread::PAC_Delegate::WaitForWork()+120)(2aa465c88fa6ff7f1a2d8c85b5e4e3cb679a0cf8)
#07 pc 0000000004a5f23c /data/storage/el1/bundle/arkwebcore/libs/arm64/libarkweb_engine.so(base::internal::PAC_WorkerThread::RunWorker()+564)(2aa465c88fa6ff7f1a2d8c85b5e4e3cb679a0cf8)
#08 pc 0000000004a5efe4 /data/storage/el1/bundle/arkwebcore/libs/arm64/libarkweb_engine.so(base::internal::PAC_WorkerThread::RunDedicatedWorker()+16)(2aa465c88fa6ff7f1a2d8c85b5e4e3cb679a0cf8)
#09 pc 0000000004a5ee38 /data/storage/el1/bundle/arkwebcore/libs/arm64/libarkweb_engine.so(base::internal::PAC_WorkerThread::ThreadMain()+304)(2aa465c88fa6ff7f1a2d8c85b5e4e3cb679a0cf8)
#10 pc 0000000004a7c798 /data/storage/el1/bundle/arkwebcore/libs/arm64/libarkweb_engine.so(base::(anonymous namespace)::ThreadFunc(void*)+376)(2aa465c88fa6ff7f1a2d8c85b5e4e3cb679a0cf8)
#11 pc 00000000001de740 /system/lib/ld-musl-aarch64.so.1(start+240)(8c2ca4e308a1de9ed1e6b4ccc14c7443)
Tid:56130, Name:ThreadPoolForeg
#00 pc 00000000001d9f3c /system/lib/ld-musl-aarch64.so.1(__timedwait_cp+156)(8c2ca4e308a1de9ed1e6b4ccc14c7443)
#01 pc 00000000001dc014 /system/lib/ld-musl-aarch64.so.1(pthread_cond_timedwait+172)(8c2ca4e308a1de9ed1e6b4ccc14c7443)
#02 pc 0000000004a7c188 /data/storage/el1/bundle/arkwebcore/libs/arm64/libarkweb_engine.so(base::PAC_ConditionVariable::TimedWait(base::PAC_TimeDelta const&)+288)(2aa465c88fa6ff7f1a2d8c85b5e4e3cb679a0cf8)
#03 pc 0000000004abc5f4 /data/storage/el1/bundle/arkwebcore/libs/arm64/libarkweb_engine.so(base::PAC_WaitableEvent::TimedWaitImpl(base::PAC_TimeDelta)+592)(2aa465c88fa6ff7f1a2d8c85b5e4e3cb679a0cf8)
#04 pc 0000000004a20c34 /data/storage/el1/bundle/arkwebcore/libs/arm64/libarkweb_engine.so(base::PAC_WaitableEvent::TimedWait(base::PAC_TimeDelta)+160)(2aa465c88fa6ff7f1a2d8c85b5e4e3cb679a0cf8)
#05 pc 0000000004a5e41c /data/storage/el1/bundle/arkwebcore/libs/arm64/libarkweb_engine.so(base::internal::PAC_WorkerThread::PAC_Delegate::TimedWait(base::PAC_TimeDelta)+16)(2aa465c88fa6ff7f1a2d8c85b5e4e3cb679a0cf8)
#06 pc 0000000004a5e4a8 /data/storage/el1/bundle/arkwebcore/libs/arm64/libarkweb_engine.so(base::internal::PAC_WorkerThread::PAC_Delegate::WaitForWork()+120)(2aa465c88fa6ff7f1a2d8c85b5e4e3cb679a0cf8)
#07 pc 0000000004a5f23c /data/storage/el1/bundle/arkwebcore/libs/arm64/libarkweb_engine.so(base::internal::PAC_WorkerThread::RunWorker()+564)(2aa465c88fa6ff7f1a2d8c85b5e4e3cb679a0cf8)
#08 pc 0000000004a5ef7c /data/storage/el1/bundle/arkwebcore/libs/arm64/libarkweb_engine.so(base::internal::PAC_WorkerThread::RunPooledWorker()+16)(2aa465c88fa6ff7f1a2d8c85b5e4e3cb679a0cf8)
#09 pc 0000000004a5edd0 /data/storage/el1/bundle/arkwebcore/libs/arm64/libarkweb_engine.so(base::internal::PAC_WorkerThread::ThreadMain()+200)(2aa465c88fa6ff7f1a2d8c85b5e4e3cb679a0cf8)
#10 pc 0000000004a7c798 /data/storage/el1/bundle/arkwebcore/libs/arm64/libarkweb_engine.so(base::(anonymous namespace)::ThreadFunc(void*)+376)(2aa465c88fa6ff7f1a2d8c85b5e4e3cb679a0cf8)
#11 pc 00000000001de740 /system/lib/ld-musl-aarch64.so.1(start+240)(8c2ca4e308a1de9ed1e6b4ccc14c7443)
Tid:56131, Name:ThreadPoolSingl
#00 pc 00000000001d9f3c /system/lib/ld-musl-aarch64.so.1(__timedwait_cp+156)(8c2ca4e308a1de9ed1e6b4ccc14c7443)
#01 pc 00000000001dc014 /system/lib/ld-musl-aarch64.so.1(pthread_cond_timedwait+172)(8c2ca4e308a1de9ed1e6b4ccc14c7443)
#02 pc 0000000004a7c188 /data/storage/el1/bundle/arkwebcore/libs/arm64/libarkweb_engine.so(base::PAC_ConditionVariable::TimedWait(base::PAC_TimeDelta const&)+288)(2aa465c88fa6ff7f1a2d8c85b5e4e3cb679a0cf8)
#03 pc 0000000004abc5f4 /data/storage/el1/bundle/arkwebcore/libs/arm64/libarkweb_engine.so(base::PAC_WaitableEvent::TimedWaitImpl(base::PAC_TimeDelta)+592)(2aa465c88fa6ff7f1a2d8c85b5e4e3cb679a0cf8)
#04 pc 0000000004a20c34 /data/storage/el1/bundle/arkwebcore/libs/arm64/libarkweb_engine.so(base::PAC_WaitableEvent::TimedWait(base::PAC_TimeDelta)+160)(2aa465c88fa6ff7f1a2d8c85b5e4e3cb679a0cf8)
#05 pc 0000000004a5e41c /data/storage/el1/bundle/arkwebcore/libs/arm64/libarkweb_engine.so(base::internal::PAC_WorkerThread::PAC_Delegate::TimedWait(base::PAC_TimeDelta)+16)(2aa465c88fa6ff7f1a2d8c85b5e4e3cb679a0cf8)
#06 pc 0000000004a5e4a8 /data/storage/el1/bundle/arkwebcore/libs/arm64/libarkweb_engine.so(base::internal::PAC_WorkerThread::PAC_Delegate::WaitForWork()+120)(2aa465c88fa6ff7f1a2d8c85b5e4e3cb679a0cf8)
#07 pc 0000000004a5f23c /data/storage/el1/bundle/arkwebcore/libs/arm64/libarkweb_engine.so(base::internal::PAC_WorkerThread::RunWorker()+564)(2aa465c88fa6ff7f1a2d8c85b5e4e3cb679a0cf8)
#08 pc 0000000004a5efb0 /data/storage/el1/bundle/arkwebcore/libs/arm64/libarkweb_engine.so(base::internal::PAC_WorkerThread::RunSharedWorker()+16)(2aa465c88fa6ff7f1a2d8c85b5e4e3cb679a0cf8)
#09 pc 0000000004a5ee4c /data/storage/el1/bundle/arkwebcore/libs/arm64/libarkweb_engine.so(base::internal::PAC_WorkerThread::ThreadMain()+324)(2aa465c88fa6ff7f1a2d8c85b5e4e3cb679a0cf8)
#10 pc 0000000004a7c798 /data/storage/el1/bundle/arkwebcore/libs/arm64/libarkweb_engine.so(base::(anonymous namespace)::ThreadFunc(void*)+376)(2aa465c88fa6ff7f1a2d8c85b5e4e3cb679a0cf8)
#11 pc 00000000001de740 /system/lib/ld-musl-aarch64.so.1(start+240)(8c2ca4e308a1de9ed1e6b4ccc14c7443)
Tid:56132, Name:ThreadPoolForeg
#00 pc 00000000001d9f3c /system/lib/ld-musl-aarch64.so.1(__timedwait_cp+156)(8c2ca4e308a1de9ed1e6b4ccc14c7443)
#01 pc 00000000001dc014 /system/lib/ld-musl-aarch64.so.1(pthread_cond_timedwait+172)(8c2ca4e308a1de9ed1e6b4ccc14c7443)
#02 pc 0000000004a7c188 /data/storage/el1/bundle/arkwebcore/libs/arm64/libarkweb_engine.so(base::PAC_ConditionVariable::TimedWait(base::PAC_TimeDelta const&)+288)(2aa465c88fa6ff7f1a2d8c85b5e4e3cb679a0cf8)
#03 pc 0000000004abc5f4 /data/storage/el1/bundle/arkwebcore/libs/arm64/libarkweb_engine.so(base::PAC_WaitableEvent::TimedWaitImpl(base::PAC_TimeDelta)+592)(2aa465c88fa6ff7f1a2d8c85b5e4e3cb679a0cf8)
#04 pc 0000000004a20c34 /data/storage/el1/bundle/arkwebcore/libs/arm64/libarkweb_engine.so(base::PAC_WaitableEvent::TimedWait(base::PAC_TimeDelta)+160)(2aa465c88fa6ff7f1a2d8c85b5e4e3cb679a0cf8)
#05 pc 0000000004a5e41c /data/storage/el1/bundle/arkwebcore/libs/arm64/libarkweb_engine.so(base::internal::PAC_WorkerThread::PAC_Delegate::TimedWait(base::PAC_TimeDelta)+16)(2aa465c88fa6ff7f1a2d8c85b5e4e3cb679a0cf8)
#06 pc 0000000004a5e4a8 /data/storage/el1/bundle/arkwebcore/libs/arm64/libarkweb_engine.so(base::internal::PAC_WorkerThread::PAC_Delegate::WaitForWork()+120)(2aa465c88fa6ff7f1a2d8c85b5e4e3cb679a0cf8)
#07 pc 0000000004a5f23c /data/storage/el1/bundle/arkwebcore/libs/arm64/libarkweb_engine.so(base::internal::PAC_WorkerThread::RunWorker()+564)(2aa465c88fa6ff7f1a2d8c85b5e4e3cb679a0cf8)
#08 pc 0000000004a5ef7c /data/storage/el1/bundle/arkwebcore/libs/arm64/libarkweb_engine.so(base::internal::PAC_WorkerThread::RunPooledWorker()+16)(2aa465c88fa6ff7f1a2d8c85b5e4e3cb679a0cf8)
#09 pc 0000000004a5edd0 /data/storage/el1/bundle/arkwebcore/libs/arm64/libarkweb_engine.so(base::internal::PAC_WorkerThread::ThreadMain()+200)(2aa465c88fa6ff7f1a2d8c85b5e4e3cb679a0cf8)
#10 pc 0000000004a7c798 /data/storage/el1/bundle/arkwebcore/libs/arm64/libarkweb_engine.so(base::(anonymous namespace)::ThreadFunc(void*)+376)(2aa465c88fa6ff7f1a2d8c85b5e4e3cb679a0cf8)
#11 pc 00000000001de740 /system/lib/ld-musl-aarch64.so.1(start+240)(8c2ca4e308a1de9ed1e6b4ccc14c7443)
Tid:56133, Name:ThreadPoolForeg
#00 pc 00000000001d9f3c /system/lib/ld-musl-aarch64.so.1(__timedwait_cp+156)(8c2ca4e308a1de9ed1e6b4ccc14c7443)
#01 pc 00000000001dc014 /system/lib/ld-musl-aarch64.so.1(pthread_cond_timedwait+172)(8c2ca4e308a1de9ed1e6b4ccc14c7443)
#02 pc 0000000004a7c188 /data/storage/el1/bundle/arkwebcore/libs/arm64/libarkweb_engine.so(base::PAC_ConditionVariable::TimedWait(base::PAC_TimeDelta const&)+288)(2aa465c88fa6ff7f1a2d8c85b5e4e3cb679a0cf8)
#03 pc 0000000004abc5f4 /data/storage/el1/bundle/arkwebcore/libs/arm64/libarkweb_engine.so(base::PAC_WaitableEvent::TimedWaitImpl(base::PAC_TimeDelta)+592)(2aa465c88fa6ff7f1a2d8c85b5e4e3cb679a0cf8)
#04 pc 0000000004a20c34 /data/storage/el1/bundle/arkwebcore/libs/arm64/libarkweb_engine.so(base::PAC_WaitableEvent::TimedWait(base::PAC_TimeDelta)+160)(2aa465c88fa6ff7f1a2d8c85b5e4e3cb679a0cf8)
#05 pc 0000000004a5e41c /data/storage/el1/bundle/arkwebcore/libs/arm64/libarkweb_engine.so(base::internal::PAC_WorkerThread::PAC_Delegate::TimedWait(base::PAC_TimeDelta)+16)(2aa465c88fa6ff7f1a2d8c85b5e4e3cb679a0cf8)
#06 pc 0000000004a5e4a8 /data/storage/el1/bundle/arkwebcore/libs/arm64/libarkweb_engine.so(base::internal::PAC_WorkerThread::PAC_Delegate::WaitForWork()+120)(2aa465c88fa6ff7f1a2d8c85b5e4e3cb679a0cf8)
#07 pc 0000000004a5f23c /data/storage/el1/bundle/arkwebcore/libs/arm64/libarkweb_engine.so(base::internal::PAC_WorkerThread::RunWorker()+564)(2aa465c88fa6ff7f1a2d8c85b5e4e3cb679a0cf8)
#08 pc 0000000004a5ef7c /data/storage/el1/bundle/arkwebcore/libs/arm64/libarkweb_engine.so(base::internal::PAC_WorkerThread::RunPooledWorker()+16)(2aa465c88fa6ff7f1a2d8c85b5e4e3cb679a0cf8)
#09 pc 0000000004a5edd0 /data/storage/el1/bundle/arkwebcore/libs/arm64/libarkweb_engine.so(base::internal::PAC_WorkerThread::ThreadMain()+200)(2aa465c88fa6ff7f1a2d8c85b5e4e3cb679a0cf8)
#10 pc 0000000004a7c798 /data/storage/el1/bundle/arkwebcore/libs/arm64/libarkweb_engine.so(base::(anonymous namespace)::ThreadFunc(void*)+376)(2aa465c88fa6ff7f1a2d8c85b5e4e3cb679a0cf8)
#11 pc 00000000001de740 /system/lib/ld-musl-aarch64.so.1(start+240)(8c2ca4e308a1de9ed1e6b4ccc14c7443)
Tid:56134, Name:ThreadPoolForeg
#00 pc 00000000001d9f3c /system/lib/ld-musl-aarch64.so.1(__timedwait_cp+156)(8c2ca4e308a1de9ed1e6b4ccc14c7443)
#01 pc 00000000001dc014 /system/lib/ld-musl-aarch64.so.1(pthread_cond_timedwait+172)(8c2ca4e308a1de9ed1e6b4ccc14c7443)
#02 pc 0000000004a7c188 /data/storage/el1/bundle/arkwebcore/libs/arm64/libarkweb_engine.so(base::PAC_ConditionVariable::TimedWait(base::PAC_TimeDelta const&)+288)(2aa465c88fa6ff7f1a2d8c85b5e4e3cb679a0cf8)
#03 pc 0000000004abc5f4 /data/storage/el1/bundle/arkwebcore/libs/arm64/libarkweb_engine.so(base::PAC_WaitableEvent::TimedWaitImpl(base::PAC_TimeDelta)+592)(2aa465c88fa6ff7f1a2d8c85b5e4e3cb679a0cf8)
#04 pc 0000000004a20c34 /data/storage/el1/bundle/arkwebcore/libs/arm64/libarkweb_engine.so(base::PAC_WaitableEvent::TimedWait(base::PAC_TimeDelta)+160)(2aa465c88fa6ff7f1a2d8c85b5e4e3cb679a0cf8)
#05 pc 0000000004a5e41c /data/storage/el1/bundle/arkwebcore/libs/arm64/libarkweb_engine.so(base::internal::PAC_WorkerThread::PAC_Delegate::TimedWait(base::PAC_TimeDelta)+16)(2aa465c88fa6ff7f1a2d8c85b5e4e3cb679a0cf8)
#06 pc 0000000004a5e4a8 /data/storage/el1/bundle/arkwebcore/libs/arm64/libarkweb_engine.so(base::internal::PAC_WorkerThread::PAC_Delegate::WaitForWork()+120)(2aa465c88fa6ff7f1a2d8c85b5e4e3cb679a0cf8)
#07 pc 0000000004a5f23c /data/storage/el1/bundle/arkwebcore/libs/arm64/libarkweb_engine.so(base::internal::PAC_WorkerThread::RunWorker()+564)(2aa465c88fa6ff7f1a2d8c85b5e4e3cb679a0cf8)
#08 pc 0000000004a5ef7c /data/storage/el1/bundle/arkwebcore/libs/arm64/libarkweb_engine.so(base::internal::PAC_WorkerThread::RunPooledWorker()+16)(2aa465c88fa6ff7f1a2d8c85b5e4e3cb679a0cf8)
#09 pc 0000000004a5edd0 /data/storage/el1/bundle/arkwebcore/libs/arm64/libarkweb_engine.so(base::internal::PAC_WorkerThread::ThreadMain()+200)(2aa465c88fa6ff7f1a2d8c85b5e4e3cb679a0cf8)
#10 pc 0000000004a7c798 /data/storage/el1/bundle/arkwebcore/libs/arm64/libarkweb_engine.so(base::(anonymous namespace)::ThreadFunc(void*)+376)(2aa465c88fa6ff7f1a2d8c85b5e4e3cb679a0cf8)
#11 pc 00000000001de740 /system/lib/ld-musl-aarch64.so.1(start+240)(8c2ca4e308a1de9ed1e6b4ccc14c7443)
Tid:56135, Name:ThreadPoolForeg
#00 pc 00000000001d9f3c /system/lib/ld-musl-aarch64.so.1(__timedwait_cp+156)(8c2ca4e308a1de9ed1e6b4ccc14c7443)
#01 pc 00000000001dc014 /system/lib/ld-musl-aarch64.so.1(pthread_cond_timedwait+172)(8c2ca4e308a1de9ed1e6b4ccc14c7443)
#02 pc 0000000004a7c188 /data/storage/el1/bundle/arkwebcore/libs/arm64/libarkweb_engine.so(base::PAC_ConditionVariable::TimedWait(base::PAC_TimeDelta const&)+288)(2aa465c88fa6ff7f1a2d8c85b5e4e3cb679a0cf8)
#03 pc 0000000004abc5f4 /data/storage/el1/bundle/arkwebcore/libs/arm64/libarkweb_engine.so(base::PAC_WaitableEvent::TimedWaitImpl(base::PAC_TimeDelta)+592)(2aa465c88fa6ff7f1a2d8c85b5e4e3cb679a0cf8)
#04 pc 0000000004a20c34 /data/storage/el1/bundle/arkwebcore/libs/arm64/libarkweb_engine.so(base::PAC_WaitableEvent::TimedWait(base::PAC_TimeDelta)+160)(2aa465c88fa6ff7f1a2d8c85b5e4e3cb679a0cf8)
#05 pc 0000000004a5e41c /data/storage/el1/bundle/arkwebcore/libs/arm64/libarkweb_engine.so(base::internal::PAC_WorkerThread::PAC_Delegate::TimedWait(base::PAC_TimeDelta)+16)(2aa465c88fa6ff7f1a2d8c85b5e4e3cb679a0cf8)
#06 pc 0000000004a5e4a8 /data/storage/el1/bundle/arkwebcore/libs/arm64/libarkweb_engine.so(base::internal::PAC_WorkerThread::PAC_Delegate::WaitForWork()+120)(2aa465c88fa6ff7f1a2d8c85b5e4e3cb679a0cf8)
#07 pc 0000000004a5f23c /data/storage/el1/bundle/arkwebcore/libs/arm64/libarkweb_engine.so(base::internal::PAC_WorkerThread::RunWorker()+564)(2aa465c88fa6ff7f1a2d8c85b5e4e3cb679a0cf8)
#08 pc 0000000004a5ef7c /data/storage/el1/bundle/arkwebcore/libs/arm64/libarkweb_engine.so(base::internal::PAC_WorkerThread::RunPooledWorker()+16)(2aa465c88fa6ff7f1a2d8c85b5e4e3cb679a0cf8)
#09 pc 0000000004a5edd0 /data/storage/el1/bundle/arkwebcore/libs/arm64/libarkweb_engine.so(base::internal::PAC_WorkerThread::ThreadMain()+200)(2aa465c88fa6ff7f1a2d8c85b5e4e3cb679a0cf8)
#10 pc 0000000004a7c798 /data/storage/el1/bundle/arkwebcore/libs/arm64/libarkweb_engine.so(base::(anonymous namespace)::ThreadFunc(void*)+376)(2aa465c88fa6ff7f1a2d8c85b5e4e3cb679a0cf8)
#11 pc 00000000001de740 /system/lib/ld-musl-aarch64.so.1(start+240)(8c2ca4e308a1de9ed1e6b4ccc14c7443)
Tid:56136, Name:ThreadPoolForeg
#00 pc 00000000001d9f3c /system/lib/ld-musl-aarch64.so.1(__timedwait_cp+156)(8c2ca4e308a1de9ed1e6b4ccc14c7443)
#01 pc 00000000001dc014 /system/lib/ld-musl-aarch64.so.1(pthread_cond_timedwait+172)(8c2ca4e308a1de9ed1e6b4ccc14c7443)
#02 pc 0000000004a7c188 /data/storage/el1/bundle/arkwebcore/libs/arm64/libarkweb_engine.so(base::PAC_ConditionVariable::TimedWait(base::PAC_TimeDelta const&)+288)(2aa465c88fa6ff7f1a2d8c85b5e4e3cb679a0cf8)
#03 pc 0000000004abc5f4 /data/storage/el1/bundle/arkwebcore/libs/arm64/libarkweb_engine.so(base::PAC_WaitableEvent::TimedWaitImpl(base::PAC_TimeDelta)+592)(2aa465c88fa6ff7f1a2d8c85b5e4e3cb679a0cf8)
#04 pc 0000000004a20c34 /data/storage/el1/bundle/arkwebcore/libs/arm64/libarkweb_engine.so(base::PAC_WaitableEvent::TimedWait(base::PAC_TimeDelta)+160)(2aa465c88fa6ff7f1a2d8c85b5e4e3cb679a0cf8)
#05 pc 0000000004a5e41c /data/storage/el1/bundle/arkwebcore/libs/arm64/libarkweb_engine.so(base::internal::PAC_WorkerThread::PAC_Delegate::TimedWait(base::PAC_TimeDelta)+16)(2aa465c88fa6ff7f1a2d8c85b5e4e3cb679a0cf8)
#06 pc 0000000004a5e4a8 /data/storage/el1/bundle/arkwebcore/libs/arm64/libarkweb_engine.so(base::internal::PAC_WorkerThread::PAC_Delegate::WaitForWork()+120)(2aa465c88fa6ff7f1a2d8c85b5e4e3cb679a0cf8)
#07 pc 0000000004a5f23c /data/storage/el1/bundle/arkwebcore/libs/arm64/libarkweb_engine.so(base::internal::PAC_WorkerThread::RunWorker()+564)(2aa465c88fa6ff7f1a2d8c85b5e4e3cb679a0cf8)
#08 pc 0000000004a5ef7c /data/storage/el1/bundle/arkwebcore/libs/arm64/libarkweb_engine.so(base::internal::PAC_WorkerThread::RunPooledWorker()+16)(2aa465c88fa6ff7f1a2d8c85b5e4e3cb679a0cf8)
#09 pc 0000000004a5edd0 /data/storage/el1/bundle/arkwebcore/libs/arm64/libarkweb_engine.so(base::internal::PAC_WorkerThread::ThreadMain()+200)(2aa465c88fa6ff7f1a2d8c85b5e4e3cb679a0cf8)
#10 pc 0000000004a7c798 /data/storage/el1/bundle/arkwebcore/libs/arm64/libarkweb_engine.so(base::(anonymous namespace)::ThreadFunc(void*)+376)(2aa465c88fa6ff7f1a2d8c85b5e4e3cb679a0cf8)
#11 pc 00000000001de740 /system/lib/ld-musl-aarch64.so.1(start+240)(8c2ca4e308a1de9ed1e6b4ccc14c7443)
Tid:56137, Name:CookieMonsterCl
#00 pc 00000000001d9f3c /system/lib/ld-musl-aarch64.so.1(__timedwait_cp+156)(8c2ca4e308a1de9ed1e6b4ccc14c7443)
#01 pc 00000000001dc014 /system/lib/ld-musl-aarch64.so.1(pthread_cond_timedwait+172)(8c2ca4e308a1de9ed1e6b4ccc14c7443)
#02 pc 0000000004a7c03c /data/storage/el1/bundle/arkwebcore/libs/arm64/libarkweb_engine.so(base::PAC_ConditionVariable::Wait()+148)(2aa465c88fa6ff7f1a2d8c85b5e4e3cb679a0cf8)
#03 pc 0000000004abc5c4 /data/storage/el1/bundle/arkwebcore/libs/arm64/libarkweb_engine.so(base::PAC_WaitableEvent::TimedWaitImpl(base::PAC_TimeDelta)+544)(2aa465c88fa6ff7f1a2d8c85b5e4e3cb679a0cf8)
#04 pc 0000000004a20c34 /data/storage/el1/bundle/arkwebcore/libs/arm64/libarkweb_engine.so(base::PAC_WaitableEvent::TimedWait(base::PAC_TimeDelta)+160)(2aa465c88fa6ff7f1a2d8c85b5e4e3cb679a0cf8)
#05 pc 00000000049d581c /data/storage/el1/bundle/arkwebcore/libs/arm64/libarkweb_engine.so(base::PAC_MessagePumpDefault::Run(base::PAC_MessagePump::PAC_Delegate*)+76)(2aa465c88fa6ff7f1a2d8c85b5e4e3cb679a0cf8)
#06 pc 0000000004a4690c /data/storage/el1/bundle/arkwebcore/libs/arm64/libarkweb_engine.so(base::sequence_manager::internal::PAC_ThreadControllerWithMessagePumpImpl::Run(bool, base::PAC_TimeDelta)+324)(2aa465c88fa6ff7f1a2d8c85b5e4e3cb679a0cf8)
#07 pc 0000000004a0596c /data/storage/el1/bundle/arkwebcore/libs/arm64/libarkweb_engine.so(base::PAC_RunLoop::Run(base::PAC_Location const&)+188)(2aa465c88fa6ff7f1a2d8c85b5e4e3cb679a0cf8)
#08 pc 0000000004a6913c /data/storage/el1/bundle/arkwebcore/libs/arm64/libarkweb_engine.so(base::PAC_Thread::Run(base::PAC_RunLoop*)+60)(2aa465c88fa6ff7f1a2d8c85b5e4e3cb679a0cf8)
#09 pc 0000000004a693d8 /data/storage/el1/bundle/arkwebcore/libs/arm64/libarkweb_engine.so(base::PAC_Thread::ThreadMain()+644)(2aa465c88fa6ff7f1a2d8c85b5e4e3cb679a0cf8)
#10 pc 0000000004a7c798 /data/storage/el1/bundle/arkwebcore/libs/arm64/libarkweb_engine.so(base::(anonymous namespace)::ThreadFunc(void*)+376)(2aa465c88fa6ff7f1a2d8c85b5e4e3cb679a0cf8)
#11 pc 00000000001de740 /system/lib/ld-musl-aarch64.so.1(start+240)(8c2ca4e308a1de9ed1e6b4ccc14c7443)
Tid:56138, Name:CookieMonsterBa
#00 pc 00000000001d9f3c /system/lib/ld-musl-aarch64.so.1(__timedwait_cp+156)(8c2ca4e308a1de9ed1e6b4ccc14c7443)
#01 pc 00000000001dc014 /system/lib/ld-musl-aarch64.so.1(pthread_cond_timedwait+172)(8c2ca4e308a1de9ed1e6b4ccc14c7443)
#02 pc 0000000004a7c03c /data/storage/el1/bundle/arkwebcore/libs/arm64/libarkweb_engine.so(base::PAC_ConditionVariable::Wait()+148)(2aa465c88fa6ff7f1a2d8c85b5e4e3cb679a0cf8)
#03 pc 0000000004abc5c4 /data/storage/el1/bundle/arkwebcore/libs/arm64/libarkweb_engine.so(base::PAC_WaitableEvent::TimedWaitImpl(base::PAC_TimeDelta)+544)(2aa465c88fa6ff7f1a2d8c85b5e4e3cb679a0cf8)
#04 pc 0000000004a20c34 /data/storage/el1/bundle/arkwebcore/libs/arm64/libarkweb_engine.so(base::PAC_WaitableEvent::TimedWait(base::PAC_TimeDelta)+160)(2aa465c88fa6ff7f1a2d8c85b5e4e3cb679a0cf8)
#05 pc 00000000049d581c /data/storage/el1/bundle/arkwebcore/libs/arm64/libarkweb_engine.so(base::PAC_MessagePumpDefault::Run(base::PAC_MessagePump::PAC_Delegate*)+76)(2aa465c88fa6ff7f1a2d8c85b5e4e3cb679a0cf8)
#06 pc 0000000004a4690c /data/storage/el1/bundle/arkwebcore/libs/arm64/libarkweb_engine.so(base::sequence_manager::internal::PAC_ThreadControllerWithMessagePumpImpl::Run(bool, base::PAC_TimeDelta)+324)(2aa465c88fa6ff7f1a2d8c85b5e4e3cb679a0cf8)
#07 pc 0000000004a0596c /data/storage/el1/bundle/arkwebcore/libs/arm64/libarkweb_engine.so(base::PAC_RunLoop::Run(base::PAC_Location const&)+188)(2aa465c88fa6ff7f1a2d8c85b5e4e3cb679a0cf8)
#08 pc 0000000004a6913c /data/storage/el1/bundle/arkwebcore/libs/arm64/libarkweb_engine.so(base::PAC_Thread::Run(base::PAC_RunLoop*)+60)(2aa465c88fa6ff7f1a2d8c85b5e4e3cb679a0cf8)
#09 pc 0000000004a693d8 /data/storage/el1/bundle/arkwebcore/libs/arm64/libarkweb_engine.so(base::PAC_Thread::ThreadMain()+644)(2aa465c88fa6ff7f1a2d8c85b5e4e3cb679a0cf8)
#10 pc 0000000004a7c798 /data/storage/el1/bundle/arkwebcore/libs/arm64/libarkweb_engine.so(base::(anonymous namespace)::ThreadFunc(void*)+376)(2aa465c88fa6ff7f1a2d8c85b5e4e3cb679a0cf8)
#11 pc 00000000001de740 /system/lib/ld-musl-aarch64.so.1(start+240)(8c2ca4e308a1de9ed1e6b4ccc14c7443)
Tid:56139, Name:ThreadPoolSingl
#00 pc 00000000001d9f3c /system/lib/ld-musl-aarch64.so.1(__timedwait_cp+156)(8c2ca4e308a1de9ed1e6b4ccc14c7443)
#01 pc 00000000001dc014 /system/lib/ld-musl-aarch64.so.1(pthread_cond_timedwait+172)(8c2ca4e308a1de9ed1e6b4ccc14c7443)
#02 pc 0000000004a7c188 /data/storage/el1/bundle/arkwebcore/libs/arm64/libarkweb_engine.so(base::PAC_ConditionVariable::TimedWait(base::PAC_TimeDelta const&)+288)(2aa465c88fa6ff7f1a2d8c85b5e4e3cb679a0cf8)
#03 pc 0000000004abc5f4 /data/storage/el1/bundle/arkwebcore/libs/arm64/libarkweb_engine.so(base::PAC_WaitableEvent::TimedWaitImpl(base::PAC_TimeDelta)+592)(2aa465c88fa6ff7f1a2d8c85b5e4e3cb679a0cf8)
#04 pc 0000000004a20c34 /data/storage/el1/bundle/arkwebcore/libs/arm64/libarkweb_engine.so(base::PAC_WaitableEvent::TimedWait(base::PAC_TimeDelta)+160)(2aa465c88fa6ff7f1a2d8c85b5e4e3cb679a0cf8)
#05 pc 0000000004a5e41c /data/storage/el1/bundle/arkwebcore/libs/arm64/libarkweb_engine.so(base::internal::PAC_WorkerThread::PAC_Delegate::TimedWait(base::PAC_TimeDelta)+16)(2aa465c88fa6ff7f1a2d8c85b5e4e3cb679a0cf8)
#06 pc 0000000004a5e4a8 /data/storage/el1/bundle/arkwebcore/libs/arm64/libarkweb_engine.so(base::internal::PAC_WorkerThread::PAC_Delegate::WaitForWork()+120)(2aa465c88fa6ff7f1a2d8c85b5e4e3cb679a0cf8)
#07 pc 0000000004a5f23c /data/storage/el1/bundle/arkwebcore/libs/arm64/libarkweb_engine.so(base::internal::PAC_WorkerThread::RunWorker()+564)(2aa465c88fa6ff7f1a2d8c85b5e4e3cb679a0cf8)
#08 pc 0000000004a5efe4 /data/storage/el1/bundle/arkwebcore/libs/arm64/libarkweb_engine.so(base::internal::PAC_WorkerThread::RunDedicatedWorker()+16)(2aa465c88fa6ff7f1a2d8c85b5e4e3cb679a0cf8)
#09 pc 0000000004a5ee38 /data/storage/el1/bundle/arkwebcore/libs/arm64/libarkweb_engine.so(base::internal::PAC_WorkerThread::ThreadMain()+304)(2aa465c88fa6ff7f1a2d8c85b5e4e3cb679a0cf8)
#10 pc 0000000004a7c798 /data/storage/el1/bundle/arkwebcore/libs/arm64/libarkweb_engine.so(base::(anonymous namespace)::ThreadFunc(void*)+376)(2aa465c88fa6ff7f1a2d8c85b5e4e3cb679a0cf8)
#11 pc 00000000001de740 /system/lib/ld-musl-aarch64.so.1(start+240)(8c2ca4e308a1de9ed1e6b4ccc14c7443)
Tid:56140, Name:CompositorGpuTh
#00 pc 00000000001d9f3c /system/lib/ld-musl-aarch64.so.1(__timedwait_cp+156)(8c2ca4e308a1de9ed1e6b4ccc14c7443)
#01 pc 00000000001dc014 /system/lib/ld-musl-aarch64.so.1(pthread_cond_timedwait+172)(8c2ca4e308a1de9ed1e6b4ccc14c7443)
#02 pc 0000000004a7c03c /data/storage/el1/bundle/arkwebcore/libs/arm64/libarkweb_engine.so(base::PAC_ConditionVariable::Wait()+148)(2aa465c88fa6ff7f1a2d8c85b5e4e3cb679a0cf8)
#03 pc 0000000004abc5c4 /data/storage/el1/bundle/arkwebcore/libs/arm64/libarkweb_engine.so(base::PAC_WaitableEvent::TimedWaitImpl(base::PAC_TimeDelta)+544)(2aa465c88fa6ff7f1a2d8c85b5e4e3cb679a0cf8)
#04 pc 0000000004a20c34 /data/storage/el1/bundle/arkwebcore/libs/arm64/libarkweb_engine.so(base::PAC_WaitableEvent::TimedWait(base::PAC_TimeDelta)+160)(2aa465c88fa6ff7f1a2d8c85b5e4e3cb679a0cf8)
#05 pc 00000000049d581c /data/storage/el1/bundle/arkwebcore/libs/arm64/libarkweb_engine.so(base::PAC_MessagePumpDefault::Run(base::PAC_MessagePump::PAC_Delegate*)+76)(2aa465c88fa6ff7f1a2d8c85b5e4e3cb679a0cf8)
#06 pc 0000000004a4690c /data/storage/el1/bundle/arkwebcore/libs/arm64/libarkweb_engine.so(base::sequence_manager::internal::PAC_ThreadControllerWithMessagePumpImpl::Run(bool, base::PAC_TimeDelta)+324)(2aa465c88fa6ff7f1a2d8c85b5e4e3cb679a0cf8)
#07 pc 0000000004a0596c /data/storage/el1/bundle/arkwebcore/libs/arm64/libarkweb_engine.so(base::PAC_RunLoop::Run(base::PAC_Location const&)+188)(2aa465c88fa6ff7f1a2d8c85b5e4e3cb679a0cf8)
#08 pc 0000000004a6913c /data/storage/el1/bundle/arkwebcore/libs/arm64/libarkweb_engine.so(base::PAC_Thread::Run(base::PAC_RunLoop*)+60)(2aa465c88fa6ff7f1a2d8c85b5e4e3cb679a0cf8)
#09 pc 0000000004a693d8 /data/storage/el1/bundle/arkwebcore/libs/arm64/libarkweb_engine.so(base::PAC_Thread::ThreadMain()+644)(2aa465c88fa6ff7f1a2d8c85b5e4e3cb679a0cf8)
#10 pc 0000000004a7c798 /data/storage/el1/bundle/arkwebcore/libs/arm64/libarkweb_engine.so(base::(anonymous namespace)::ThreadFunc(void*)+376)(2aa465c88fa6ff7f1a2d8c85b5e4e3cb679a0cf8)
#11 pc 00000000001de740 /system/lib/ld-musl-aarch64.so.1(start+240)(8c2ca4e308a1de9ed1e6b4ccc14c7443)
Memory near registers:
x2([stack]):
    0000007fc70b6a68 0000005cde1965a0
    0000007fc70b6a70 0000000000000000
    0000007fc70b6a78 0000000000000000
    0000007fc70b6a80 0000000000000000
    0000007fc70b6a88 0000000000000000
    0000007fc70b6a90 0000000000000000
    0000007fc70b6a98 0000000000000000
    0000007fc70b6aa0 0000000000000000
    0000007fc70b6aa8 0000000000000000
    0000007fc70b6ab0 0000000000000000
    0000007fc70b6ab8 0000000000000000
    0000007fc70b6ac0 0000000000000000
    0000007fc70b6ac8 0000000000000000
    0000007fc70b6ad0 0000000000000000
    0000007fc70b6ad8 0000000000000000
    0000007fc70b6ae0 0000000000000000
    0000007fc70b6ae8 0000000000000000
    0000007fc70b6af0 0000000000000000
    0000007fc70b6af8 0000000000000000
    0000007fc70b6b00 0000000000000000
    0000007fc70b6b08 0000000000000000
    0000007fc70b6b10 0000000000000000
    0000007fc70b6b18 0000000000000000
    0000007fc70b6b20 0000000000000000
    0000007fc70b6b28 0000000000000000
    0000007fc70b6b30 0000000000000000
    0000007fc70b6b38 0000000000000000
    0000007fc70b6b40 0000000000000000
    0000007fc70b6b48 0000000000000000
    0000007fc70b6b50 0000000000000000
    0000007fc70b6b58 0000000000000000
    0000007fc70b6b60 0000000000000000
x3([stack]):
    0000007fc70b6990 0000007fc70b6970
    0000007fc70b6998 69746e7552734a12
    0000007fc70b69a0 0000005a00000021
    0000007fc70b69a8 0000007fc70b6890
    0000007fc70b69b0 0000005b4990eab0
    0000007fc70b69b8 0000005b4988d9d4
    0000007fc70b69c0 0000005a96284000
    0000007fc70b69c8 0000005a95e02100
    0000007fc70b69d0 0000007fc70b69b0
    0000007fc70b69d8 0000005b2d086b08
    0000007fc70b69e0 0000005b18b0f468
    0000007fc70b69e8 0000005b1afe1c0f
    0000007fc70b69f0 0000007fc70b6c60
    0000007fc70b69f8 0000005b2efb7044
    0000007fc70b6a00 0000000000000001
    0000007fc70b6a08 0000007fc70b69a0
    0000007fc70b6a10 0000005a972c4784
    0000007fc70b6a18 0000005b18b0f468
    0000007fc70b6a20 0000005b18b0f390
    0000007fc70b6a28 0000005b18b0f488
    0000007fc70b6a30 0000000000000000
    0000007fc70b6a38 0000005cb5310e40
    0000007fc70b6a40 0000005b18b0f000
    0000007fc70b6a48 0000005cd1928478
    0000007fc70b6a50 0000005cd1928470
    0000007fc70b6a58 2b21cd15ac206532
    0000007fc70b6a60 00000bd000000004
    0000007fc70b6a68 0000005cde1965a0
    0000007fc70b6a70 0000000000000000
    0000007fc70b6a78 0000000000000000
    0000007fc70b6a80 0000000000000000
    0000007fc70b6a88 0000000000000000
x4([stack]):
    0000007fc70b6c50 0000000000000000
    0000007fc70b6c58 0000000000000000
    0000007fc70b6c60 0000007fc70b6cc0
    0000007fc70b6c68 0000005b2d3671c4
    0000007fc70b6c70 0000000000000001
    0000007fc70b6c78 0000007fc70b6f30
    0000007fc70b6c80 0000005cdf106d80
    0000007fc70b6c88 b6cfac1571e78e68
    0000007fc70b6c90 0000000000000000
    0000007fc70b6c98 0000000000000000
    0000007fc70b6ca0 0000000000000000
    0000007fc70b6ca8 0000000000000000
    0000007fc70b6cb0 0000005cd1928470
    0000007fc70b6cb8 0000000000000000
    0000007fc70b6cc0 0000007fc70b6ea0
    0000007fc70b6cc8 0000005b18ae61d0
    0000007fc70b6cd0 0000005b18b0f1f0
    0000007fc70b6cd8 b6cfac15447f9c1c
    0000007fc70b6ce0 0000000000000000
    0000007fc70b6ce8 0000000000000000
    0000007fc70b6cf0 0000000000000061
    0000007fc70b6cf8 0000000000000054
    0000007fc70b6d00 2e2e2f2e2e2f2e2e
    0000007fc70b6d08 6f6e2f657361622f
    0000007fc70b6d10 0000007fc70b6dd1
    0000007fc70b6d18 0000007fc70b6e10
    0000007fc70b6d20 0000007fc70b6e08
    0000007fc70b6d28 0000007fc70b6e10
    0000007fc70b6d30 0000007f00000000
    0000007fc70b6d38 0000005b35644f90
    0000007fc70b6d40 0000005b35419d98
    0000007fc70b6d48 0000005b35644e58
x8([anon:native_heap:jemalloc]):
    0000005cdebecac0 0000000000000000
    0000005cdebecac8 0000005b4a576f40
    0000005cdebecad0 0000005b4a576980
    0000005cdebecad8 0000005cdebec888
    0000005cdebecae0 0000005cde1965a0
    0000005cdebecae8 0000005cdea3b238
    0000005cdebecaf0 0000005cdea3b220
    0000005cdebecaf8 0000000000000000
    0000005cdebecb00 0000005b4a576b50
    0000005cdebecb08 0000005cdea1ead0
    0000005cdebecb10 0000005b4a540f78
    0000005cdebecb18 0000000000000000
    0000005cdebecb20 0000000000000000
    0000005cdebecb28 0000000000000000
    0000005cdebecb30 0000000000000000
    0000005cdebecb38 0000000000000000
    0000005cdebecb40 0000000000000000
    0000005cdebecb48 0000000000000000
    0000005cdebecb50 0000000000000000
    0000005cdebecb58 0000000000000000
    0000005cdebecb60 3ff0000000000000
    0000005cdebecb68 0000000000000000
    0000005cdebecb70 0000000000000000
    0000005cdebecb78 0000000000000000
    0000005cdebecb80 0000000000000000
    0000005cdebecb88 0000000000000000
    0000005cdebecb90 0000000000000000
    0000005cdebecb98 0000000000000000
    0000005cdebecba0 0000000000000000
    0000005cdebecba8 0000000000000000
    0000005cdebecbb0 0000000000000000
    0000005cdebecbb8 0000000000000000
x11([anon:native_heap:jemalloc]):
    0000005cbd8eb578 00025c6202760032
    0000005cbd8eb580 0000000000000000
    0000005cbd8eb588 0000005ca01c43d0
    0000005cbd8eb590 0000006000000000
    0000005cbd8eb598 0000005cd80ced40
    0000005cbd8eb5a0 0000000000000000
    0000005cbd8eb5a8 0000000000000d16
    0000005cbd8eb5b0 0000000000000000
    0000005cbd8eb5b8 0000000000000b74
    0000005cbd8eb5c0 00000000000009d0
    0000005cbd8eb5c8 1fffffff0000000e
    0000005cbd8eb5d0 0000006000000000
    0000005cbd8eb5d8 00000000c765d706
    0000005cbd8eb5e0 0000000000000cdd
    0000005cbd8eb5e8 0000006000000000
    0000005cbd8eb5f0 00006c61626f6c67
    0000005cbd8eb5f8 0000006000000000
    0000005cbd8eb600 0000005cd789e000
    0000005cbd8eb608 8000000400000005
    0000005cbd8eb610 0000005cd7897c00
    0000005cbd8eb618 0000005cd76fb400
    0000005cbd8eb620 0000006000000000
    0000005cbd8eb628 0000005cd776c400
    0000005cbd8eb630 0000000000000042
    0000005cbd8eb638 0000005cd7712800
    0000005cbd8eb640 8000000200000004
    0000005cbd8eb648 000000000001cf53
    0000005cbd8eb650 000000000001be8f
    0000005cbd8eb658 0000000000000cf6
    0000005cbd8eb660 00646c61626f6c67
    0000005cbd8eb668 0000000000003d26
    0000005cbd8eb670 8000000200000003
x13([stack]):
    0000007fc70b67d0 0000007fc70b67b0
    0000007fc70b67d8 0000000000000000
    0000007fc70b67e0 0000000000000017
    0000007fc70b67e8 0000000000000000
    0000007fc70b67f0 0000005b4990eab0
    0000007fc70b67f8 0000005b4988d968
    0000007fc70b6800 0000000000000000
    0000007fc70b6808 0000000000000000
    0000007fc70b6810 0000007fc70b67f0
    0000007fc70b6818 0000000000000000
    0000007fc70b6820 0000000000000018
    0000007fc70b6828 0000000000000000
    0000007fc70b6830 0000005b4990eab0
    0000007fc70b6838 0000005b4988d950
    0000007fc70b6840 0000007fc70b6a20
    0000007fc70b6848 5255005a958bc2d8
    0000007fc70b6850 0000007fc70b6830
    0000007fc70b6858 0000005cdde80e10
    0000007fc70b6860 0000000000000019
    0000007fc70b6868 0000000000000000
    0000007fc70b6870 0000005b4990eab0
    0000007fc70b6878 0000005b4988d980
    0000007fc70b6880 0000000000000000
    0000007fc70b6888 0000000000000009
    0000007fc70b6890 0000007fc70b6870
    0000007fc70b6898 0827005a958bc150
    0000007fc70b68a0 000000000000001a
    0000007fc70b68a8 0000005a95a17000
    0000007fc70b68b0 0000005b4990eab0
    0000007fc70b68b8 0000005b4988d9ac
    0000007fc70b68c0 0000005a96003b78
    0000007fc70b68c8 000000000000000a
x16(/data/storage/el1/bundle/libs/arm64/librnoh_core.so):
    0000005ca0259da0 0000005b4a3ebb6c
    0000005ca0259da8 0000005b49879120
    0000005ca0259db0 0000005b49879148
    0000005ca0259db8 0000005b498790f8
    0000005ca0259dc0 0000005b4a3eb840
    0000005ca0259dc8 0000005b4a3eead0
    0000005ca0259dd0 0000005b4a3b1aa4
    0000005ca0259dd8 0000005b4a3b1c80
    0000005ca0259de0 0000005b4a3b1be0
    0000005ca0259de8 0000005b447842d4
    0000005ca0259df0 0000005b498849c4
    0000005ca0259df8 0000005ca36d3bd4
    0000005ca0259e00 0000005ca36bcd3c
    0000005ca0259e08 0000005ca36bced0
    0000005ca0259e10 0000005ca38f853c
    0000005ca0259e18 0000005ca36d84b8
    0000005ca0259e20 0000005ca38f8b9c
    0000005ca0259e28 0000005ca36d861c
    0000005ca0259e30 0000005ca3c9a530
    0000005ca0259e38 0000005b4a3e9924
    0000005ca0259e40 0000005ca36d852c
    0000005ca0259e48 0000005ca38f6e78
    0000005ca0259e50 0000005ca36d39cc
    0000005ca0259e58 0000005ca387920c
    0000005ca0259e60 0000005b49861fa0
    0000005ca0259e68 0000005b49862680
    0000005ca0259e70 0000005b498676b4
    0000005ca0259e78 0000005b4a3e95cc
    0000005ca0259e80 0000005b3db82a98
    0000005ca0259e88 0000005ca3691c84
    0000005ca0259e90 0000005ca3691e08
    0000005ca0259e98 0000005ca36920b8
x17(/system/lib64/libace_ndk.z.so):
    0000005b49879138 d65f03c0f9401000
    0000005b49879140 d65f03c0aa1f03e0
    0000005b49879148 b9400008b4000100
    0000005b49879150 540000c17100051f
    0000005b49879158 91006109f9401008
    0000005b49879160 9a8903e0f100011f
    0000005b49879168 aa1f03e0d65f03c0
    0000005b49879170 b4000100d65f03c0
    0000005b49879178 7100091fb9400008
    0000005b49879180 f9401008540000c1
    0000005b49879188 f100011f91006109
    0000005b49879190 d65f03c09a8903e0
    0000005b49879198 d65f03c0aa1f03e0
    0000005b498791a0 f9400c00b4000040
    0000005b498791a8 a9bf7bfdd65f03c0
    0000005b498791b0 aa0003e8910003fd
    0000005b498791b8 72a000205293cf80
    0000005b498791c0 b9400109b4000388
    0000005b498791c8 5400032171000d3f
    0000005b498791d0 b40002e8f9401108
    0000005b498791d8 37f802a151000400
    0000005b498791e0 6b01013fb9404909
    0000005b498791e8 910061085400024b
    0000005b498791f0 540001437100083f
    0000005b498791f8 540001e27100303f
    0000005b49879200 2a1f03e02a0103e9
    0000005b49879208 b8696908d37ef529
    0000005b49879210 a8c17bfdb8296848
    0000005b49879218 2a0103e9d65f03c0
    0000005b49879220 d37ef5292a1f03e0
    0000005b49879228 bc296840bc696900
    0000005b49879230 d65f03c0a8c17bfd
x18([anon:ArkTS Heapsemi space]):
    000000226ac98418 0000000000000002
    000000226ac98420 0000000000000002
    000000226ac98428 0000001effa07178
    000000226ac98430 ffff000000000000
    000000226ac98438 0000001efff83610
    000000226ac98440 0000001efff83610
    000000226ac98448 000000226f76a3f0
    000000226ac98450 000000226ac98300
    000000226ac98458 000000226cba7ea8
    000000226ac98460 000000226e2b1ff8
    000000226ac98468 000000226857c740
    000000226ac98470 000000226ac98478
    000000226ac98478 0000001effa07120
    000000226ac98480 ffff000000000000
    000000226ac98488 0000001efff83610
    000000226ac98490 0000001efff83610
    000000226ac98498 ffff000000000000
    000000226ac984a0 ffff000000000001
    000000226ac984a8 ffff000000000002
    000000226ac984b0 ffff000000000003
    000000226ac984b8 ffff000000000004
    000000226ac984c0 0000000000000002
    000000226ac984c8 0000000000000002
    000000226ac984d0 0000001efffc17e0
    000000226ac984d8 ffff000000000000
    000000226ac984e0 0000001efff83610
    000000226ac984e8 0000001efff83610
    000000226ac984f0 000000226ac981f8
    000000226ac984f8 0000000100000002
    000000226ac98500 0000001efffd5280
    000000226ac98508 ffff000000000000
    000000226ac98510 0000001efff83610
x19([stack]):
    0000007fc70b6a50 0000005cd1928470
    0000007fc70b6a58 2b21cd15ac206532
    0000007fc70b6a60 00000bd000000004
    0000007fc70b6a68 0000005cde1965a0
    0000007fc70b6a70 0000000000000000
    0000007fc70b6a78 0000000000000000
    0000007fc70b6a80 0000000000000000
    0000007fc70b6a88 0000000000000000
    0000007fc70b6a90 0000000000000000
    0000007fc70b6a98 0000000000000000
    0000007fc70b6aa0 0000000000000000
    0000007fc70b6aa8 0000000000000000
    0000007fc70b6ab0 0000000000000000
    0000007fc70b6ab8 0000000000000000
    0000007fc70b6ac0 0000000000000000
    0000007fc70b6ac8 0000000000000000
    0000007fc70b6ad0 0000000000000000
    0000007fc70b6ad8 0000000000000000
    0000007fc70b6ae0 0000000000000000
    0000007fc70b6ae8 0000000000000000
    0000007fc70b6af0 0000000000000000
    0000007fc70b6af8 0000000000000000
    0000007fc70b6b00 0000000000000000
    0000007fc70b6b08 0000000000000000
    0000007fc70b6b10 0000000000000000
    0000007fc70b6b18 0000000000000000
    0000007fc70b6b20 0000000000000000
    0000007fc70b6b28 0000000000000000
    0000007fc70b6b30 0000000000000000
    0000007fc70b6b38 0000000000000000
    0000007fc70b6b40 0000000000000000
    0000007fc70b6b48 0000000000000000
x20([anon:native_heap:jemalloc]):
    0000005cbd8eb578 00025c6202760032
    0000005cbd8eb580 0000000000000000
    0000005cbd8eb588 0000005ca01c43d0
    0000005cbd8eb590 0000006000000000
    0000005cbd8eb598 0000005cd80ced40
    0000005cbd8eb5a0 0000000000000000
    0000005cbd8eb5a8 0000000000000d16
    0000005cbd8eb5b0 0000000000000000
    0000005cbd8eb5b8 0000000000000b74
    0000005cbd8eb5c0 00000000000009d0
    0000005cbd8eb5c8 1fffffff0000000e
    0000005cbd8eb5d0 0000006000000000
    0000005cbd8eb5d8 00000000c765d706
    0000005cbd8eb5e0 0000000000000cdd
    0000005cbd8eb5e8 0000006000000000
    0000005cbd8eb5f0 00006c61626f6c67
    0000005cbd8eb5f8 0000006000000000
    0000005cbd8eb600 0000005cd789e000
    0000005cbd8eb608 8000000400000005
    0000005cbd8eb610 0000005cd7897c00
    0000005cbd8eb618 0000005cd76fb400
    0000005cbd8eb620 0000006000000000
    0000005cbd8eb628 0000005cd776c400
    0000005cbd8eb630 0000000000000042
    0000005cbd8eb638 0000005cd7712800
    0000005cbd8eb640 8000000200000004
    0000005cbd8eb648 000000000001cf53
    0000005cbd8eb650 000000000001be8f
    0000005cbd8eb658 0000000000000cf6
    0000005cbd8eb660 00646c61626f6c67
    0000005cbd8eb668 0000000000003d26
    0000005cbd8eb670 8000000200000003
x22([anon:native_heap:jemalloc]):
    0000005cbd8eb580 0000000000000000
    0000005cbd8eb588 0000005ca01c43d0
    0000005cbd8eb590 0000006000000000
    0000005cbd8eb598 0000005cd80ced40
    0000005cbd8eb5a0 0000000000000000
    0000005cbd8eb5a8 0000000000000d16
    0000005cbd8eb5b0 0000000000000000
    0000005cbd8eb5b8 0000000000000b74
    0000005cbd8eb5c0 00000000000009d0
    0000005cbd8eb5c8 1fffffff0000000e
    0000005cbd8eb5d0 0000006000000000
    0000005cbd8eb5d8 00000000c765d706
    0000005cbd8eb5e0 0000000000000cdd
    0000005cbd8eb5e8 0000006000000000
    0000005cbd8eb5f0 00006c61626f6c67
    0000005cbd8eb5f8 0000006000000000
    0000005cbd8eb600 0000005cd789e000
    0000005cbd8eb608 8000000400000005
    0000005cbd8eb610 0000005cd7897c00
    0000005cbd8eb618 0000005cd76fb400
    0000005cbd8eb620 0000006000000000
    0000005cbd8eb628 0000005cd776c400
    0000005cbd8eb630 0000000000000042
    0000005cbd8eb638 0000005cd7712800
    0000005cbd8eb640 8000000200000004
    0000005cbd8eb648 000000000001cf53
    0000005cbd8eb650 000000000001be8f
    0000005cbd8eb658 0000000000000cf6
    0000005cbd8eb660 00646c61626f6c67
    0000005cbd8eb668 0000000000003d26
    0000005cbd8eb670 8000000200000003
    0000005cbd8eb678 8000000100000003
x23([anon:native_heap:jemalloc]):
    0000005cbd8eb580 0000000000000000
    0000005cbd8eb588 0000005ca01c43d0
    0000005cbd8eb590 0000006000000000
    0000005cbd8eb598 0000005cd80ced40
    0000005cbd8eb5a0 0000000000000000
    0000005cbd8eb5a8 0000000000000d16
    0000005cbd8eb5b0 0000000000000000
    0000005cbd8eb5b8 0000000000000b74
    0000005cbd8eb5c0 00000000000009d0
    0000005cbd8eb5c8 1fffffff0000000e
    0000005cbd8eb5d0 0000006000000000
    0000005cbd8eb5d8 00000000c765d706
    0000005cbd8eb5e0 0000000000000cdd
    0000005cbd8eb5e8 0000006000000000
    0000005cbd8eb5f0 00006c61626f6c67
    0000005cbd8eb5f8 0000006000000000
    0000005cbd8eb600 0000005cd789e000
    0000005cbd8eb608 8000000400000005
    0000005cbd8eb610 0000005cd7897c00
    0000005cbd8eb618 0000005cd76fb400
    0000005cbd8eb620 0000006000000000
    0000005cbd8eb628 0000005cd776c400
    0000005cbd8eb630 0000000000000042
    0000005cbd8eb638 0000005cd7712800
    0000005cbd8eb640 8000000200000004
    0000005cbd8eb648 000000000001cf53
    0000005cbd8eb650 000000000001be8f
    0000005cbd8eb658 0000000000000cf6
    0000005cbd8eb660 00646c61626f6c67
    0000005cbd8eb668 0000000000003d26
    0000005cbd8eb670 8000000200000003
    0000005cbd8eb678 8000000100000003
x24([anon:native_heap:jemalloc]):
    0000005cdea3b2d8 0000005cdea3b340
    0000005cdea3b2e0 0000005cdea1ea10
    0000005cdea3b2e8 0000005cdea1ea10
    0000005cdea3b2f0 0000000000000001
    0000005cdea3b2f8 0000726f74616369
    0000005cdea3b300 0000005cbb8faa20
    0000005cdea3b308 55951a5e05899767
    0000005cdea3b310 0000005cde1965a0
    0000005cdea3b318 0000005cdebecad0
    0000005cdea3b320 0000005b24674c70
    0000005cdea3b328 0000000000000000
    0000005cdea3b330 0000000000000004
    0000005cdea3b338 0000005cde1bc400
    0000005cdea3b340 0000000000000000
    0000005cdea3b348 0000005cde196760
    0000005cdea3b350 0000005cdea3b240
    0000005cdea3b358 0000000000000000
    0000005cdea3b360 0000005cdea1ea40
    0000005cdea3b368 0000005cdea1ea40
    0000005cdea3b370 0000000000000001
    0000005cdea3b378 0000000000000000
    0000005cdea3b380 0000000000000000
    0000005cdea3b388 000000000000000d
    0000005cdea3b390 000000000000000d
    0000005cdea3b398 0000005cdea3b460
    0000005cdea3b3a0 0000000000000007
    0000005cdea3b3a8 0000005cde1965a0
    0000005cdea3b3b0 0000005cdebecad0
    0000005cdea3b3b8 0000000000000000
    0000005cdea3b3c0 0000005cdea3b380
    0000005cdea3b3c8 0000000000000007
    0000005cdea3b3d0 0000000000000007
x25([anon:native_heap:jemalloc]):
    0000005cdea3b2d8 0000005cdea3b340
    0000005cdea3b2e0 0000005cdea1ea10
    0000005cdea3b2e8 0000005cdea1ea10
    0000005cdea3b2f0 0000000000000001
    0000005cdea3b2f8 0000726f74616369
    0000005cdea3b300 0000005cbb8faa20
    0000005cdea3b308 55951a5e05899767
    0000005cdea3b310 0000005cde1965a0
    0000005cdea3b318 0000005cdebecad0
    0000005cdea3b320 0000005b24674c70
    0000005cdea3b328 0000000000000000
    0000005cdea3b330 0000000000000004
    0000005cdea3b338 0000005cde1bc400
    0000005cdea3b340 0000000000000000
    0000005cdea3b348 0000005cde196760
    0000005cdea3b350 0000005cdea3b240
    0000005cdea3b358 0000000000000000
    0000005cdea3b360 0000005cdea1ea40
    0000005cdea3b368 0000005cdea1ea40
    0000005cdea3b370 0000000000000001
    0000005cdea3b378 0000000000000000
    0000005cdea3b380 0000000000000000
    0000005cdea3b388 000000000000000d
    0000005cdea3b390 000000000000000d
    0000005cdea3b398 0000005cdea3b460
    0000005cdea3b3a0 0000000000000007
    0000005cdea3b3a8 0000005cde1965a0
    0000005cdea3b3b0 0000005cdebecad0
    0000005cdea3b3b8 0000000000000000
    0000005cdea3b3c0 0000005cdea3b380
    0000005cdea3b3c8 0000000000000007
    0000005cdea3b3d0 0000000000000007
x26([stack]):
    0000007fc70b6750 0000007fc70b6730
    0000007fc70b6758 0000000000000000
    0000007fc70b6760 0000000000000015
    0000007fc70b6768 0000000000000000
    0000007fc70b6770 0000005b4990eab0
    0000007fc70b6778 0000005b4988d950
    0000007fc70b6780 0000000000000000
    0000007fc70b6788 0000000000000000
    0000007fc70b6790 0000007fc70b6770
    0000007fc70b6798 0000000000000000
    0000007fc70b67a0 0000000000000016
    0000007fc70b67a8 0000000000000000
    0000007fc70b67b0 0000005b4990eab0
    0000007fc70b67b8 0000005b4988d950
    0000007fc70b67c0 0000000000000000
    0000007fc70b67c8 0000000000000000
    0000007fc70b67d0 0000007fc70b67b0
    0000007fc70b67d8 0000000000000000
    0000007fc70b67e0 0000000000000017
    0000007fc70b67e8 0000000000000000
    0000007fc70b67f0 0000005b4990eab0
    0000007fc70b67f8 0000005b4988d968
    0000007fc70b6800 0000000000000000
    0000007fc70b6808 0000000000000000
    0000007fc70b6810 0000007fc70b67f0
    0000007fc70b6818 0000000000000000
    0000007fc70b6820 0000000000000018
    0000007fc70b6828 0000000000000000
    0000007fc70b6830 0000005b4990eab0
    0000007fc70b6838 0000005b4988d950
    0000007fc70b6840 0000007fc70b6a20
    0000007fc70b6848 5255005a958bc2d8
x27([anon:native_heap:jemalloc]):
    0000005cde196590 0000000000000015
    0000005cde196598 0000000080000000
    0000005cde1965a0 0000000000000000
    0000005cde1965a8 0000005cdf13fe00
    0000005cde1965b0 0000000000000001
    0000005cde1965b8 0000005cdea1ebf0
    0000005cde1965c0 0000005cdea1eaa0
    0000005cde1965c8 00000000ffffffff
    0000005cde1965d0 0000005cdea3b2e0
    0000005cde1965d8 0000000000000000
    0000005cde1965e0 0000000000000000
    0000005cde1965e8 0000000000000000
    0000005cde1965f0 0000000000000000
    0000005cde1965f8 0000000000000000
    0000005cde196600 00000000ffffffff
    0000005cde196608 0000005cdea3b360
    0000005cde196610 0000000000000000
    0000005cde196618 0000000000000000
    0000005cde196620 0000000000000000
    0000005cde196628 0000000000000000
    0000005cde196630 0000000000000000
    0000005cde196638 0000000000000000
    0000005cde196640 0000000000000000
    0000005cde196648 f9f7841900000000
    0000005cde196650 0000000000000000
    0000005cde196658 0000000000000000
    0000005cde196660 0000000000000000
    0000005cde196668 0000000000000000
    0000005cde196670 0000000000000000
    0000005cde196678 0000000000000000
    0000005cde196680 1fffffff0000000e
    0000005cde196688 1fffffff1fffffff
x28([anon:native_heap:jemalloc]):
    0000005cdea3b3f0 0000005cdebecad0
    0000005cdea3b3f8 0000000000000000
    0000005cdea3b400 0000005cdea3b3c0
    0000005cdea3b408 0000000000000001
    0000005cdea3b410 0000000000000001
    0000005cdea3b418 0000005cdea3b3e0
    0000005cdea3b420 0000000000000000
    0000005cdea3b428 0000000000000004
    0000005cdea3b430 0000000000000004
    0000005cdea3b438 0000005cde1965a0
    0000005cdea3b440 0000005ca0255158
    0000005cdea3b448 0000000000000000
    0000005cdea3b450 0000000000000000
    0000005cdea3b458 0000000000000000
    0000005cdea3b460 000000000000000d
    0000005cdea3b468 0000005cde1965a0
    0000005cdea3b470 0000005cdebecad0
    0000005cdea3b478 0000000000000000
    0000005cdea3b480 0000000000000000
    0000005cdea3b488 0000000000000004
    0000005cdea3b490 0000000000000004
    0000005cdea3b498 0000005cdea3c1a0
    0000005cdea3b4a0 6f79614c6f747541
    0000005cdea3b4a8 3728776569567475
    0000005cdea3b4b0 6463357830402934
    0000005cdea3b4b8 0038313563656265
    0000005cdea3b4c0 0000005b2fe9a530
    0000005cdea3b4c8 0000005cdf140c00
    0000005cdea3b4d0 0000005cdea3c1c0
    0000005cdea3b4d8 0038313563656265
    0000005cdea3b4e0 0000005b24674c70
    0000005cdea3b4e8 0000000000000000
fp([stack]):
    0000007fc70b6510 00000001c70b65b8
    0000007fc70b6518 0000005cdebecad0
    0000007fc70b6520 0000007fc70b65e0
    0000007fc70b6528 0000005ca01c4650
    0000007fc70b6530 0000007fc70b66e0
    0000007fc70b6538 0000005cdea30cc8
    0000007fc70b6540 0000007fc70b65b0
    0000007fc70b6548 0000007fc70b6a78
    0000007fc70b6550 0000005cdea3b400
    0000007fc70b6558 00000000de1965a0
    0000007fc70b6560 0000005cdebecad0
    0000007fc70b6568 0000007fc70b6720
    0000007fc70b6570 0000005cdea3b2e0
    0000007fc70b6578 0000000100000000
    0000007fc70b6580 0000007fc70b6670
    0000007fc70b6588 0000000000000000
    0000007fc70b6590 0000000000000000
    0000007fc70b6598 0000000000000008
    0000007fc70b65a0 0000007fc70b65c0
    0000007fc70b65a8 6331005b4986edb8
    0000007fc70b65b0 0000007fc70b65e0
    0000007fc70b65b8 0000000000000000
    0000007fc70b65c0 0000005cdea3b300
    0000007fc70b65c8 0000005ca025cbe8
    0000007fc70b65d0 0000005cde1965a0
    0000007fc70b65d8 4c4747ad18000050
    0000007fc70b65e0 0000007fc70b69f0
    0000007fc70b65e8 0000005b4988e2b8
    0000007fc70b65f0 0000005cbd8eb588
    0000007fc70b65f8 0000007fc70b6a60
    0000007fc70b6600 0000000000000000
    0000007fc70b6608 0000007fc70b67e0
lr(/data/storage/el1/bundle/libs/arm64/librnoh_core.so):
    0000005ca01c4640 f9400008f9400fe2
    0000005ca01c4648 d63f0100f940c108
    0000005ca01c4650 17ffffd914000001
    0000005ca01c4658 52836ca9b9404fe8
    0000005ca01c4660 540000a06b09011f
    0000005ca01c4668 5283e989b9404fe8
    0000005ca01c4670 540001216b09011f
    0000005ca01c4678 b9404fe1f9401be0
    0000005ca01c4680 f9400008f9402be2
    0000005ca01c4688 d63f0100f940c908
    0000005ca01c4690 17ffffc914000001
    0000005ca01c4698 94022795f9402be0
    0000005ca01c46a0 f9000be014000001
    0000005ca01c46a8 b4000228f9400be8
    0000005ca01c46b0 b9404ff4f9401bf3
    0000005ca01c46b8 f9400101f9400be8
    0000005ca01c46c0 97fa7afcd10123a0
    0000005ca01c46c8 f85c03a314000001
    0000005ca01c46d0 f9400268f85b83a2
    0000005ca01c46d8 aa1303e0f940c508
    0000005ca01c46e0 d63f01002a1403e1
    0000005ca01c46e8 17ffffb314000001
    0000005ca01c46f0 b9404fe1f9401be0
    0000005ca01c46f8 f9400008f9402be2
    0000005ca01c4700 d63f0100f940c908
    0000005ca01c4708 17ffffab14000001
    0000005ca01c4710 b9003fe1f90023e0
    0000005ca01c4718 f90023e014000005
    0000005ca01c4720 910163e0b9003fe1
    0000005ca01c4728 940221399400e8e8
    0000005ca01c4730 1400000114000001
    0000005ca01c4738 97f9d99ef94023e0
sp([stack]):
    0000007fc70b64f0 0000005cbd8eb588
    0000007fc70b64f8 0000007fc70b6a60
    0000007fc70b6500 0000007fc70b6520
    0000007fc70b6508 0000007fc70b6a78
    0000007fc70b6510 00000001c70b65b8
    0000007fc70b6518 0000005cdebecad0
    0000007fc70b6520 0000007fc70b65e0
    0000007fc70b6528 0000005ca01c4650
    0000007fc70b6530 0000007fc70b66e0
    0000007fc70b6538 0000005cdea30cc8
    0000007fc70b6540 0000007fc70b65b0
    0000007fc70b6548 0000007fc70b6a78
    0000007fc70b6550 0000005cdea3b400
    0000007fc70b6558 00000000de1965a0
    0000007fc70b6560 0000005cdebecad0
    0000007fc70b6568 0000007fc70b6720
    0000007fc70b6570 0000005cdea3b2e0
    0000007fc70b6578 0000000100000000
    0000007fc70b6580 0000007fc70b6670
    0000007fc70b6588 0000000000000000
    0000007fc70b6590 0000000000000000
    0000007fc70b6598 0000000000000008
    0000007fc70b65a0 0000007fc70b65c0
    0000007fc70b65a8 6331005b4986edb8
    0000007fc70b65b0 0000007fc70b65e0
    0000007fc70b65b8 0000000000000000
    0000007fc70b65c0 0000005cdea3b300
    0000007fc70b65c8 0000005ca025cbe8
    0000007fc70b65d0 0000005cde1965a0
    0000007fc70b65d8 4c4747ad18000050
    0000007fc70b65e0 0000007fc70b69f0
    0000007fc70b65e8 0000005b4988e2b8
pc(/data/storage/el1/bundle/libs/arm64/librnoh_flash_list.so):
    0000005b4a544748 b85f43a9f85f83a8
    0000005b4a544750 540000a17100053f
    0000005b4a544758 f9400008f9403500
    0000005b4a544760 d63f0100f9400908
    0000005b4a544768 9100c3ffa9427bfd
    0000005b4a544770 a9be7bfdd65f03c0
    0000005b4a544778 910003fdf9000bf3
    0000005b4a544780 f9400fb3f9000fa0
    0000005b4a544788 94000069aa1303e0
    0000005b4a544790 9400c29faa1303e0
    0000005b4a544798 a8c27bfdf9400bf3
    0000005b4a5447a0 d10183ffd65f03c0
    0000005b4a5447a8 f9002bf3a9047bfd
    0000005b4a5447b0 900001a8910103fd
    0000005b4a5447b8 f9400108f9473d08
    0000005b4a5447c0 f90013e0f81f83a8
    0000005b4a5447c8 bd001be1bd001fe0
    0000005b4a5447d0 bd405e60f94013f3
    0000005b4a5447d8 540000801e202008
    0000005b4a5447e0 1e202008bd406260
    0000005b4a5447e8 bd401fe054000461
    0000005b4a5447f0 bd401be0bd005e60
    0000005b4a5447f8 d503201fbd006260
    0000005b4a544800 d10063a030f0afa1
    0000005b4a544808 9400c261528014a2
    0000005b4a544810 9400c263d10063a0
    0000005b4a544818 d0ffff0114000001
    0000005b4a544820 97fff1419105f421
    0000005b4a544828 bd405e6014000001
    0000005b4a544830 140000019400c28c
    0000005b4a544838 91230021b0ffff01
    0000005b4a544840 1400000197fff13a
FaultStack:
    0000007fc70b6400 0000007fc70b6460
    0000007fc70b6408 0000005ca0096270
    0000007fc70b6410 0000000000000008
    0000007fc70b6418 0000005cdea3b310
    0000007fc70b6420 0000005cbd8eb588
    0000007fc70b6428 0000005cdea3b310
    0000007fc70b6430 0000007fc70b6450
    0000007fc70b6438 0000005ca01c5d18
    0000007fc70b6440 0000007fc70b6460
    0000007fc70b6448 0000007fc70b65d0
    0000007fc70b6450 0000005cdea3b310
    0000007fc70b6458 0000005ca025cbe0
    0000007fc70b6460 0000007fc70b65d0
    0000007fc70b6468 0000005cdea3b310
    0000007fc70b6470 0000007fc70b64d0
    0000007fc70b6478 0000005ca025cbc0
    0000007fc70b6480 0000005cdea3b300
    0000007fc70b6488 0000007fc70b64c0
    0000007fc70b6490 0000005cdea3b300
    0000007fc70b6498 00000000000005c7
    0000007fc70b64a0 000000000000063d
    0000007fc70b64a8 55951a5e05899767
    0000007fc70b64b0 0000007fc70b6500
    0000007fc70b64b8 2144005b4a3e901c
    0000007fc70b64c0 0000007fc70b6760
    0000007fc70b64c8 0000005cdea3b2e8
    0000007fc70b64d0 0000005cdea3b2e8
    0000007fc70b64d8 0000005cbd8eb590
    0000007fc70b64e0 0000005cbd8eb590
    0000007fc70b64e8 0000000000000008
    0000007fc70b64f0 0000005cbd8eb588
    0000007fc70b64f8 0000007fc70b6a60
sp0:0000007fc70b6500 0000007fc70b6520
    0000007fc70b6508 0000007fc70b6a78
    0000007fc70b6510 00000001c70b65b8
    0000007fc70b6518 0000005cdebecad0
    0000007fc70b6520 0000007fc70b65e0
    0000007fc70b6528 0000005ca01c4650
sp1:0000007fc70b6530 0000007fc70b66e0
    0000007fc70b6538 0000005cdea30cc8
    0000007fc70b6540 0000007fc70b65b0
    0000007fc70b6548 0000007fc70b6a78
    0000007fc70b6550 0000005cdea3b400
    0000007fc70b6558 00000000de1965a0
    0000007fc70b6560 0000005cdebecad0
    0000007fc70b6568 0000007fc70b6720
    0000007fc70b6570 0000005cdea3b2e0
    0000007fc70b6578 0000000100000000
    0000007fc70b6580 0000007fc70b6670
    0000007fc70b6588 0000000000000000
    0000007fc70b6590 0000000000000000
    0000007fc70b6598 0000000000000008
    0000007fc70b65a0 0000007fc70b65c0
    0000007fc70b65a8 6331005b4986edb8
    0000007fc70b65b0 0000007fc70b65e0
    0000007fc70b65b8 0000000000000000
    0000007fc70b65c0 0000005cdea3b300
    0000007fc70b65c8 0000005ca025cbe8
    0000007fc70b65d0 0000005cde1965a0
    0000007fc70b65d8 4c4747ad18000050
    0000007fc70b65e0 0000007fc70b69f0
    0000007fc70b65e8 0000005b4988e2b8
    0000007fc70b65f0 0000005cbd8eb588
    0000007fc70b65f8 0000007fc70b6a60
sp2:0000007fc70b6600 0000000000000000
    0000007fc70b6608 0000007fc70b67e0
    0000007fc70b6610 0000007fc70b6820
    0000007fc70b6618 0000007fc70b6860
    0000007fc70b6620 0000007fc70b68a0
    0000007fc70b6628 0000007fc70b68e0
    0000007fc70b6630 0000007fc70b6920
    0000007fc70b6638 0000007fc70b6960
    0000007fc70b6640 0000005cdea30ba0
    0000007fc70b6648 0000005cdad1c940
    0000007fc70b6650 000000000000000d
    0000007fc70b6658 0000000000000000
    0000007fc70b6660 0000000000000000
    0000007fc70b6668 0000000000000000
    0000007fc70b6670 0000000100000001
    0000007fc70b6678 0000000000000bd0
    0000007fc70b6680 0000005cde1965a0
    0000007fc70b6688 0000005cdebecad0
    0000007fc70b6690 0000007fc70b6a60
    0000007fc70b6698 0000000000000000
    0000007fc70b66a0 0000000000000000
    0000007fc70b66a8 0000000000000000
    0000007fc70b66b0 0000005b4990eab0
    0000007fc70b66b8 0000005b4988d924
    0000007fc70b66c0 0000007fc70b6c80
    0000007fc70b66c8 ceb973eb19f1ae00
    0000007fc70b66d0 0000007fc70b66b0
    0000007fc70b66d8 0000000000000000
    0000007fc70b66e0 0000000000000007
    0000007fc70b66e8 0000000000000000
    0000007fc70b66f0 0000005b4990eab0
    0000007fc70b66f8 0000005b4988d924
    0000007fc70b6700 0000000000000000
    0000007fc70b6708 0000000000000000
    0000007fc70b6710 0000007fc70b66f0
    0000007fc70b6718 0000000000000000
    0000007fc70b6720 000000000000000a
    0000007fc70b6728 0000000000000000
    0000007fc70b6730 0000005b4990eab0
    0000007fc70b6738 0000005b4988d93c
    0000007fc70b6740 0000000000000000
    0000007fc70b6748 0000000000000000
    0000007fc70b6750 0000007fc70b6730
    0000007fc70b6758 0000000000000000
    0000007fc70b6760 0000000000000015
    0000007fc70b6768 0000000000000000
    0000007fc70b6770 0000005b4990eab0
    0000007fc70b6778 0000005b4988d950
    0000007fc70b6780 0000000000000000
    0000007fc70b6788 0000000000000000
    0000007fc70b6790 0000007fc70b6770
    0000007fc70b6798 0000000000000000
    0000007fc70b67a0 0000000000000016
    0000007fc70b67a8 0000000000000000
    0000007fc70b67b0 0000005b4990eab0
    0000007fc70b67b8 0000005b4988d950
    0000007fc70b67c0 0000000000000000
    0000007fc70b67c8 0000000000000000
    0000007fc70b67d0 0000007fc70b67b0
    0000007fc70b67d8 0000000000000000
    0000007fc70b67e0 0000000000000017
    0000007fc70b67e8 0000000000000000
    0000007fc70b67f0 0000005b4990eab0
    0000007fc70b67f8 0000005b4988d968
    0000007fc70b6800 0000000000000000
    0000007fc70b6808 0000000000000000
    0000007fc70b6810 0000007fc70b67f0
    0000007fc70b6818 0000000000000000
    0000007fc70b6820 0000000000000018
    0000007fc70b6828 0000000000000000
    0000007fc70b6830 0000005b4990eab0
    0000007fc70b6838 0000005b4988d950
    0000007fc70b6840 0000007fc70b6a20
    0000007fc70b6848 5255005a958bc2d8
    0000007fc70b6850 0000007fc70b6830
    0000007fc70b6858 0000005cdde80e10
    0000007fc70b6860 0000000000000019
    0000007fc70b6868 0000000000000000
    0000007fc70b6870 0000005b4990eab0
    0000007fc70b6878 0000005b4988d980
    0000007fc70b6880 0000000000000000
    0000007fc70b6888 0000000000000009
    0000007fc70b6890 0000007fc70b6870
    0000007fc70b6898 0827005a958bc150
    0000007fc70b68a0 000000000000001a
    0000007fc70b68a8 0000005a95a17000
    0000007fc70b68b0 0000005b4990eab0
    0000007fc70b68b8 0000005b4988d9ac
    0000007fc70b68c0 0000005a96003b78
    0000007fc70b68c8 000000000000000a
    0000007fc70b68d0 0000007fc70b68b0
    0000007fc70b68d8 0000000096003808
    0000007fc70b68e0 0000007f0000001b
    0000007fc70b68e8 d71e005a9714621c
    0000007fc70b68f0 0000005b4990eab0
    0000007fc70b68f8 0000005b4988d998
    0000007fc70b6900 0000005b27a13900
    0000007fc70b6908 0000005b27a13900
    0000007fc70b6910 0000007fc70b68f0
    0000007fc70b6918 0000005b27a13900
    0000007fc70b6920 0000005a0000001d
    0000007fc70b6928 0000005b27a13900
    0000007fc70b6930 0000005b4990eab0
    0000007fc70b6938 0000005b4988d924
    0000007fc70b6940 0000005cd1a28870
    0000007fc70b6948 0000005a96003bb0
    0000007fc70b6950 0000007fc70b6930
    0000007fc70b6958 bb14005a9625be60
    0000007fc70b6960 000000000000001f
    0000007fc70b6968 a275005a9625bd74
    0000007fc70b6970 0000005b4990eab0
    0000007fc70b6978 0000005b4988d9c0
    0000007fc70b6980 0000000000000003
    0000007fc70b6988 ceae24ac7acbd23d
    0000007fc70b6990 0000007fc70b6970
    0000007fc70b6998 69746e7552734a12
    0000007fc70b69a0 0000005a00000021
    0000007fc70b69a8 0000007fc70b6890
    0000007fc70b69b0 0000005b4990eab0
    0000007fc70b69b8 0000005b4988d9d4
    0000007fc70b69c0 0000005a96284000
    0000007fc70b69c8 0000005a95e02100
    0000007fc70b69d0 0000007fc70b69b0
    0000007fc70b69d8 0000005b2d086b08
    0000007fc70b69e0 0000005b18b0f468
    0000007fc70b69e8 0000005b1afe1c0f
    0000007fc70b69f0 0000007fc70b6c60
    0000007fc70b69f8 0000005b2efb7044
    0000007fc70b6a00 0000000000000001
    0000007fc70b6a08 0000007fc70b69a0
    0000007fc70b6a10 0000005a972c4784
    0000007fc70b6a18 0000005b18b0f468
    0000007fc70b6a20 0000005b18b0f390
    0000007fc70b6a28 0000005b18b0f488
    0000007fc70b6a30 0000000000000000
    0000007fc70b6a38 0000005cb5310e40
    0000007fc70b6a40 0000005b18b0f000
    0000007fc70b6a48 0000005cd1928478
    0000007fc70b6a50 0000005cd1928470
    0000007fc70b6a58 2b21cd15ac206532
sp3:0000007fc70b6a60 00000bd000000004
    0000007fc70b6a68 0000005cde1965a0
    0000007fc70b6a70 0000000000000000
    0000007fc70b6a78 0000000000000000
    0000007fc70b6a80 0000000000000000
    0000007fc70b6a88 0000000000000000
    0000007fc70b6a90 0000000000000000
    0000007fc70b6a98 0000000000000000
    0000007fc70b6aa0 0000000000000000
    0000007fc70b6aa8 0000000000000000
    0000007fc70b6ab0 0000000000000000
    0000007fc70b6ab8 0000000000000000
    0000007fc70b6ac0 0000000000000000
    0000007fc70b6ac8 0000000000000000
    0000007fc70b6ad0 0000000000000000
    0000007fc70b6ad8 0000000000000000
    0000007fc70b6ae0 0000000000000000
    0000007fc70b6ae8 0000000000000000
    0000007fc70b6af0 0000000000000000
    0000007fc70b6af8 0000000000000000
    0000007fc70b6b00 0000000000000000
    0000007fc70b6b08 0000000000000000
    0000007fc70b6b10 0000000000000000
    0000007fc70b6b18 0000000000000000
    0000007fc70b6b20 0000000000000000
    0000007fc70b6b28 0000000000000000
    0000007fc70b6b30 0000000000000000
    0000007fc70b6b38 0000000000000000
    0000007fc70b6b40 0000000000000000
    0000007fc70b6b48 0000000000000000
    0000007fc70b6b50 0000000000000000
    0000007fc70b6b58 0000000000000000
    0000007fc70b6b60 0000000000000000
    0000007fc70b6b68 0000000000000000
    0000007fc70b6b70 0000000000000000
    0000007fc70b6b78 0000000000000000
    0000007fc70b6b80 0000000000000000
    0000007fc70b6b88 0000000000000000
    0000007fc70b6b90 0000000000000000
    0000007fc70b6b98 0000000000000000
    0000007fc70b6ba0 0000000000000000
    0000007fc70b6ba8 0000000000000000
    0000007fc70b6bb0 0000000000000000
    0000007fc70b6bb8 0000000000000000
    0000007fc70b6bc0 0000000000000000
    0000007fc70b6bc8 0000000000000000
    0000007fc70b6bd0 0000000000000000
    0000007fc70b6bd8 0000000000000000
    0000007fc70b6be0 0000000000000000
    0000007fc70b6be8 0000000000000000
    0000007fc70b6bf0 0000000000000000
    0000007fc70b6bf8 0000000000000000
    0000007fc70b6c00 0000000000000000
    0000007fc70b6c08 0000000000000000
    0000007fc70b6c10 0000000000000000
    0000007fc70b6c18 0000000000000000
    0000007fc70b6c20 0000000000000000
    0000007fc70b6c28 0000000000000000
    0000007fc70b6c30 0000000000000000
    0000007fc70b6c38 0000000000000000
    0000007fc70b6c40 0000000000000000
    0000007fc70b6c48 0000000000000000
    0000007fc70b6c50 0000000000000000
    0000007fc70b6c58 0000000000000000
    0000007fc70b6c60 0000007fc70b6cc0
    0000007fc70b6c68 0000005b2d3671c4

Maps:
40000-80000 rw-p 00000000 [anon:ark-Object Space]
80000-c0000 rw-p 00000000 [anon:ark-Non Movable Space]
c0000-100000 rw-p 00000000 [anon:ark-Object Space]
100000-20040000 rw-p 00000000 
183800000-183c14000 rw-p 00000000 
183c14000-183c15000 ---p 00000000 
183c15000-184014000 rw-p 00000000 
184014000-184015000 ---p 00000000 
184015000-184414000 rw-p 00000000 
184414000-184415000 ---p 00000000 
184415000-184800000 rw-p 00000000 
184800000-244800000 ---p 00000000 
331800000-331c14000 rw-p 00000000 
331c14000-331c15000 ---p 00000000 
331c15000-332014000 rw-p 00000000 
332014000-332015000 ---p 00000000 
332015000-332414000 rw-p 00000000 
332414000-332415000 ---p 00000000 
332415000-332800000 rw-p 00000000 
332800000-3f2800000 ---p 00000000 
1210000000-1210414000 rw-p 00000000 
1210414000-1210415000 ---p 00000000 
1210415000-1210814000 rw-p 00000000 
1210814000-1210815000 ---p 00000000 
1210815000-1210c14000 rw-p 00000000 
1210c14000-1210c15000 ---p 00000000 
1210c15000-1211000000 rw-p 00000000 
1211000000-12d1000000 ---p 00000000 
1358c00000-1359014000 rw-p 00000000 
1359014000-1359015000 ---p 00000000 
1359015000-1359414000 rw-p 00000000 
1359414000-1359415000 ---p 00000000 
1359415000-1359800000 rw-p 00000000 
1359800000-1419c00000 ---p 00000000 
1419c00000-141a014000 rw-p 00000000 
141a014000-141a015000 ---p 00000000 
141a015000-141a414000 rw-p 00000000 
141a414000-141a415000 ---p 00000000 
141a415000-141a800000 rw-p 00000000 
141a800000-14dac00000 ---p 00000000 
1577800000-1577c14000 rw-p 00000000 
1577c14000-1577c15000 ---p 00000000 
1577c15000-1578014000 rw-p 00000000 
1578014000-1578015000 ---p 00000000 
1578015000-1578414000 rw-p 00000000 
1578414000-1578415000 ---p 00000000 
1578415000-1578814000 rw-p 00000000 
1578814000-1578815000 ---p 00000000 
1578815000-1578c14000 rw-p 00000000 
1578c14000-1578c15000 ---p 00000000 
1578c15000-1579014000 rw-p 00000000 
1579014000-1579015000 ---p 00000000 
1579015000-1579414000 rw-p 00000000 
1579414000-1579415000 ---p 00000000 
1579415000-1579800000 rw-p 00000000 
1579800000-1638800000 ---p 00000000 
1647400000-1647814000 rw-p 00000000 
1647814000-1647815000 ---p 00000000 
1647815000-1647c14000 rw-p 00000000 
1647c14000-1647c15000 ---p 00000000 
1647c15000-1648014000 rw-p 00000000 
1648014000-1648015000 ---p 00000000 
1648015000-1648400000 rw-p 00000000 
1648400000-1708400000 ---p 00000000 
1708400000-1708814000 rw-p 00000000 
1708814000-1708815000 ---p 00000000 
1708815000-1708c14000 rw-p 00000000 
1708c14000-1708c15000 ---p 00000000 
1708c15000-1709000000 rw-p 00000000 
1709000000-17c9400000 ---p 00000000 
1c80000000-1c80040000 rw-p 00000000 [anon:ArkTS Heaphuge object space]
1c80040000-1c80080000 rw-p 00000000 [anon:ArkTS Heapshared huge object space]
1c80080000-1c80100000 rw-p 00000000 [anon:ArkTS Heaphuge object space]
1c80100000-1c80180000 rw-p 00000000 [anon:ArkTS Heapshared huge object space]
1c80180000-1c80480000 rw-p 00000000 [anon:ArkTS Heaphuge object space]
1c80480000-1c81500000 ---p 00000000 [anon:ArkTS Heap]
1c81500000-1c81580000 rw-p 00000000 [anon:ArkTS Heapshared huge object space]
1c81580000-1c81600000 ---p 00000000 [anon:ArkTS Heap]
1c81600000-1c81d00000 rw-p 00000000 [anon:ArkTS Heaphuge object space]
1c81d00000-1c81d40000 rw-p 00000000 [anon:ArkTS Heapshared huge object space]
1c81d40000-1c822c0000 ---p 00000000 [anon:ArkTS Heap]
1c822c0000-1c82380000 rw-p 00000000 [anon:ArkTS Heapshared huge object space]
1c82380000-1c82480000 ---p 00000000 [anon:ArkTS Heap]
1c82480000-1c82600000 rw-p 00000000 [anon:ArkTS Heapshared huge object space]
1c82600000-1ca0000000 ---p 00000000 [anon:ArkTS Heap]
1ed0000000-1eff4c0000 ---p 00000000 [anon:ArkTS Heap]
1eff4c0000-1eff500000 rw-p 00000000 [anon:ArkTS Heapnon movable space]
1eff500000-1eff540000 rw-p 00000000 [anon:ArkTS Heapnon movable space]
1eff540000-1eff580000 rw-p 00000000 [anon:ArkTS Heapnon movable space]
1eff580000-1eff5c0000 rw-p 00000000 [anon:ArkTS Heapnon movable space]
1eff5c0000-1eff600000 rw-p 00000000 [anon:ArkTS Heapnon movable space]
1eff600000-1eff640000 rw-p 00000000 [anon:ArkTS Heapnon movable space]
1eff640000-1eff680000 rw-p 00000000 [anon:ArkTS Heapnon movable space]
1eff680000-1eff6c0000 rw-p 00000000 [anon:ArkTS Heapnon movable space]
1eff6c0000-1eff700000 rw-p 00000000 [anon:ArkTS Heapnon movable space]
1eff700000-1eff740000 rw-p 00000000 [anon:ArkTS Heapnon movable space]
1eff740000-1eff780000 rw-p 00000000 [anon:ArkTS Heapnon movable space]
1eff780000-1eff7c0000 rw-p 00000000 [anon:ArkTS Heapnon movable space]
1eff7c0000-1eff800000 rw-p 00000000 [anon:ArkTS Heapnon movable space]
1eff800000-1eff840000 rw-p 00000000 [anon:ArkTS Heapread only space]
1eff840000-1eff8c0000 rw-p 00000000 [anon:ArkTS Heapread only space]
1eff8c0000-1eff900000 rw-p 00000000 [anon:ArkTS Heapread only space]
1eff900000-1eff940000 rw-p 00000000 [anon:ArkTS Heapnon movable space]
1eff940000-1eff980000 rw-p 00000000 [anon:ArkTS Heapnon movable space]
1eff980000-1effa00000 rw-p 00000000 [anon:ArkTS Heapnon movable space]
1effa00000-1effa40000 rw-p 00000000 [anon:ArkTS Heapnon movable space]
1effa40000-1effa80000 rw-p 00000000 [anon:ArkTS Heapnon movable space]
1effa80000-1effac0000 rw-p 00000000 [anon:ArkTS Heapnon movable space]
1effac0000-1effb00000 rw-p 00000000 [anon:ArkTS Heapnon movable space]
1effb00000-1effb40000 rw-p 00000000 [anon:ArkTS Heapnon movable space]
1effb40000-1effb80000 rw-p 00000000 [anon:ArkTS Heapnon movable space]
1effb80000-1effbc0000 rw-p 00000000 [anon:ArkTS Heapnon movable space]
1effbc0000-1effc00000 rw-p 00000000 [anon:ArkTS Heapnon movable space]
1effc00000-1effc40000 rw-p 00000000 [anon:ArkTS Heapread only space]
1effc40000-1effc80000 rw-p 00000000 [anon:ArkTS Heapnon movable space]
1effc80000-1effcc0000 rw-p 00000000 [anon:ArkTS Heapnon movable space]
1effcc0000-1effd00000 rw-p 00000000 [anon:ArkTS Heapnon movable space]
1effd00000-1effd40000 rw-p 00000000 [anon:ArkTS Heapnon movable space]
1effd40000-1effd80000 rw-p 00000000 [anon:ArkTS Heapnon movable space]
1effd80000-1effdc0000 rw-p 00000000 [anon:ArkTS Heapnon movable space]
1effdc0000-1effe00000 rw-p 00000000 [anon:ArkTS Heapnon movable space]
1effe00000-1effe40000 rw-p 00000000 [anon:ArkTS Heapnon movable space]
1effe40000-1effe80000 rw-p 00000000 [anon:ArkTS Heapnon movable space]
1effe80000-1effec0000 rw-p 00000000 [anon:ArkTS Heapnon movable space]
1effec0000-1efff00000 rw-p 00000000 [anon:ArkTS Heapnon movable space]
1efff00000-1efff40000 r--p 00000000 [anon:ArkTS Heapread only space]
1efff40000-1efff80000 rw-p 00000000 [anon:ArkTS Heapshared non movable space]
1efff80000-1efffc0000 rw-p 00000000 [anon:ArkTS Heapshared read only space]
1efffc0000-1f00000000 rw-p 00000000 [anon:ArkTS Heapnon movable space]
2250000000-2267080000 ---p 00000000 [anon:ArkTS Heap]
2267080000-2267240000 rw-p 00000000 [anon:ArkTS Heap]
2267240000-2267440000 ---p 00000000 [anon:ArkTS Heap]
2267440000-2267480000 rw-p 00000000 [anon:ArkTS Heap]
2267480000-22674c0000 rw-p 00000000 [anon:ArkTS Heapshared old space]
22674c0000-22675c0000 ---p 00000000 [anon:ArkTS Heap]
22675c0000-2267600000 rw-p 00000000 [anon:ArkTS Heapshared old space]
2267600000-2267640000 ---p 00000000 [anon:ArkTS Heap]
2267640000-2267680000 rw-p 00000000 [anon:ArkTS Heapshared old space]
2267680000-2267780000 ---p 00000000 [anon:ArkTS Heap]
2267780000-22677c0000 rw-p 00000000 [anon:ArkTS Heapshared old space]
22677c0000-2267800000 ---p 00000000 [anon:ArkTS Heap]
2267800000-2267840000 rw-p 00000000 [anon:ArkTS Heapshared old space]
2267840000-2267880000 ---p 00000000 [anon:ArkTS Heap]
2267880000-22678c0000 rw-p 00000000 [anon:ArkTS Heapshared old space]
22678c0000-2267900000 ---p 00000000 [anon:ArkTS Heap]
2267900000-2267940000 rw-p 00000000 [anon:ArkTS Heapshared old space]
2267940000-22679c0000 ---p 00000000 [anon:ArkTS Heap]
22679c0000-2267a00000 rw-p 00000000 [anon:ArkTS Heapshared old space]
2267a00000-2267a40000 ---p 00000000 [anon:ArkTS Heap]
2267a40000-2267a80000 rw-p 00000000 [anon:ArkTS Heapshared old space]
2267a80000-2267ac0000 ---p 00000000 [anon:ArkTS Heap]
2267ac0000-2267b00000 rw-p 00000000 [anon:ArkTS Heapshared old space]
2267b00000-2267b80000 ---p 00000000 [anon:ArkTS Heap]
2267b80000-2267bc0000 rw-p 00000000 [anon:ArkTS Heapshared old space]
2267bc0000-2267c00000 ---p 00000000 [anon:ArkTS Heap]
2267c00000-2267c40000 rw-p 00000000 [anon:ArkTS Heapshared old space]
2267c40000-2267cc0000 ---p 00000000 [anon:ArkTS Heap]
2267cc0000-2267d00000 rw-p 00000000 [anon:ArkTS Heapshared old space]
2267d00000-2267d40000 ---p 00000000 [anon:ArkTS Heap]
2267d40000-2267d80000 rw-p 00000000 [anon:ArkTS Heapshared old space]
2267d80000-2267dc0000 rw-p 00000000 [anon:ArkTS Heapsemi space]
2267dc0000-2267e00000 ---p 00000000 [anon:ArkTS Heap]
2267e00000-2267e40000 rw-p 00000000 [anon:ArkTS Heap]
2267e40000-2267e80000 rw-p 00000000 [anon:ArkTS Heapsemi space]
2267e80000-2267f40000 ---p 00000000 [anon:ArkTS Heap]
2267f40000-2267f80000 rw-p 00000000 [anon:ArkTS Heapshared old space]
2267f80000-2268040000 ---p 00000000 [anon:ArkTS Heap]
2268040000-2268080000 rw-p 00000000 [anon:ArkTS Heapshared old space]
2268080000-2268180000 ---p 00000000 [anon:ArkTS Heap]
2268180000-22681c0000 rw-p 00000000 [anon:ArkTS Heap]
22681c0000-2268340000 ---p 00000000 [anon:ArkTS Heap]
2268340000-2268380000 rw-p 00000000 [anon:ArkTS Heapshared old space]
2268380000-22683c0000 ---p 00000000 [anon:ArkTS Heap]
22683c0000-2268400000 rw-p 00000000 [anon:ArkTS Heap]
2268400000-2268500000 ---p 00000000 [anon:ArkTS Heap]
2268500000-2268540000 rw-p 00000000 [anon:ArkTS Heapshared old space]
2268540000-2268580000 rw-p 00000000 [anon:ArkTS Heapshared old space]
2268580000-22685c0000 ---p 00000000 [anon:ArkTS Heap]
22685c0000-2268600000 rw-p 00000000 [anon:ArkTS Heapshared old space]
2268600000-2268640000 rw-p 00000000 [anon:ArkTS Heapshared old space]
2268640000-2268680000 ---p 00000000 [anon:ArkTS Heap]
2268680000-22686c0000 rw-p 00000000 [anon:ArkTS Heapshared old space]
22686c0000-2268700000 rw-p 00000000 [anon:ArkTS Heapshared old space]
2268700000-2268740000 ---p 00000000 [anon:ArkTS Heap]
2268740000-2268780000 rw-p 00000000 [anon:ArkTS Heapshared old space]
2268780000-22687c0000 rw-p 00000000 [anon:ArkTS Heapshared old space]
22687c0000-2268800000 ---p 00000000 [anon:ArkTS Heap]
2268800000-2268840000 rw-p 00000000 [anon:ArkTS Heapshared old space]
2268840000-2268880000 ---p 00000000 [anon:ArkTS Heap]
2268880000-22688c0000 rw-p 00000000 [anon:ArkTS Heapshared old space]
22688c0000-2268900000 rw-p 00000000 [anon:ArkTS Heapsemi space]
2268900000-2268940000 rw-p 00000000 [anon:ArkTS Heapshared old space]
2268940000-2268980000 rw-p 00000000 [anon:ArkTS Heapshared old space]
2268980000-22689c0000 ---p 00000000 [anon:ArkTS Heap]
22689c0000-2268a00000 rw-p 00000000 [anon:ArkTS Heapsemi space]
2268a00000-2268a40000 rw-p 00000000 [anon:ArkTS Heapshared old space]
2268a40000-2268a80000 rw-p 00000000 [anon:ArkTS Heapshared old space]
2268a80000-2268ac0000 ---p 00000000 [anon:ArkTS Heap]
2268ac0000-2268b00000 rw-p 00000000 [anon:ArkTS Heapshared old space]
2268b00000-2268b40000 rw-p 00000000 [anon:ArkTS Heapsemi space]
2268b40000-2268b80000 rw-p 00000000 [anon:ArkTS Heapshared old space]
2268b80000-2268bc0000 rw-p 00000000 [anon:ArkTS Heapshared old space]
2268bc0000-2268c00000 rw-p 00000000 [anon:ArkTS Heap]
2268c00000-2268cc0000 ---p 00000000 [anon:ArkTS Heap]
2268cc0000-2268d00000 rw-p 00000000 [anon:ArkTS Heapshared old space]
2268d00000-2268d40000 rw-p 00000000 [anon:ArkTS Heapshared old space]
2268d40000-2268d80000 ---p 00000000 [anon:ArkTS Heap]
2268d80000-2268dc0000 rw-p 00000000 [anon:ArkTS Heapshared old space]
2268dc0000-2268e00000 rw-p 00000000 [anon:ArkTS Heapshared old space]
2268e00000-2268e40000 rw-p 00000000 [anon:ArkTS Heap]
2268e40000-2268e80000 rw-p 00000000 [anon:ArkTS Heapshared old space]
2268e80000-2268ec0000 rw-p 00000000 [anon:ArkTS Heap]
2268ec0000-2268f00000 rw-p 00000000 [anon:ArkTS Heapshared old space]
2268f00000-2268f40000 rw-p 00000000 [anon:ArkTS Heap]
2268f40000-2268f80000 rw-p 00000000 [anon:ArkTS Heapshared old space]
2268f80000-2268fc0000 rw-p 00000000 [anon:ArkTS Heapshared old space]
2268fc0000-2269000000 rw-p 00000000 [anon:ArkTS Heap]
2269000000-2269040000 rw-p 00000000 [anon:ArkTS Heapshared old space]
2269040000-2269080000 rw-p 00000000 [anon:ArkTS Heapshared old space]
2269080000-22690c0000 ---p 00000000 [anon:ArkTS Heap]
22690c0000-2269100000 rw-p 00000000 [anon:ArkTS Heapshared old space]
2269100000-2269140000 ---p 00000000 [anon:ArkTS Heap]
2269140000-2269180000 rw-p 00000000 [anon:ArkTS Heapshared old space]
2269180000-2269240000 ---p 00000000 [anon:ArkTS Heap]
2269240000-2269280000 rw-p 00000000 [anon:ArkTS Heapshared old space]
2269280000-22692c0000 rw-p 00000000 [anon:ArkTS Heapshared old space]
22692c0000-2269300000 rw-p 00000000 [anon:ArkTS Heap]
2269300000-2269340000 rw-p 00000000 [anon:ArkTS Heapshared old space]
2269340000-2269380000 rw-p 00000000 [anon:ArkTS Heap]
2269380000-22693c0000 rw-p 00000000 [anon:ArkTS Heapsemi space]
22693c0000-2269400000 rw-p 00000000 [anon:ArkTS Heapshared old space]
2269400000-2269440000 rw-p 00000000 [anon:ArkTS Heapshared old space]
2269440000-2269480000 rw-p 00000000 [anon:ArkTS Heapshared old space]
2269480000-22694c0000 rw-p 00000000 [anon:ArkTS Heapshared old space]
22694c0000-2269500000 ---p 00000000 [anon:ArkTS Heap]
2269500000-2269540000 rw-p 00000000 [anon:ArkTS Heapshared old space]
2269540000-2269580000 rw-p 00000000 [anon:ArkTS Heapshared old space]
2269580000-22695c0000 rw-p 00000000 [anon:ArkTS Heapsemi space]
22695c0000-2269600000 rw-p 00000000 [anon:ArkTS Heapshared old space]
2269600000-2269640000 rw-p 00000000 [anon:ArkTS Heapshared old space]
2269640000-2269680000 ---p 00000000 [anon:ArkTS Heap]
2269680000-22696c0000 rw-p 00000000 [anon:ArkTS Heapshared old space]
22696c0000-2269700000 rw-p 00000000 [anon:ArkTS Heapshared old space]
2269700000-2269740000 rw-p 00000000 [anon:ArkTS Heapshared old space]
2269740000-2269780000 ---p 00000000 [anon:ArkTS Heap]
2269780000-22697c0000 rw-p 00000000 [anon:ArkTS Heapshared old space]
22697c0000-2269800000 rw-p 00000000 [anon:ArkTS Heapshared old space]
2269800000-2269840000 rw-p 00000000 [anon:ArkTS Heap]
2269840000-2269880000 rw-p 00000000 [anon:ArkTS Heapshared old space]
2269880000-22698c0000 rw-p 00000000 [anon:ArkTS Heap]
22698c0000-2269900000 rw-p 00000000 [anon:ArkTS Heapshared old space]
2269900000-2269940000 ---p 00000000 [anon:ArkTS Heap]
2269940000-2269980000 rw-p 00000000 [anon:ArkTS Heap]
2269980000-22699c0000 rw-p 00000000 [anon:ArkTS Heapsemi space]
22699c0000-2269a00000 rw-p 00000000 [anon:ArkTS Heapshared old space]
2269a00000-2269a40000 ---p 00000000 [anon:ArkTS Heap]
2269a40000-2269a80000 rw-p 00000000 [anon:ArkTS Heapshared old space]
2269a80000-2269ac0000 ---p 00000000 [anon:ArkTS Heap]
2269ac0000-2269b00000 rw-p 00000000 [anon:ArkTS Heapshared old space]
2269b00000-2269b40000 rw-p 00000000 [anon:ArkTS Heapshared old space]
2269b40000-2269bc0000 rw-p 00000000 [anon:ArkTS Heapsemi space]
2269bc0000-2269c00000 ---p 00000000 [anon:ArkTS Heap]
2269c00000-2269c40000 rw-p 00000000 [anon:ArkTS Heapshared old space]
2269c40000-2269c80000 rw-p 00000000 [anon:ArkTS Heapsemi space]
2269c80000-2269cc0000 ---p 00000000 [anon:ArkTS Heap]
2269cc0000-2269d00000 rw-p 00000000 [anon:ArkTS Heapshared old space]
2269d00000-2269d80000 ---p 00000000 [anon:ArkTS Heap]
2269d80000-2269dc0000 rw-p 00000000 [anon:ArkTS Heap]
2269dc0000-2269e00000 rw-p 00000000 [anon:ArkTS Heapshared old space]
2269e00000-2269e40000 rw-p 00000000 [anon:ArkTS Heapsemi space]
2269e40000-2269f00000 ---p 00000000 [anon:ArkTS Heap]
2269f00000-2269f40000 rw-p 00000000 [anon:ArkTS Heapshared old space]
2269f40000-226a000000 ---p 00000000 [anon:ArkTS Heap]
226a000000-226a040000 rw-p 00000000 [anon:ArkTS Heap]
226a040000-226a080000 rw-p 00000000 [anon:ArkTS Heapshared old space]
226a080000-226a0c0000 rw-p 00000000 [anon:ArkTS Heapshared old space]
226a0c0000-226a100000 ---p 00000000 [anon:ArkTS Heap]
226a100000-226a140000 rw-p 00000000 [anon:ArkTS Heapshared old space]
226a140000-226a180000 rw-p 00000000 [anon:ArkTS Heapshared old space]
226a180000-226a1c0000 rw-p 00000000 [anon:ArkTS Heap]
226a1c0000-226a200000 rw-p 00000000 [anon:ArkTS Heapsemi space]
226a200000-226a340000 ---p 00000000 [anon:ArkTS Heap]
226a340000-226a380000 rw-p 00000000 [anon:ArkTS Heap]
226a380000-226a3c0000 ---p 00000000 [anon:ArkTS Heap]
226a3c0000-226a400000 rw-p 00000000 [anon:ArkTS Heapshared old space]
226a400000-226a480000 ---p 00000000 [anon:ArkTS Heap]
226a480000-226a4c0000 rw-p 00000000 [anon:ArkTS Heapsemi space]
226a4c0000-226a580000 ---p 00000000 [anon:ArkTS Heap]
226a580000-226a5c0000 rw-p 00000000 [anon:ArkTS Heapshared old space]
226a5c0000-226a600000 rw-p 00000000 [anon:ArkTS Heap]
226a600000-226a640000 rw-p 00000000 [anon:ArkTS Heap]
226a640000-226a680000 ---p 00000000 [anon:ArkTS Heap]
226a680000-226a6c0000 rw-p 00000000 [anon:ArkTS Heapsemi space]
226a6c0000-226a840000 ---p 00000000 [anon:ArkTS Heap]
226a840000-226a880000 rw-p 00000000 [anon:ArkTS Heapshared old space]
226a880000-226a8c0000 rw-p 00000000 [anon:ArkTS Heapsemi space]
226a8c0000-226a9c0000 ---p 00000000 [anon:ArkTS Heap]
226a9c0000-226aa00000 rw-p 00000000 [anon:ArkTS Heapshared old space]
226aa00000-226aa40000 rw-p 00000000 [anon:ArkTS Heap]
226aa40000-226aac0000 ---p 00000000 [anon:ArkTS Heap]
226aac0000-226ab00000 rw-p 00000000 [anon:ArkTS Heapshared old space]
226ab00000-226ab40000 rw-p 00000000 [anon:ArkTS Heapsemi space]
226ab40000-226abc0000 ---p 00000000 [anon:ArkTS Heap]
226abc0000-226ac00000 rw-p 00000000 [anon:ArkTS Heapsemi space]
226ac00000-226ac40000 rw-p 00000000 [anon:ArkTS Heapshared old space]
226ac40000-226ac80000 ---p 00000000 [anon:ArkTS Heap]
226ac80000-226acc0000 rw-p 00000000 [anon:ArkTS Heapsemi space]
226acc0000-226ad00000 rw-p 00000000 [anon:ArkTS Heap]
226ad00000-226ad40000 ---p 00000000 [anon:ArkTS Heap]
226ad40000-226ad80000 rw-p 00000000 [anon:ArkTS Heapshared old space]
226ad80000-226adc0000 rw-p 00000000 [anon:ArkTS Heap]
226adc0000-226ae00000 rw-p 00000000 [anon:ArkTS Heapshared old space]
226ae00000-226ae80000 ---p 00000000 [anon:ArkTS Heap]
226ae80000-226aec0000 rw-p 00000000 [anon:ArkTS Heapshared old space]
226aec0000-226af00000 ---p 00000000 [anon:ArkTS Heap]
226af00000-226af40000 rw-p 00000000 [anon:ArkTS Heapshared old space]
226af40000-226afc0000 ---p 00000000 [anon:ArkTS Heap]
226afc0000-226b000000 rw-p 00000000 [anon:ArkTS Heapshared old space]
226b000000-226b040000 ---p 00000000 [anon:ArkTS Heap]
226b040000-226b080000 rw-p 00000000 [anon:ArkTS Heap]
226b080000-226b0c0000 rw-p 00000000 [anon:ArkTS Heapshared old space]
226b0c0000-226b100000 ---p 00000000 [anon:ArkTS Heap]
226b100000-226b140000 rw-p 00000000 [anon:ArkTS Heapshared old space]
226b140000-226b1c0000 ---p 00000000 [anon:ArkTS Heap]
226b1c0000-226b200000 rw-p 00000000 [anon:ArkTS Heapsemi space]
226b200000-226b240000 rw-p 00000000 [anon:ArkTS Heapsemi space]
226b240000-226b280000 ---p 00000000 [anon:ArkTS Heap]
226b280000-226b2c0000 rw-p 00000000 [anon:ArkTS Heapshared old space]
226b2c0000-226b380000 ---p 00000000 [anon:ArkTS Heap]
226b380000-226b3c0000 rw-p 00000000 [anon:ArkTS Heapsemi space]
226b3c0000-226b400000 rw-p 00000000 [anon:ArkTS Heapshared old space]
226b400000-226b440000 rw-p 00000000 [anon:ArkTS Heapsemi space]
226b440000-226b480000 ---p 00000000 [anon:ArkTS Heap]
226b480000-226b4c0000 rw-p 00000000 [anon:ArkTS Heapsemi space]
226b4c0000-226b500000 rw-p 00000000 [anon:ArkTS Heapshared old space]
226b500000-226b540000 rw-p 00000000 [anon:ArkTS Heapsemi space]
226b540000-226b580000 rw-p 00000000 [anon:ArkTS Heapshared old space]
226b580000-226b600000 ---p 00000000 [anon:ArkTS Heap]
226b600000-226b640000 rw-p 00000000 [anon:ArkTS Heap]
226b640000-226b700000 ---p 00000000 [anon:ArkTS Heap]
226b700000-226b740000 rw-p 00000000 [anon:ArkTS Heapsemi space]
226b740000-226b780000 ---p 00000000 [anon:ArkTS Heap]
226b780000-226b7c0000 rw-p 00000000 [anon:ArkTS Heapshared old space]
226b7c0000-226b880000 ---p 00000000 [anon:ArkTS Heap]
226b880000-226b8c0000 rw-p 00000000 [anon:ArkTS Heapshared old space]
226b8c0000-226b980000 ---p 00000000 [anon:ArkTS Heap]
226b980000-226b9c0000 rw-p 00000000 [anon:ArkTS Heapshared old space]
226b9c0000-226ba00000 rw-p 00000000 [anon:ArkTS Heapshared old space]
226ba00000-226ba40000 ---p 00000000 [anon:ArkTS Heap]
226ba40000-226ba80000 rw-p 00000000 [anon:ArkTS Heapshared old space]
226ba80000-226bac0000 rw-p 00000000 [anon:ArkTS Heap]
226bac0000-226bb00000 ---p 00000000 [anon:ArkTS Heap]
226bb00000-226bb40000 rw-p 00000000 [anon:ArkTS Heapshared old space]
226bb40000-226bbc0000 ---p 00000000 [anon:ArkTS Heap]
226bbc0000-226bc00000 rw-p 00000000 [anon:ArkTS Heapshared old space]
226bc00000-226bc40000 ---p 00000000 [anon:ArkTS Heap]
226bc40000-226bc80000 rw-p 00000000 [anon:ArkTS Heapshared old space]
226bc80000-226bcc0000 rw-p 00000000 [anon:ArkTS Heapshared old space]
226bcc0000-226bd00000 rw-p 00000000 [anon:ArkTS Heapshared old space]
226bd00000-226bd40000 ---p 00000000 [anon:ArkTS Heap]
226bd40000-226bd80000 rw-p 00000000 [anon:ArkTS Heapshared old space]
226bd80000-226bec0000 ---p 00000000 [anon:ArkTS Heap]
226bec0000-226bf00000 rw-p 00000000 [anon:ArkTS Heapsemi space]
226bf00000-226bf80000 ---p 00000000 [anon:ArkTS Heap]
226bf80000-226bfc0000 rw-p 00000000 [anon:ArkTS Heapsemi space]
226bfc0000-226c000000 rw-p 00000000 [anon:ArkTS Heapshared old space]
226c000000-226c040000 rw-p 00000000 [anon:ArkTS Heapshared old space]
226c040000-226c080000 ---p 00000000 [anon:ArkTS Heap]
226c080000-226c0c0000 rw-p 00000000 [anon:ArkTS Heapshared old space]
226c0c0000-226c140000 ---p 00000000 [anon:ArkTS Heap]
226c140000-226c180000 rw-p 00000000 [anon:ArkTS Heapshared old space]
226c180000-226c200000 ---p 00000000 [anon:ArkTS Heap]
226c200000-226c240000 rw-p 00000000 [anon:ArkTS Heapshared old space]
226c240000-226c280000 ---p 00000000 [anon:ArkTS Heap]
226c280000-226c2c0000 rw-p 00000000 [anon:ArkTS Heap]
226c2c0000-226c300000 rw-p 00000000 [anon:ArkTS Heapsemi space]
226c300000-226c340000 rw-p 00000000 [anon:ArkTS Heapshared old space]
226c340000-226c380000 rw-p 00000000 [anon:ArkTS Heapsemi space]
226c380000-226c3c0000 rw-p 00000000 [anon:ArkTS Heapshared old space]
226c3c0000-226c440000 rw-p 00000000 [anon:ArkTS Heapsemi space]
226c440000-226c480000 rw-p 00000000 [anon:ArkTS Heapshared old space]
226c480000-226c6c0000 rw-p 00000000 [anon:ArkTS Heapsemi space]
226c6c0000-226d040000 rw-p 00000000 [anon:ArkTS Heap]
226d040000-226d080000 rw-p 00000000 [anon:ArkTS Heapsemi space]
226d080000-226d0c0000 rw-p 00000000 [anon:ArkTS Heap]
226d0c0000-226d100000 rw-p 00000000 [anon:ArkTS Heapsemi space]
226d100000-226d200000 rw-p 00000000 [anon:ArkTS Heap]
226d200000-226d240000 rw-p 00000000 [anon:ArkTS Heapsemi space]
226d240000-226d2c0000 rw-p 00000000 [anon:ArkTS Heap]
226d2c0000-226d300000 rw-p 00000000 [anon:ArkTS Heapsemi space]
226d300000-226d380000 rw-p 00000000 [anon:ArkTS Heap]
226d380000-226d400000 ---p 00000000 [anon:ArkTS Heap]
226d400000-226d440000 rw-p 00000000 [anon:ArkTS Heapshared old space]
226d440000-226d4c0000 rw-p 00000000 [anon:ArkTS Heapsemi space]
226d4c0000-226d600000 rw-p 00000000 [anon:ArkTS Heap]
226d600000-226d640000 rw-p 00000000 [anon:ArkTS Heap]
226d640000-226d6c0000 rw-p 00000000 [anon:ArkTS Heap]
226d6c0000-226d800000 ---p 00000000 [anon:ArkTS Heap]
226d800000-226d840000 rw-p 00000000 [anon:ArkTS Heapshared old space]
226d840000-226d8c0000 ---p 00000000 [anon:ArkTS Heap]
226d8c0000-226d900000 rw-p 00000000 [anon:ArkTS Heapshared old space]
226d900000-226d940000 ---p 00000000 [anon:ArkTS Heap]
226d940000-226d980000 rw-p 00000000 [anon:ArkTS Heap]
226d980000-226d9c0000 rw-p 00000000 [anon:ArkTS Heap]
226d9c0000-226da00000 rw-p 00000000 [anon:ArkTS Heapshared old space]
226da00000-226dac0000 ---p 00000000 [anon:ArkTS Heap]
226dac0000-226db00000 rw-p 00000000 [anon:ArkTS Heapshared old space]
226db00000-226db40000 ---p 00000000 [anon:ArkTS Heap]
226db40000-226db80000 rw-p 00000000 [anon:ArkTS Heapsemi space]
226db80000-226dbc0000 rw-p 00000000 [anon:ArkTS Heapsemi space]
226dbc0000-226dc00000 rw-p 00000000 [anon:ArkTS Heapsemi space]
226dc00000-226dc40000 rw-p 00000000 [anon:ArkTS Heapshared old space]
226dc40000-226dc80000 rw-p 00000000 [anon:ArkTS Heapsemi space]
226dc80000-226dcc0000 ---p 00000000 [anon:ArkTS Heap]
226dcc0000-226dd40000 rw-p 00000000 [anon:ArkTS Heapsemi space]
226dd40000-226dd80000 ---p 00000000 [anon:ArkTS Heap]
226dd80000-226ddc0000 rw-p 00000000 [anon:ArkTS Heapsemi space]
226ddc0000-226de00000 rw-p 00000000 [anon:ArkTS Heapsemi space]
226de00000-226de40000 ---p 00000000 [anon:ArkTS Heap]
226de40000-226de80000 rw-p 00000000 [anon:ArkTS Heapshared old space]
226de80000-226dec0000 ---p 00000000 [anon:ArkTS Heap]
226dec0000-226dfc0000 rw-p 00000000 [anon:ArkTS Heap]
226dfc0000-226e000000 rw-p 00000000 [anon:ArkTS Heapsemi space]
226e000000-226e040000 rw-p 00000000 [anon:ArkTS Heap]
226e040000-226e0c0000 rw-p 00000000 [anon:ArkTS Heapsemi space]
226e0c0000-226e100000 rw-p 00000000 [anon:ArkTS Heapsemi space]
226e100000-226e140000 ---p 00000000 [anon:ArkTS Heap]
226e140000-226e180000 rw-p 00000000 [anon:ArkTS Heapshared old space]
226e180000-226e1c0000 rw-p 00000000 [anon:ArkTS Heapshared old space]
226e1c0000-226e200000 ---p 00000000 [anon:ArkTS Heap]
226e200000-226e240000 rw-p 00000000 [anon:ArkTS Heapsemi space]
226e240000-226e280000 ---p 00000000 [anon:ArkTS Heap]
226e280000-226e2c0000 rw-p 00000000 [anon:ArkTS Heapshared old space]
226e2c0000-226e300000 rw-p 00000000 [anon:ArkTS Heapsemi space]
226e300000-226e340000 rw-p 00000000 [anon:ArkTS Heap]
226e340000-226e380000 ---p 00000000 [anon:ArkTS Heap]
226e380000-226e3c0000 rw-p 00000000 [anon:ArkTS Heapsemi space]
226e3c0000-226e400000 rw-p 00000000 [anon:ArkTS Heapshared old space]
226e400000-226e440000 rw-p 00000000 [anon:ArkTS Heapsemi space]
226e440000-226e480000 rw-p 00000000 [anon:ArkTS Heapsemi space]
226e480000-226e4c0000 rw-p 00000000 [anon:ArkTS Heap]
226e4c0000-226e500000 rw-p 00000000 [anon:ArkTS Heapsemi space]
226e500000-226e540000 rw-p 00000000 [anon:ArkTS Heapsemi space]
226e540000-226e580000 rw-p 00000000 [anon:ArkTS Heapshared old space]
226e580000-226e5c0000 rw-p 00000000 [anon:ArkTS Heapsemi space]
226e5c0000-226e600000 rw-p 00000000 [anon:ArkTS Heapsemi space]
226e600000-226e640000 rw-p 00000000 [anon:ArkTS Heapshared old space]
226e640000-226e680000 rw-p 00000000 [anon:ArkTS Heapsemi space]
226e680000-226e6c0000 rw-p 00000000 [anon:ArkTS Heap]
226e6c0000-226e700000 rw-p 00000000 [anon:ArkTS Heapsemi space]
226e700000-226e740000 rw-p 00000000 [anon:ArkTS Heapshared old space]
226e740000-226e780000 rw-p 00000000 [anon:ArkTS Heapsemi space]
226e780000-226e7c0000 rw-p 00000000 [anon:ArkTS Heapsemi space]
226e7c0000-226e800000 ---p 00000000 [anon:ArkTS Heap]
226e800000-226e840000 rw-p 00000000 [anon:ArkTS Heapshared old space]
226e840000-226e880000 rw-p 00000000 [anon:ArkTS Heapsemi space]
226e880000-226e8c0000 rw-p 00000000 [anon:ArkTS Heap]
226e8c0000-226e900000 rw-p 00000000 [anon:ArkTS Heapsemi space]
226e900000-226e940000 rw-p 00000000 [anon:ArkTS Heapsemi space]
226e940000-226e980000 rw-p 00000000 [anon:ArkTS Heapsemi space]
226e980000-226e9c0000 rw-p 00000000 [anon:ArkTS Heapshared old space]
226e9c0000-226ea00000 rw-p 00000000 [anon:ArkTS Heapsemi space]
226ea00000-226ea40000 ---p 00000000 [anon:ArkTS Heap]
226ea40000-226ea80000 rw-p 00000000 [anon:ArkTS Heapsemi space]
226ea80000-226eac0000 rw-p 00000000 [anon:ArkTS Heapsemi space]
226eac0000-226eb00000 rw-p 00000000 [anon:ArkTS Heapshared old space]
226eb00000-226eb40000 rw-p 00000000 [anon:ArkTS Heapshared old space]
226eb40000-226eb80000 rw-p 00000000 [anon:ArkTS Heap]
226eb80000-226ec40000 ---p 00000000 [anon:ArkTS Heap]
226ec40000-226ec80000 rw-p 00000000 [anon:ArkTS Heap]
226ec80000-226ecc0000 rw-p 00000000 [anon:ArkTS Heap]
226ecc0000-226ed00000 rw-p 00000000 [anon:ArkTS Heap]
226ed00000-226ed40000 rw-p 00000000 [anon:ArkTS Heap]
226ed40000-226ed80000 rw-p 00000000 [anon:ArkTS Heap]
226ed80000-226ee00000 rw-p 00000000 [anon:ArkTS Heap]
226ee00000-226ee80000 ---p 00000000 [anon:ArkTS Heap]
226ee80000-226eec0000 rw-p 00000000 [anon:ArkTS Heapshared old space]
226eec0000-226ef00000 rw-p 00000000 [anon:ArkTS Heapappspawn space]
226ef00000-226ef40000 rw-p 00000000 [anon:ArkTS Heapappspawn space]
226ef40000-226ef80000 rw-p 00000000 [anon:ArkTS Heapappspawn space]
226ef80000-226efc0000 rw-p 00000000 [anon:ArkTS Heapappspawn space]
226efc0000-226f000000 rw-p 00000000 [anon:ArkTS Heapappspawn space]
226f000000-226f040000 rw-p 00000000 [anon:ArkTS Heapappspawn space]
226f040000-226f080000 rw-p 00000000 [anon:ArkTS Heapappspawn space]
226f080000-226f0c0000 rw-p 00000000 [anon:ArkTS Heapappspawn space]
226f0c0000-226f100000 rw-p 00000000 [anon:ArkTS Heapappspawn space]
226f100000-226f140000 rw-p 00000000 [anon:ArkTS Heapappspawn space]
226f140000-226f180000 rw-p 00000000 [anon:ArkTS Heapappspawn space]
226f180000-226f1c0000 rw-p 00000000 [anon:ArkTS Heapappspawn space]
226f1c0000-226f200000 rw-p 00000000 [anon:ArkTS Heapappspawn space]
226f200000-226f240000 rw-p 00000000 [anon:ArkTS Heapappspawn space]
226f240000-226f280000 rw-p 00000000 [anon:ArkTS Heapappspawn space]
226f280000-226f2c0000 rw-p 00000000 [anon:ArkTS Heapappspawn space]
226f2c0000-226f300000 rw-p 00000000 [anon:ArkTS Heapappspawn space]
226f300000-226f340000 rw-p 00000000 [anon:ArkTS Heapappspawn space]
226f340000-226f380000 rw-p 00000000 [anon:ArkTS Heapappspawn space]
226f380000-226f3c0000 rw-p 00000000 [anon:ArkTS Heapappspawn space]
226f3c0000-226f400000 rw-p 00000000 [anon:ArkTS Heapappspawn space]
226f400000-226f440000 rw-p 00000000 [anon:ArkTS Heapappspawn space]
226f440000-226f480000 rw-p 00000000 [anon:ArkTS Heapappspawn space]
226f480000-226f4c0000 rw-p 00000000 [anon:ArkTS Heapsemi space]
226f4c0000-226f500000 rw-p 00000000 [anon:ArkTS Heapshared old space]
226f500000-226f540000 rw-p 00000000 [anon:ArkTS Heapsemi space]
226f540000-226f580000 rw-p 00000000 [anon:ArkTS Heapsemi space]
226f580000-226f5c0000 rw-p 00000000 [anon:ArkTS Heapsemi space]
226f5c0000-226f600000 rw-p 00000000 [anon:ArkTS Heapshared old space]
226f600000-226f640000 rw-p 00000000 [anon:ArkTS Heapsemi space]
226f640000-226f680000 ---p 00000000 [anon:ArkTS Heap]
226f680000-226f6c0000 ---p 00000000 [anon:ArkTS Heap]
226f6c0000-226f700000 rw-p 00000000 [anon:ArkTS Heap]
226f700000-226f740000 ---p 00000000 [anon:ArkTS Heap]
226f740000-226f780000 rw-p 00000000 [anon:ArkTS Heapshared appspawn space]
226f780000-226f7c0000 rw-p 00000000 [anon:ArkTS Heapsemi space]
226f7c0000-226f800000 rw-p 00000000 [anon:ArkTS Heapsemi space]
226f800000-226f840000 rw-p 00000000 [anon:ArkTS Heapsemi space]
226f840000-226f880000 rw-p 00000000 [anon:ArkTS Heapshared old space]
226f880000-226f8c0000 rw-p 00000000 [anon:ArkTS Heapshared appspawn space]
226f8c0000-226f900000 rw-p 00000000 [anon:ArkTS Heap]
226f900000-226f940000 rw-p 00000000 [anon:ArkTS Heapsemi space]
226f940000-226f980000 rw-p 00000000 [anon:ArkTS Heapsemi space]
226f980000-226f9c0000 rw-p 00000000 [anon:ArkTS Heapsemi space]
226f9c0000-226fa00000 rw-p 00000000 [anon:ArkTS Heapshared appspawn space]
226fa00000-226fa40000 rw-p 00000000 [anon:ArkTS Heapsemi space]
226fa40000-226fa80000 rw-p 00000000 [anon:ArkTS Heapsemi space]
226fa80000-226fac0000 rw-p 00000000 [anon:ArkTS Heapshared appspawn space]
226fac0000-226fb00000 rw-p 00000000 [anon:ArkTS Heapshared old space]
226fb00000-226fb40000 rw-p 00000000 [anon:ArkTS Heapsemi space]
226fb40000-226fb80000 ---p 00000000 [anon:ArkTS Heap]
226fb80000-226fbc0000 rw-p 00000000 [anon:ArkTS Heapshared old space]
226fbc0000-226fc00000 rw-p 00000000 [anon:ArkTS Heapsemi space]
226fc00000-226fc40000 rw-p 00000000 [anon:ArkTS Heap]
226fc40000-226fc80000 rw-p 00000000 [anon:ArkTS Heap]
226fc80000-226fcc0000 rw-p 00000000 [anon:ArkTS Heapshared old space]
226fcc0000-226fd00000 rw-p 00000000 [anon:ArkTS Heapsemi space]
226fd00000-226fd40000 rw-p 00000000 [anon:ArkTS Heapshared appspawn space]
226fd40000-226fd80000 rw-p 00000000 [anon:ArkTS Heapshared appspawn space]
226fd80000-226fdc0000 rw-p 00000000 [anon:ArkTS Heapsemi space]
226fdc0000-226fe00000 rw-p 00000000 [anon:ArkTS Heapshared appspawn space]
226fe00000-226fe40000 rw-p 00000000 [anon:ArkTS Heapsemi space]
226fe40000-226fe80000 rw-p 00000000 [anon:ArkTS Heapshared appspawn space]
226fe80000-226fec0000 rw-p 00000000 [anon:ArkTS Heapsemi space]
226fec0000-226ff00000 rw-p 00000000 [anon:ArkTS Heapsemi space]
226ff00000-226ff40000 rw-p 00000000 [anon:ArkTS Heapshared appspawn space]
226ff40000-226ff80000 rw-p 00000000 [anon:ArkTS Heapsemi space]
226ff80000-226ffc0000 rw-p 00000000 [anon:ArkTS Heapshared appspawn space]
226ffc0000-2270000000 rw-p 00000000 [anon:ArkTS Heapsemi space]
2270000000-2270414000 rw-p 00000000 
2270414000-2270415000 ---p 00000000 
2270415000-2270814000 rw-p 00000000 
2270814000-2270815000 ---p 00000000 
2270815000-2270c00000 rw-p 00000000 
2270c00000-2331000000 ---p 00000000 
2331000000-2331414000 rw-p 00000000 
2331414000-2331415000 ---p 00000000 
2331415000-2331814000 rw-p 00000000 
2331814000-2331815000 ---p 00000000 
2331815000-2331c14000 rw-p 00000000 
2331c14000-2331c15000 ---p 00000000 
2331c15000-2332014000 rw-p 00000000 
2332014000-2332015000 ---p 00000000 
2332015000-2332414000 rw-p 00000000 
2332414000-2332415000 ---p 00000000 
2332415000-2332814000 rw-p 00000000 
2332814000-2332815000 ---p 00000000 
2332815000-2332c00000 rw-p 00000000 
2332c00000-23f2000000 ---p 00000000 
23fbc00000-23fc014000 rw-p 00000000 
23fc014000-23fc015000 ---p 00000000 
23fc015000-23fc414000 rw-p 00000000 
23fc414000-23fc415000 ---p 00000000 
23fc415000-23fc800000 rw-p 00000000 
23fc800000-24bcc00000 ---p 00000000 
24f7c00000-24f8014000 rw-p 00000000 
24f8014000-24f8015000 ---p 00000000 
24f8015000-24f8414000 rw-p 00000000 
24f8414000-24f8415000 ---p 00000000 
24f8415000-24f8800000 rw-p 00000000 
24f8800000-25b8c00000 ---p 00000000 
25e2800000-25e2c14000 rw-p 00000000 
25e2c14000-25e2c15000 ---p 00000000 
25e2c15000-25e3014000 rw-p 00000000 
25e3014000-25e3015000 ---p 00000000 
25e3015000-25e3400000 rw-p 00000000 
25e3400000-26a3800000 ---p 00000000 
26a3800000-26a3c14000 rw-p 00000000 
26a3c14000-26a3c15000 ---p 00000000 
26a3c15000-26a4014000 rw-p 00000000 
26a4014000-26a4015000 ---p 00000000 
26a4015000-26a4400000 rw-p 00000000 
26a4400000-2764800000 ---p 00000000 
30e2400000-30e2814000 rw-p 00000000 
30e2814000-30e2815000 ---p 00000000 
30e2815000-30e2c14000 rw-p 00000000 
30e2c14000-30e2c15000 ---p 00000000 
30e2c15000-30e3014000 rw-p 00000000 
30e3014000-30e3015000 ---p 00000000 
30e3015000-30e3400000 rw-p 00000000 
30e3400000-31a3400000 ---p 00000000 
3265c00000-3266014000 rw-p 00000000 
3266014000-3266015000 ---p 00000000 
3266015000-3266414000 rw-p 00000000 
3266414000-3266415000 ---p 00000000 
3266415000-3266800000 rw-p 00000000 
3266800000-3326c00000 ---p 00000000 
3326c00000-3327014000 rw-p 00000000 
3327014000-3327015000 ---p 00000000 
3327015000-3327414000 rw-p 00000000 
3327414000-3327415000 ---p 00000000 
3327415000-3327800000 rw-p 00000000 
3327800000-33e7c00000 ---p 00000000 
3800000000-3800001000 ---p 00000000 [anon:partition_alloc]
3800001000-3800002000 rw-p 00000000 [anon:partition_alloc]
3800002000-3800004000 ---p 00000000 [anon:partition_alloc]
3800004000-3800094000 rw-p 00000000 [anon:partition_alloc]
3800094000-3800168000 rw-p 00000000 [anon:partition_alloc]
3800168000-3800201000 ---p 00000000 [anon:partition_alloc]
3800201000-3800202000 rw-p 00000000 [anon:partition_alloc]
3800202000-3800204000 ---p 00000000 [anon:partition_alloc]
3800204000-3800254000 rw-p 00000000 [anon:partition_alloc]
3800254000-3c00001000 ---p 00000000 [anon:partition_alloc]
3c00001000-3c00003000 rw-p 00000000 [anon:partition_alloc]
3c00003000-3c00004000 ---p 00000000 [anon:partition_alloc]
3c00004000-3c001fc000 rw-p 00000000 [anon:partition_alloc]
3c001fc000-3c00201000 ---p 00000000 [anon:partition_alloc]
3c00201000-3c00203000 rw-p 00000000 [anon:partition_alloc]
3c00203000-3c00204000 ---p 00000000 [anon:partition_alloc]
3c00204000-3c003f4000 rw-p 00000000 [anon:partition_alloc]
3c003f4000-3c00401000 ---p 00000000 [anon:partition_alloc]
3c00401000-3c00403000 rw-p 00000000 [anon:partition_alloc]
3c00403000-3c00404000 ---p 00000000 [anon:partition_alloc]
3c00404000-3c005f8000 rw-p 00000000 [anon:partition_alloc]
3c005f8000-3c00601000 ---p 00000000 [anon:partition_alloc]
3c00601000-3c00603000 rw-p 00000000 [anon:partition_alloc]
3c00603000-3c00604000 ---p 00000000 [anon:partition_alloc]
3c00604000-3c007f8000 rw-p 00000000 [anon:partition_alloc]
3c007f8000-3c00801000 ---p 00000000 [anon:partition_alloc]
3c00801000-3c00803000 rw-p 00000000 [anon:partition_alloc]
3c00803000-3c00804000 ---p 00000000 [anon:partition_alloc]
3c00804000-3c009fc000 rw-p 00000000 [anon:partition_alloc]
3c009fc000-3c00a00000 ---p 00000000 [anon:partition_alloc]
3c00a00000-3c00a01000 ---p 00000000 [anon:partition_alloc]
3c00a01000-3c00a03000 rw-p 00000000 [anon:partition_alloc]
3c00a03000-3c00a04000 ---p 00000000 [anon:partition_alloc]
3c00a04000-3c00b70000 rw-p 00000000 [anon:partition_alloc]
3c00b70000-3c00e00000 ---p 00000000 [anon:partition_alloc]
3c00e00000-4000000000 ---p 00000000 [anon:partition_alloc]
55a9338000-55a9343000 r--p 00000000 /system/bin/appspawn
55a9343000-55a9355000 r-xp 0000a000 /system/bin/appspawn
55a9355000-55a9356000 r--p 0001b000 /system/bin/appspawn
55a9356000-55a9357000 rw-p 0001b000 /system/bin/appspawn
576061c000-576061d000 ---p 00000000 
576061d000-5760626000 rw-p 00000000 [anon:native_heap:meta]
5a95804000-5a9589e000 r--p 00000000 /system/lib/ld-musl-aarch64.so.1
5a9589e000-5a95a0a000 r-xp 00099000 /system/lib/ld-musl-aarch64.so.1
5a95a0a000-5a95a12000 r--p 00204000 /system/lib/ld-musl-aarch64.so.1
5a95a12000-5a95a17000 rw-p 0020b000 /system/lib/ld-musl-aarch64.so.1
5a95a17000-5a95d03000 rw-p 00000000 [anon:ld-musl-aarch64.so.1.bss]
5a95d03000-5a95d04000 rw-p 00000000 
5a95d04000-5a95d05000 r--p 00000000 [kshare]
5a95d05000-5a95d08000 r-xs 00000000 [shmm]
5a95d08000-5a95d09000 rw-p 00000000 [anon:native_heap:brk]
5a95d09000-5a95d1d000 r--s 00000000 /dev/__parameters__/param_selinux
5a95d1d000-5a95d1e000 r--s 00000000 /dev/__parameters__/u:object_r:musl_param:s0
5a95d1e000-5a95d1f000 r--s 00000000 /dev/__parameters__/u:object_r:i18n_param_tz_override:s0
5a95d1f000-5a95d20000 r--s 00000000 /dev/__parameters__/u:object_r:time_param:s0
5a95d20000-5a95d21000 r--s 00000000 /dev/__parameters__/u:object_r:hitrace_param:s0
5a95d21000-5a95d23000 rw-p 00000000 [anon:native_heap:brk]
5a95d23000-5a95d24000 r--s 00000000 /dev/__parameters__/u:object_r:versiontype_param:s0
5a95d24000-5a95d25000 r--s 00000000 /dev/__parameters__/u:object_r:hook_param:s0
5a95d25000-5a95d2f000 r--s 00000000 /dev/__parameters__/u:object_r:hilog_param:s0
5a95d2f000-5a95d39000 rw-p 00000000 [anon:native_heap:brk]
5a95d39000-5a95d3a000 r--s 00000000 /dev/__parameters__/u:object_r:hilog_private_param:s0
5a95d3a000-5a95d80000 r--s 00000000 /system/etc/zoneinfo/tzdata
5a95d80000-5a95d82000 ---p 00000000 
5a95d82000-5a95d89000 rw-p 00000000 [anon:signal_stack:601]
5a95d89000-5a95d8a000 rw-p 00000000 [anon:native_heap:brk]
5a95d8a000-5a95d9a000 rw-p 00000000 [anon:native_heap:brk]
5a95d9a000-5a95d9b000 rw-p 00000000 [anon:native_heap:brk]
5a95d9b000-5a95d9c000 rw-p 00000000 [anon:native_heap:brk]
5a95d9c000-5a95d9d000 r--s 00000000 /dev/__parameters__/u:object_r:const_i18n_param:s0
5a95d9d000-5a95d9e000 r--s 00000000 /dev/__parameters__/u:object_r:debug_param:s0
5a95d9e000-5a95d9f000 r--s 00000000 /dev/__parameters__/u:object_r:arkcompiler_param:s0
5a95d9f000-5a95da4000 rw-p 00000000 [anon:native_heap:brk]
5a95da4000-5a95da5000 r--s 00000000 /dev/__parameters__/u:object_r:devinfo_type_param:s0
5a95da5000-5a95da6000 r--s 00000000 /dev/__parameters__/u:object_r:arkui_param:s0
5a95da6000-5a95da7000 r--s 00000000 /dev/__parameters__/u:object_r:ark_writeable_param:s0
5a95da7000-5a95daa000 rw-p 00000000 [anon:native_heap:brk]
5a95daa000-5a95dc6000 rw-p 00000000 [anon:native_heap:brk]
5a95dc6000-5a95dcf000 rw-p 00000000 [anon:native_heap:brk]
5a95dcf000-5a95ddf000 rw-p 00000000 [anon:native_heap:brk]
5a95ddf000-5a95de0000 rw-p 00000000 [anon:native_heap:brk]
5a95de0000-5a95de1000 r--s 00000000 /dev/__parameters__/u:object_r:hichecker_writable_param:s0
5a95de1000-5a95de5000 rw-p 00000000 [anon:native_heap:brk]
5a95de5000-5a95dee000 rw-p 00000000 [anon:native_heap:brk]
5a95dee000-5a95def000 r--s 00000000 /dev/__parameters__/u:object_r:web_private_param:s0
5a95def000-5a95dfd000 rw-p 00000000 [anon:native_heap:brk]
5a95dfd000-5a95dfe000 rw-p 00000000 [anon:ArkTS Code:/system/etc/abc/global/resmgr.abc]
5a95dfe000-5a95e00000 rw-p 00000000 [anon:native_heap:brk]
5a95e00000-5a95e01000 ---p 00000000 [anon:native_heap:jemalloc meta]
5a95e01000-5a96000000 rw-p 00000000 [anon:native_heap:jemalloc meta]
5a96000000-5a96001000 ---p 00000000 [anon:native_heap:jemalloc meta]
5a96001000-5a96201000 rw-p 00000000 [anon:native_heap:jemalloc]
5a96201000-5a96215000 rw-p 00000000 [anon:native_heap:brk]
5a96215000-5a96217000 rw-p 00000000 [anon:native_heap:brk]
5a96217000-5a96218000 rw-p 00000000 [anon:ArkTS Code:391648839847]
5a96218000-5a96219000 rw-p 00000000 [anon:native_heap:brk]
5a96219000-5a96239000 r--s 00000000 /dev/__parameters__/u:object_r:develop_private_param:s0
5a96239000-5a96240000 rw-p 00000000 [anon:native_heap:brk]
5a96240000-5a96252000 r--p 00000000 /system/lib64/libhilog_inner.so
5a96252000-5a96280000 r-xp 00011000 /system/lib64/libhilog_inner.so
5a96280000-5a96283000 r--p 0003e000 /system/lib64/libhilog_inner.so
5a96283000-5a96284000 rw-p 00040000 /system/lib64/libhilog_inner.so
5a96284000-5a96286000 rw-p 00000000 [anon:libhilog_inner.so.bss]
5a96286000-5a9629d000 rw-p 00000000 [anon:native_heap:brk]
5a9629d000-5a962c0000 rw-p 00000000 [anon:native_heap:brk]
5a962c0000-5a962c7000 r--p 00000000 /system/lib64/chipset-sdk-sp/libdfx_dumpcatcher.z.so
5a962c7000-5a962d8000 r-xp 00006000 /system/lib64/chipset-sdk-sp/libdfx_dumpcatcher.z.so
5a962d8000-5a962da000 r--p 00016000 /system/lib64/chipset-sdk-sp/libdfx_dumpcatcher.z.so
5a962da000-5a962db000 rw-p 00017000 /system/lib64/chipset-sdk-sp/libdfx_dumpcatcher.z.so
5a962db000-5a96300000 rw-p 00000000 [anon:native_heap:brk]
5a96300000-5a96306000 r--p 00000000 /system/lib64/chipset-sdk-sp/libhisysevent.z.so
5a96306000-5a96317000 r-xp 00005000 /system/lib64/chipset-sdk-sp/libhisysevent.z.so
5a96317000-5a96319000 r--p 00015000 /system/lib64/chipset-sdk-sp/libhisysevent.z.so
5a96319000-5a9631b000 rw-p 00016000 /system/lib64/chipset-sdk-sp/libhisysevent.z.so
5a9631b000-5a9632b000 rw-p 00000000 [anon:native_heap:brk]
5a9632b000-5a9632d000 rw-p 00000000 [anon:ArkTS Code:391648840787]
5a9632d000-5a9633d000 rw-p 00000000 [anon:native_heap:brk]
5a9633d000-5a96340000 rw-p 00000000 [anon:ArkTS Code:/system/etc/abc/arkui/components/arkrating.abc]
5a96340000-5a96347000 r--p 00000000 /system/lib64/chipset-sdk-sp/libbacktrace_local.so
5a96347000-5a9635a000 r-xp 00006000 /system/lib64/chipset-sdk-sp/libbacktrace_local.so
5a9635a000-5a9635c000 r--p 00018000 /system/lib64/chipset-sdk-sp/libbacktrace_local.so
5a9635c000-5a9635d000 rw-p 00019000 /system/lib64/chipset-sdk-sp/libbacktrace_local.so
5a9635d000-5a9635e000 rw-p 00000000 [anon:libbacktrace_local.so.bss]
5a9635e000-5a96370000 rw-p 00000000 [anon:native_heap:brk]
5a96370000-5a96371000 rw-p 00000000 [anon:ArkTS Code:/system/lib64/module/app/ability/libabilitystage.z.so_15392_1]
5a96371000-5a96380000 rw-p 00000000 [anon:native_heap:brk]
5a96380000-5a96383000 r--p 00000000 /system/lib64/chipset-sdk-sp/libsec_shared.z.so
5a96383000-5a96390000 r-xp 00002000 /system/lib64/chipset-sdk-sp/libsec_shared.z.so
5a96390000-5a96391000 r--p 0000e000 /system/lib64/chipset-sdk-sp/libsec_shared.z.so
5a96391000-5a96392000 rw-p 0000e000 /system/lib64/chipset-sdk-sp/libsec_shared.z.so
5a96392000-5a963e3000 rw-p 00000000 [anon:native_heap:brk]
5a963e3000-5a963ff000 rw-p 00000000 [anon:native_heap:brk]
5a963ff000-5a96400000 r--p 00000000 /system/framework/base_sdk.abc
5a96400000-5a96401000 ---p 00000000 [anon:native_heap:jemalloc meta]
5a96401000-5a96800000 rw-p 00000000 [anon:native_heap:jemalloc meta]
5a96800000-5a96801000 ---p 00000000 [anon:native_heap:jemalloc meta]
5a96801000-5a96a01000 r--s 00000000 /dev/__parameters__/param_sec_dac
5a96a01000-5a96c01000 r--s 00000000 /dev/__parameters__/u:object_r:devinfo_public_param:s0
5a96c01000-5a96c09000 rw-p 00000000 [anon:native_heap:brk]
5a96c09000-5a96c0c000 rw-p 00000000 [anon:ArkTS Code:/system/etc/abc/arkui/components/arkgauge.abc]
5a96c0c000-5a96c3d000 rw-p 00000000 [anon:native_heap:brk]
5a96c3d000-5a96c3f000 rw-p 00000000 [anon:ArkTS Code:/system/etc/abc/arkui/components/arkcolumnsplit.abc]
5a96c3f000-5a96c40000 r--p 00000000 /system/framework/resource.abc
5a96c40000-5a96c50000 r--p 00000000 /system/lib64/chipset-sdk-sp/libunwinder.z.so
5a96c50000-5a96c7f000 r-xp 0000f000 /system/lib64/chipset-sdk-sp/libunwinder.z.so
5a96c7f000-5a96c81000 r--p 0003d000 /system/lib64/chipset-sdk-sp/libunwinder.z.so
5a96c81000-5a96c82000 rw-p 0003e000 /system/lib64/chipset-sdk-sp/libunwinder.z.so
5a96c82000-5a96c84000 rw-p 00000000 [anon:libunwinder.z.so.bss]
5a96c84000-5a96cc0000 rw-p 00000000 [anon:native_heap:brk]
5a96cc0000-5a96cc5000 r--p 00000000 /system/lib64/platformsdk/libdfx_signalhandler.z.so
5a96cc5000-5a96cd2000 r-xp 00004000 /system/lib64/platformsdk/libdfx_signalhandler.z.so
5a96cd2000-5a96cd3000 r--p 00010000 /system/lib64/platformsdk/libdfx_signalhandler.z.so
5a96cd3000-5a96cd5000 rw-p 00010000 /system/lib64/platformsdk/libdfx_signalhandler.z.so
5a96cd5000-5a96cd9000 rw-p 00000000 [anon:libdfx_signalhandler.z.so.bss]
5a96cd9000-5a96cfd000 rw-p 00000000 [anon:native_heap:brk]
5a96cfd000-5a96cff000 rw-p 00000000 [anon:ArkTS Code:/system/etc/abc/arkui/components/arkrowsplit.abc]
5a96cff000-5a96d00000 r--p 00000000 /system/framework/@hms.hds.hdsPhysics2d.abc
5a96d00000-5a96d18000 r--p 00000000 /system/lib64/chipset-sdk-sp/libutils.z.so
5a96d18000-5a96d3b000 r-xp 00017000 /system/lib64/chipset-sdk-sp/libutils.z.so
5a96d3b000-5a96d3d000 r--p 00039000 /system/lib64/chipset-sdk-sp/libutils.z.so
5a96d3d000-5a96d3e000 rw-p 0003a000 /system/lib64/chipset-sdk-sp/libutils.z.so
5a96d3e000-5a96d40000 rw-p 00000000 [anon:native_heap:brk]
5a96d40000-5a96d68000 r--p 00000000 /system/lib64/ndk/libffrt.so
5a96d68000-5a96e0a000 r-xp 00027000 /system/lib64/ndk/libffrt.so
5a96e0a000-5a96e0f000 r--p 000c8000 /system/lib64/ndk/libffrt.so
5a96e0f000-5a96e10000 rw-p 000cc000 /system/lib64/ndk/libffrt.so
5a96e10000-5a96e1b000 rw-p 00000000 [anon:libffrt.so.bss]
5a96e1b000-5a96e3f000 rw-p 00000000 [anon:native_heap:brk]
5a96e3f000-5a96e40000 r--p 00000000 /system/framework/@hms.hds.symbolRegister.abc
5a96e40000-5a96e43000 r--p 00000000 /system/lib64/chipset-sdk-sp/libcjson.z.so
5a96e43000-5a96e49000 r-xp 00002000 /system/lib64/chipset-sdk-sp/libcjson.z.so
5a96e49000-5a96e4a000 r--p 00007000 /system/lib64/chipset-sdk-sp/libcjson.z.so
5a96e4a000-5a96e4b000 rw-p 00007000 /system/lib64/chipset-sdk-sp/libcjson.z.so
5a96e4b000-5a96e6f000 rw-p 00000000 [anon:native_heap:brk]
5a96e6f000-5a96e7f000 rw-p 00000000 [anon:native_heap:brk]
5a96e7f000-5a96e80000 r--p 00000000 /system/framework/Permission_Request_Result.abc
5a96e80000-5a96e83000 r--p 00000000 /system/lib64/chipset-sdk-sp/libhitracechain.so
5a96e83000-5a96e88000 r-xp 00002000 /system/lib64/chipset-sdk-sp/libhitracechain.so
5a96e88000-5a96e89000 r--p 00006000 /system/lib64/chipset-sdk-sp/libhitracechain.so
5a96e89000-5a96e8a000 rw-p 00006000 /system/lib64/chipset-sdk-sp/libhitracechain.so
5a96e8a000-5a96eba000 rw-p 00000000 [anon:native_heap:brk]
5a96eba000-5a96ebf000 rw-p 00000000 [anon:ArkTS Code:/system/etc/abc/arkui/components/arkcheckbox.abc]
5a96ebf000-5a96ec0000 r--p 00000000 /system/framework/ability_ability_abc.abc
5a96ec0000-5a96ec4000 r--p 00000000 /system/lib64/chipset-sdk-sp/libdfx_procinfo.z.so
5a96ec4000-5a96ecc000 r-xp 00003000 /system/lib64/chipset-sdk-sp/libdfx_procinfo.z.so
5a96ecc000-5a96ecd000 r--p 0000a000 /system/lib64/chipset-sdk-sp/libdfx_procinfo.z.so
5a96ecd000-5a96ece000 rw-p 0000a000 /system/lib64/chipset-sdk-sp/libdfx_procinfo.z.so
5a96ece000-5a96ede000 rw-p 00000000 [anon:native_heap:brk]
5a96ede000-5a96ee0000 rw-p 00000000 [anon:ArkTS Code:/system/etc/abc/arkui/components/arkfolderstack.abc]
5a96ee0000-5a96efc000 rw-p 00000000 [anon:native_heap:brk]
5a96efc000-5a96f00000 rw-p 00000000 [anon:ArkTS Code:/system/etc/abc/arkui/components/arkcheckboxgroup.abc]
5a96f00000-5a96f93000 r--p 00000000 /system/lib64/chipset-sdk-sp/libc++.so
5a96f93000-5a9702d000 r-xp 00092000 /system/lib64/chipset-sdk-sp/libc++.so
5a9702d000-5a97037000 r--p 0012b000 /system/lib64/chipset-sdk-sp/libc++.so
5a97037000-5a97038000 rw-p 00134000 /system/lib64/chipset-sdk-sp/libc++.so
5a97038000-5a9703f000 rw-p 00000000 [anon:libc++.so.bss]
5a9703f000-5a97040000 r--p 00000000 /system/framework/ability_delegator_application_testRunner_abc.abc
5a97040000-5a9704a000 r--p 00000000 /system/lib64/chipset-sdk-sp/liblzma.z.so
5a9704a000-5a97074000 r-xp 00009000 /system/lib64/chipset-sdk-sp/liblzma.z.so
5a97074000-5a97075000 r--p 00032000 /system/lib64/chipset-sdk-sp/liblzma.z.so
5a97075000-5a97076000 rw-p 00032000 /system/lib64/chipset-sdk-sp/liblzma.z.so
5a97076000-5a9707f000 rw-p 00000000 [anon:liblzma.z.so.bss]
5a9707f000-5a97080000 r--p 00000000 /system/framework/ability_delegator_args_abc.abc
5a97080000-5a97081000 r--p 00000000 /system/lib64/libappspawn_helper.z.so
5a97081000-5a97082000 r-xp 00000000 /system/lib64/libappspawn_helper.z.so
5a97082000-5a97083000 r--p 00000000 /system/lib64/libappspawn_helper.z.so
5a97083000-5a97084000 rw-p 00000000 /system/lib64/libappspawn_helper.z.so
5a97084000-5a970bc000 rw-p 00000000 [anon:native_heap:brk]
5a970bc000-5a970be000 rw-p 00000000 [anon:ArkTS Code:/system/etc/abc/arkui/components/arkstepper.abc]
5a970be000-5a970bf000 rw-p 00000000 [anon:native_heap:brk]
5a970bf000-5a970c0000 r--p 00000000 /system/framework/ability_delegator_registry_abc.abc
5a970c0000-5a970c2000 r--p 00000000 /system/lib64/chipset-sdk-sp/libclang_rt.ubsan_minimal.so
5a970c2000-5a970c4000 r-xp 00001000 /system/lib64/chipset-sdk-sp/libclang_rt.ubsan_minimal.so
5a970c4000-5a970c5000 r--p 00002000 /system/lib64/chipset-sdk-sp/libclang_rt.ubsan_minimal.so
5a970c5000-5a970c6000 rw-p 00002000 /system/lib64/chipset-sdk-sp/libclang_rt.ubsan_minimal.so
5a970c6000-5a970fe000 rw-p 00000000 [anon:native_heap:brk]
5a970fe000-5a97100000 rw-p 00000000 [anon:ArkTS Code:/system/etc/abc/arkui/components/arkstepperitem.abc]
5a97100000-5a97101000 r--p 00000000 /system/lib64/chipset-sdk-sp/libconfigpolicy_util.z.so
5a97101000-5a97103000 r-xp 00000000 /system/lib64/chipset-sdk-sp/libconfigpolicy_util.z.so
5a97103000-5a97105000 r--p 00001000 /system/lib64/chipset-sdk-sp/libconfigpolicy_util.z.so
5a97105000-5a97106000 rw-p 00002000 /system/lib64/chipset-sdk-sp/libconfigpolicy_util.z.so
5a97106000-5a9710e000 rw-p 00000000 [anon:native_heap:brk]
5a9710e000-5a97113000 rw-p 00000000 [anon:ArkTS Code:/system/etc/abc/arkui/components/arkradio.abc]
5a97113000-5a9712e000 rw-p 00000000 [anon:native_heap:brk]
5a9712e000-5a9712f000 r--s 00000000 /dev/__parameters__/u:object_r:hiviewdfx_profiler_param:s0
5a9712f000-5a97132000 r--s 00000000 /dev/__parameters__/u:object_r:samgr_writable_param:s0
5a97132000-5a97133000 r--s 00000000 [shmm]
5a97133000-5a97134000 rw-p 00000000 [anon:native_heap:brk]
5a97134000-5a97135000 r--s 00000000 /dev/__parameters__/u:object_r:ark_profile:s0
5a97135000-5a97136000 rw-p 00000000 [anon:native_heap:brk]
5a97136000-5a9713e000 rw-p 00000000 [anon:native_heap:brk]
5a9713e000-5a9713f000 r--s 00000000 /dev/__parameters__/u:object_r:update_updater_param:s0
5a9713f000-5a97140000 r--s 00000000 /dev/__parameters__/u:object_r:accessibility_param:s0
5a97140000-5a97146000 r--p 00000000 /system/lib64/chipset-sdk-sp/libhitrace_meter.so
5a97146000-5a97150000 r-xp 00005000 /system/lib64/chipset-sdk-sp/libhitrace_meter.so
5a97150000-5a97152000 r--p 0000e000 /system/lib64/chipset-sdk-sp/libhitrace_meter.so
5a97152000-5a97153000 rw-p 0000f000 /system/lib64/chipset-sdk-sp/libhitrace_meter.so
5a97153000-5a9716b000 rw-p 00000000 [anon:native_heap:brk]
5a9716b000-5a9716d000 rw-p 00000000 [anon:ArkTS Code:/system/lib64/module/libpromptaction.z.so_277936_1]
5a9716d000-5a9716e000 rw-s 00000000 /data/storage/el2/base/files/hiappevent/databases/appevent.db-dwr
5a9716e000-5a97178000 r--s 00000000 /dev/__parameters__/u:object_r:hiviewdfx_hiview_param:s0
5a97178000-5a97180000 rw-p 00000000 [anon:native_heap:brk]
5a97180000-5a97182000 r--p 00000000 /system/lib64/chipset-sdk-sp/libfaultloggerd.z.so
5a97182000-5a97187000 r-xp 00001000 /system/lib64/chipset-sdk-sp/libfaultloggerd.z.so
5a97187000-5a97188000 r--p 00005000 /system/lib64/chipset-sdk-sp/libfaultloggerd.z.so
5a97188000-5a97189000 rw-p 00005000 /system/lib64/chipset-sdk-sp/libfaultloggerd.z.so
5a97189000-5a97194000 rw-p 00000000 [anon:ArkTS Code:391650154547]
5a97194000-5a97198000 rw-p 00000000 [anon:ArkTS Code:/system/etc/abc/arkui/components/arktimepicker.abc]
5a97198000-5a9719c000 rw-p 00000000 [anon:native_heap:brk]
5a9719c000-5a971ac000 rw-p 00000000 [anon:ArkTS Code:/system/etc/abc/arkui/uicontext.abc]
5a971ac000-5a971b8000 rw-p 00000000 [anon:native_heap:brk]
5a971b8000-5a971ba000 r--p 00000000 /system/framework/DataShareResultSetAni.abc
5a971ba000-5a971bb000 rw-p 00000000 [anon:native_heap:brk]
5a971bb000-5a971bf000 rw-p 00000000 [anon:ArkTS Code:/system/etc/abc/arkui/components/arksidebarcontainer.abc]
5a971bf000-5a971c0000 r--p 00000000 /system/framework/ability_first_frame_state_data_abc.abc
5a971c0000-5a971c5000 r--p 00000000 /system/lib64/chipset-sdk-sp/libsystemparam.z.so
5a971c5000-5a971c6000 r--p 00005000 /system/lib64/chipset-sdk-sp/libsystemparam.z.so
5a971c6000-5a971d0000 r-xp 00005000 /system/lib64/chipset-sdk-sp/libsystemparam.z.so
5a971d0000-5a971d1000 r--p 0000e000 /system/lib64/chipset-sdk-sp/libsystemparam.z.so
5a971d1000-5a971d2000 rw-p 0000e000 /system/lib64/chipset-sdk-sp/libsystemparam.z.so
5a971d2000-5a971ff000 rw-p 00000000 [anon:ArkTS Code:391650197795]
5a971ff000-5a97200000 r--p 00000000 /system/framework/ability_first_frame_state_observer_abc.abc
5a97200000-5a97201000 r--p 00000000 /system/lib64/chipset-sdk-sp/libhilog_encode.so
5a97201000-5a97204000 r-xp 00000000 /system/lib64/chipset-sdk-sp/libhilog_encode.so
5a97204000-5a97205000 r--p 00002000 /system/lib64/chipset-sdk-sp/libhilog_encode.so
5a97205000-5a97206000 rw-p 00002000 /system/lib64/chipset-sdk-sp/libhilog_encode.so
5a97206000-5a9720e000 rw-p 00000000 [anon:ArkTS Code:/system/etc/abc/arkui/components/arkslider.abc]
5a9720e000-5a97216000 rw-p 00000000 [anon:native_heap:brk]
5a97216000-5a9721d000 rw-p 00000000 [anon:ArkTS Code:/system/etc/abc/arkui/components/arkalphabetindexer.abc]
5a9721d000-5a97222000 rw-p 00000000 [anon:ArkTS Code:/system/etc/abc/arkui/components/arkcalendarpicker.abc]
5a97222000-5a97226000 rw-p 00000000 [anon:native_heap:brk]
5a97226000-5a97227000 rw-s 00000000 /data/storage/el2/base/files/hiappevent/databases/appevent.db-dwr
5a97227000-5a9722c000 rw-p 00000000 [anon:native_heap:brk]
5a9722c000-5a9723c000 rw-p 00000000 [anon:native_heap:brk]
5a9723c000-5a9723d000 rw-s 00000000 /data/storage/el2/base/files/hiappevent/databases/appevent.db-dwr
5a9723d000-5a97240000 r--p 00000000 /system/framework/@ohos.test.PerfTest.abc
5a97240000-5a9724b000 r--p 00000000 /system/lib64/chipset-sdk-sp/libbegetutil.z.so
5a9724b000-5a97265000 r-xp 0000a000 /system/lib64/chipset-sdk-sp/libbegetutil.z.so
5a97265000-5a97266000 r--p 00023000 /system/lib64/chipset-sdk-sp/libbegetutil.z.so
5a97266000-5a97267000 rw-p 00023000 /system/lib64/chipset-sdk-sp/libbegetutil.z.so
5a97267000-5a97268000 rw-p 00000000 [anon:libbegetutil.z.so.bss]
5a97268000-5a9726a000 ---p 00000000 
5a9726a000-5a97271000 rw-p 00000000 [anon:signal_stack:55456]
5a97271000-5a97273000 ---p 00000000 
5a97273000-5a9727a000 rw-p 00000000 [anon:signal_stack:55457]
5a9727a000-5a9727e000 r--p 00000000 /system/framework/@hms.hds.hdsDrawable.abc
5a9727e000-5a97280000 r--p 00000000 /system/framework/ability_delegator_ability_monitor_abc.abc
5a97280000-5a97283000 r--p 00000000 /system/lib64/chipset-sdk-sp/libasync_stack.z.so
5a97283000-5a97286000 r-xp 00002000 /system/lib64/chipset-sdk-sp/libasync_stack.z.so
5a97286000-5a97288000 r--p 00004000 /system/lib64/chipset-sdk-sp/libasync_stack.z.so
5a97288000-5a97289000 rw-p 00005000 /system/lib64/chipset-sdk-sp/libasync_stack.z.so
5a97289000-5a9728b000 ---p 00000000 
5a9728b000-5a97292000 rw-p 00000000 [anon:signal_stack:55459]
5a97292000-5a9729a000 rw-p 00000000 [anon:native_heap:brk]
5a9729a000-5a9729b000 rw-s 00000000 anon_inode:dev/ashmem/gralloc_shared_attr
5a9729b000-5a9729f000 r--p 00000000 /system/framework/@ohos.multimedia.movingphotoview.abc
5a9729f000-5a972a3000 rw-p 00000000 [anon:native_heap:brk]
5a972a3000-5a972a6000 r--p 00000000 /system/framework/DataShareExtensionAbilityAni.abc
5a972a6000-5a972aa000 r--p 00000000 /system/framework/Metaball.abc
5a972aa000-5a972b4000 r--p 00000000 /system/framework/ability_access_ctrl.abc
5a972b4000-5a972b8000 r--p 00000000 /system/framework/ability_application.abc
5a972b8000-5a972be000 r--p 00000000 /system/framework/ability_delegator_abc.abc
5a972be000-5a972bf000 r--p 00000000 /system/framework/ability_foreground_state_observer_abc.abc
5a972bf000-5a972c0000 r--p 00000000 /system/framework/ability_runtime_ability_abc.abc
5a972c0000-5a972c2000 r--p 00000000 /system/lib64/platformsdk/libhilog.so
5a972c2000-5a972c5000 r-xp 00001000 /system/lib64/platformsdk/libhilog.so
5a972c5000-5a972c6000 r--p 00003000 /system/lib64/platformsdk/libhilog.so
5a972c6000-5a972c7000 rw-p 00003000 /system/lib64/platformsdk/libhilog.so
5a972c7000-5a972ea000 r--p 00000000 /system/framework/@ohos.UiTest.abc
5a972ea000-5a972ee000 r--p 00000000 /system/framework/ability_info.abc
5a972ee000-5a972f0000 r--p 00000000 /system/framework/ability_runtime_AbilityRunningInfo_abc.abc
5a972f0000-5a972f7000 r--p 00000000 /system/framework/ability_runtime_ability_constant_abc.abc
5a972f7000-5a972f9000 r--p 00000000 /system/framework/ability_runtime_ability_context_constant_abc.abc
5a972f9000-5a972fc000 r--p 00000000 /system/framework/ability_runtime_ability_dialogRequest_abc.abc
5a972fc000-5a972fd000 r--p 00000000 /system/framework/ability_runtime_ability_lifecycle_callback_abc.abc
5a972fd000-5a972fe000 r--p 00000000 /system/framework/ability_runtime_ability_result_abc.abc
5a972fe000-5a972ff000 r--p 00000000 /system/framework/ability_runtime_ability_stage_abc.abc
5a972ff000-5a97300000 r--p 00000000 /system/framework/ability_runtime_ability_stage_context_abc.abc
5a97300000-5a97304000 r--p 00000000 /system/lib64/chipset-sdk-sp/libstack_printer.z.so
5a97304000-5a9730c000 r-xp 00003000 /system/lib64/chipset-sdk-sp/libstack_printer.z.so
5a9730c000-5a9730d000 r--p 0000a000 /system/lib64/chipset-sdk-sp/libstack_printer.z.so
5a9730d000-5a9730e000 rw-p 0000a000 /system/lib64/chipset-sdk-sp/libstack_printer.z.so
5a9730e000-5a975bb000 ---p 00000000 [anon:cfi_shadow:musl]
5a975bb000-5a975bc000 r--p 00000000 [anon:cfi_shadow:musl]
5a975bc000-5a975e2000 ---p 00000000 [anon:cfi_shadow:musl]
5a975e2000-5a975e3000 r--p 00000000 [anon:cfi_shadow:musl]
5a975e3000-5a975e6000 ---p 00000000 [anon:cfi_shadow:musl]
5a975e6000-5a975e7000 r--p 00000000 [anon:cfi_shadow:musl]
5a975e7000-5a975e8000 r--p 00000000 [anon:cfi_shadow:musl]
5a975e8000-5a975e9000 r--p 00000000 [anon:cfi_shadow:musl]
5a975e9000-5a975ea000 ---p 00000000 [anon:cfi_shadow:musl]
5a975ea000-5a975eb000 r--p 00000000 [anon:cfi_shadow:musl]
5a975eb000-5a975f2000 ---p 00000000 [anon:cfi_shadow:musl]
5a975f2000-5a975f3000 r--p 00000000 [anon:cfi_shadow:musl]
5a975f3000-5a975f4000 r--p 00000000 [anon:cfi_shadow:musl]
5a975f4000-5a975f5000 r--p 00000000 [anon:cfi_shadow:musl]
5a975f5000-5b1730e000 ---p 00000000 [anon:cfi_shadow:musl]
5b1730e000-5b17314000 r--p 00000000 /system/framework/ability_runtime_ability_manager.abc
5b17314000-5b17319000 r--p 00000000 /system/framework/ability_runtime_ability_mission_manager_abc.abc
5b17319000-5b1731a000 r--p 00000000 /system/framework/ability_runtime_ability_stage_monitor_abc.abc
5b1731a000-5b1731b000 r--p 00000000 /system/framework/ability_runtime_ability_start_callback_abc.abc
5b1731b000-5b1731c000 r--p 00000000 /system/framework/ability_runtime_ability_state_data_abc.abc
5b1731c000-5b1731e000 r--p 00000000 /system/framework/ability_runtime_ability_system_configuration_updated_callback_abc.abc
5b1731e000-5b1731f000 r--p 00000000 /system/framework/ability_runtime_ability_utils_abc.abc
5b1731f000-5b17320000 r--p 00000000 /system/framework/ability_runtime_action_extension_ability_abc.abc
5b17320000-5b1732e000 r--p 00000000 /system/framework/ability_runtime_app_manager_abc.abc
5b1732e000-5b1732f000 r--p 00000000 /system/framework/ability_runtime_app_state_data_abc.abc
5b1732f000-5b17334000 r--p 00000000 /system/framework/ability_runtime_application_context_abc.abc
5b17334000-5b17335000 r--p 00000000 /system/framework/ability_runtime_application_state_change_callback_abc.abc
5b17335000-5b17336000 r--p 00000000 /system/framework/ability_runtime_auto_fill_extension_ability_abc.abc
5b17336000-5b17338000 r--p 00000000 /system/framework/ability_runtime_auto_fill_extension_context_abc.abc
5b17338000-5b17339000 r--p 00000000 /system/framework/ability_runtime_auto_fill_manager_abc.abc
5b17339000-5b1733b000 r--p 00000000 /system/framework/ability_runtime_auto_fill_popup_config_abc.abc
5b1733b000-5b1733c000 r--p 00000000 /system/framework/ability_runtime_auto_fill_rect_abc.abc
5b1733c000-5b1733f000 r--p 00000000 /system/framework/ability_runtime_auto_fill_request_abc.abc
5b1733f000-5b17340000 r--p 00000000 /system/framework/ability_runtime_auto_fill_trigger_type_abc.abc
5b17340000-5b1735e000 r--p 00000000 /system/lib64/libfdleak_tracker.so
5b1735e000-5b1739e000 r-xp 0001d000 /system/lib64/libfdleak_tracker.so
5b1739e000-5b173a0000 r--p 0005c000 /system/lib64/libfdleak_tracker.so
5b173a0000-5b173a1000 rw-p 0005d000 /system/lib64/libfdleak_tracker.so
5b173a1000-5b173a3000 rw-p 00000000 [anon:libfdleak_tracker.so.bss]
5b173a3000-5b175a3000 r--s 00000000 /dev/__parameters__/u:object_r:startup_init_param:s0
5b175a3000-5b175a5000 r--p 00000000 /system/framework/ability_runtime_auto_fill_type_abc.abc
5b175a5000-5b175a6000 r--p 00000000 /system/framework/ability_runtime_auto_startup_callback_abc.abc
5b175a6000-5b175a8000 r--p 00000000 /system/framework/ability_runtime_auto_startup_info_abc.abc
5b175a8000-5b175aa000 r--p 00000000 /system/framework/ability_runtime_auto_startup_manager_abc.abc
5b175aa000-5b175ab000 r--p 00000000 /system/framework/ability_runtime_base_context_abc.abc
5b175ab000-5b175af000 r--p 00000000 /system/framework/ability_runtime_caller_callee_abc.abc
5b175af000-5b175b0000 r--p 00000000 /system/framework/ability_runtime_child_process_args_abc.abc
5b175b0000-5b175b3000 r--p 00000000 /system/framework/ability_runtime_child_process_manager_abc.abc
5b175b3000-5b175b4000 r--p 00000000 /system/framework/ability_runtime_child_process_options_abc.abc
5b175b4000-5b175b5000 r--p 00000000 /system/framework/ability_runtime_completion_handler_abc.abc
5b175b5000-5b175b7000 r--p 00000000 /system/framework/ability_runtime_configuration_abc.abc
5b175b7000-5b175b9000 r--p 00000000 /system/framework/ability_runtime_configuration_constant_abc.abc
5b175b9000-5b175ba000 r--p 00000000 /system/framework/ability_runtime_connect_options_abc.abc
5b175ba000-5b175bc000 r--p 00000000 /system/framework/ability_runtime_context_abc.abc
5b175bc000-5b175bd000 r--p 00000000 /system/framework/ability_runtime_custom_data_abc.abc
5b175bd000-5b175be000 r--p 00000000 /system/framework/ability_runtime_data_ability_helper_abc.abc
5b175be000-5b175bf000 r--p 00000000 /system/framework/ability_runtime_data_uri_utils_abc.abc
5b175bf000-5b175c0000 r--p 00000000 /system/framework/ability_runtime_embedded_uiextension_ability_abc.abc
5b175c0000-5b175c2000 r--p 00000000 /system/lib64/platformsdk/libfwmark_client.z.so
5b175c2000-5b175c5000 r-xp 00001000 /system/lib64/platformsdk/libfwmark_client.z.so
5b175c5000-5b175c6000 r--p 00003000 /system/lib64/platformsdk/libfwmark_client.z.so
5b175c6000-5b175c7000 rw-p 00003000 /system/lib64/platformsdk/libfwmark_client.z.so
5b175c7000-5b175ca000 r--p 00000000 /system/framework/ability_runtime_dialog_session_abc.abc
5b175ca000-5b175cb000 r--p 00000000 /system/framework/ability_runtime_environment_callback_abc.abc
5b175cb000-5b175cc000 r--p 00000000 /system/framework/ability_runtime_error_code_abc.abc
5b175cc000-5b175cd000 r--p 00000000 /system/framework/ability_runtime_event_hub_abc.abc
5b175cd000-5b175ce000 r--p 00000000 /system/framework/ability_runtime_extension_ability_abc.abc
5b175ce000-5b175cf000 r--p 00000000 /system/framework/ability_runtime_extension_context_abc.abc
5b175cf000-5b175d1000 r--p 00000000 /system/framework/ability_runtime_extension_running_info_abc.abc
5b175d1000-5b175d3000 r--p 00000000 /system/framework/ability_runtime_insight_intent_abc.abc
5b175d3000-5b175d5000 r--p 00000000 /system/framework/ability_runtime_insight_intent_context_abc.abc
5b175d5000-5b175dc000 r--p 00000000 /system/framework/ability_runtime_insight_intent_driver_abc.abc
5b175dc000-5b175de000 r--p 00000000 /system/framework/ability_runtime_insight_intent_executor_abc.abc
5b175de000-5b175df000 r--p 00000000 /system/framework/ability_runtime_insight_intent_provider_abc.abc
5b175df000-5b175e1000 r--p 00000000 /system/framework/ability_runtime_interop_ability_lifecycle_callback_abc.abc
5b175e1000-5b175e3000 r--p 00000000 /system/framework/ability_runtime_kiosk_manager_abc.abc
5b175e3000-5b175e4000 r--p 00000000 /system/framework/ability_runtime_kiosk_status_abc.abc
5b175e4000-5b175e6000 r--p 00000000 /system/framework/ability_runtime_mission_info_abc.abc
5b175e6000-5b175e7000 r--p 00000000 /system/framework/ability_runtime_mission_listener_abc.abc
5b175e7000-5b175e8000 r--p 00000000 /system/framework/ability_runtime_mission_snapshot_abc.abc
5b175e8000-5b175e9000 r--p 00000000 /system/framework/ability_runtime_multi_app_mode_abc.abc
5b175e9000-5b175ea000 r--p 00000000 /system/framework/ability_runtime_openLink_options_abc.abc
5b175ea000-5b175ec000 r--p 00000000 /system/framework/ability_runtime_page_node_info_abc.abc
5b175ec000-5b175ed000 r--p 00000000 /system/framework/ability_runtime_process_data_abc.abc
5b175ed000-5b175ef000 r--p 00000000 /system/framework/ability_runtime_process_information_abc.abc
5b175ef000-5b175f0000 r--p 00000000 /system/framework/ability_runtime_running_app_clone_abc.abc
5b175f0000-5b175f1000 r--p 00000000 /system/framework/ability_runtime_running_multi_appinfo_abc.abc
5b175f1000-5b175f2000 r--p 00000000 /system/framework/ability_runtime_running_multi_instance_info_abc.abc
5b175f2000-5b175f3000 r--p 00000000 /system/framework/ability_runtime_share_extension_ability_abc.abc
5b175f3000-5b175f4000 r--p 00000000 /system/framework/ability_runtime_shell_cmd_result_abc.abc
5b175f4000-5b175f5000 r--p 00000000 /system/framework/ability_runtime_start_options_abc.abc
5b175f5000-5b175f6000 r--p 00000000 /system/framework/ability_runtime_startup_config_abc.abc
5b175f6000-5b175f7000 r--p 00000000 /system/framework/ability_runtime_startup_config_entry_abc.abc
5b175f7000-5b175f8000 r--p 00000000 /system/framework/ability_runtime_startup_listener_abc.abc
5b175f8000-5b175f9000 r--p 00000000 /system/framework/ability_runtime_startup_manager_abc.abc
5b175f9000-5b175fa000 r--p 00000000 /system/framework/ability_runtime_startup_task_abc.abc
5b175fa000-5b175fb000 r--p 00000000 /system/framework/ability_runtime_startup_task_executor_abc.abc
5b175fb000-5b175fc000 r--p 00000000 /system/framework/ability_runtime_trigger_info_abc.abc
5b175fc000-5b175fe000 r--p 00000000 /system/framework/ability_runtime_ui_ability_abc.abc
5b175fe000-5b175ff000 r--p 00000000 /system/framework/ability_runtime_ui_service_extension_ability_abc.abc
5b175ff000-5b17600000 r--p 00000000 /system/framework/agent_runtime_agent_extension_abc.abc
5b17600000-5b17601000 r--p 00000000 /system/lib64/lib_kccllockopt.so
5b17601000-5b17602000 r-xp 00000000 /system/lib64/lib_kccllockopt.so
5b17602000-5b17603000 r--p 00000000 /system/lib64/lib_kccllockopt.so
5b17603000-5b17604000 rw-p 00000000 /system/lib64/lib_kccllockopt.so
5b17604000-5b18004000 r--s 00000000 /dev/__parameters__/u:object_r:default_param:s0
5b18004000-5b18013000 r--p 00000000 /system/framework/ability_runtime_ui_ability_context_abc.abc
5b18013000-5b18015000 r--p 00000000 /system/framework/ability_runtime_vertical_panel_manager_abc.abc
5b18015000-5b18017000 r--p 00000000 /system/framework/ability_runtime_view_data_abc.abc
5b18017000-5b18018000 r--p 00000000 /system/framework/agent_runtime_agent_extension_connect_callback_abc.abc
5b18018000-5b1801c000 rw-p 00000000 [anon:native_heap:brk]
5b1801c000-5b18022000 r--p 00000000 /system/framework/ability_runtime_want_abc.abc
5b18022000-5b18028000 r--p 00000000 /system/framework/ability_runtime_want_agent_abc.abc
5b18028000-5b1802a000 r--p 00000000 /system/framework/ability_runtime_want_agent_info_abc.abc
5b1802a000-5b1802d000 r--p 00000000 /system/framework/ability_runtime_want_constant_abc.abc
5b1802d000-5b18036000 r--p 00000000 /system/framework/accessibility.abc
5b18036000-5b18039000 r--p 00000000 /system/framework/accessibility_extension_ability.abc
5b18039000-5b1803e000 r--p 00000000 /system/framework/agent_runtime_agent_card_abc.abc
5b1803e000-5b1803f000 r--p 00000000 /system/framework/agent_runtime_agent_extension_context_abc.abc
5b1803f000-5b18040000 r--p 00000000 /system/framework/agent_runtime_agent_host_proxy_abc.abc
5b18040000-5b18041000 r--p 00000000 /system/lib64/libseccomp.z.so
5b18041000-5b18043000 r-xp 00000000 /system/lib64/libseccomp.z.so
5b18043000-5b18044000 r--p 00001000 /system/lib64/libseccomp.z.so
5b18044000-5b18045000 rw-p 00001000 /system/lib64/libseccomp.z.so
5b18045000-5b18052000 r--p 00000000 /system/framework/accessibility_config.abc
5b18052000-5b18060000 r--p 00000000 /system/framework/accessibility_extension_context.abc
5b18060000-5b18062000 r--p 00000000 /system/framework/agent_runtime_agent_manager_abc.abc
5b18062000-5b18063000 r--p 00000000 /system/framework/agent_runtime_agent_proxy_abc.abc
5b18063000-5b18064000 r--p 00000000 /system/framework/agent_runtime_agent_ui_extension_ability_abc.abc
5b18064000-5b18065000 r--p 00000000 /system/framework/agent_runtime_agent_utils_abc.abc
5b18065000-5b18068000 r--p 00000000 /system/framework/animator_ani.abc
5b18068000-5b1806a000 r--p 00000000 /system/framework/appRecovery_abc.abc
5b1806a000-5b1807f000 r--p 00000000 /system/framework/app_account_abc.abc
5b1807f000-5b18080000 r--p 00000000 /system/framework/app_foreground_state_observer_abc.abc
5b18080000-5b18133000 r--p 00000000 /system/lib64/platformsdk/libappexecfwk_core.z.so
5b18133000-5b18230000 r-xp 000b2000 /system/lib64/platformsdk/libappexecfwk_core.z.so
5b18230000-5b18253000 r--p 001ae000 /system/lib64/platformsdk/libappexecfwk_core.z.so
5b18253000-5b18254000 rw-p 001d0000 /system/lib64/platformsdk/libappexecfwk_core.z.so
5b18254000-5b18255000 rw-p 00000000 [anon:libappexecfwk_core.z.so.bss]
5b18255000-5b1825b000 r--p 00000000 /system/framework/app_control.abc
5b1825b000-5b18260000 r--p 00000000 /system/framework/app_domain_verify_ets.abc
5b18260000-5b18261000 r--p 00000000 /system/framework/app_processInfo_abc.abc
5b18261000-5b18263000 r--p 00000000 /system/framework/app_provision_info.abc
5b18263000-5b18266000 r--p 00000000 /system/framework/app_service_extension_ability.abc
5b18266000-5b1826b000 r--p 00000000 /system/framework/application_info.abc
5b1826b000-5b1826c000 r--p 00000000 /system/framework/application_state_observer_abc.abc
5b1826c000-5b18272000 r--p 00000000 /system/framework/applock_abc.abc
5b18272000-5b18273000 r--p 00000000 /system/framework/arkui_test.abc
5b18273000-5b18274000 r--p 00000000 /system/framework/atomic_service_options_abc.abc
5b18274000-5b1827e000 r--p 00000000 /system/framework/audioHaptic_taihe_abc.abc
5b1827e000-5b18280000 r--p 00000000 /system/framework/backup_ext.abc
5b18280000-5b18293000 r--p 00000000 /system/lib64/chipset-sdk-sp/libjsoncpp.z.so
5b18293000-5b182b8000 r-xp 00012000 /system/lib64/chipset-sdk-sp/libjsoncpp.z.so
5b182b8000-5b182ba000 r--p 00036000 /system/lib64/chipset-sdk-sp/libjsoncpp.z.so
5b182ba000-5b182bb000 rw-p 00037000 /system/lib64/chipset-sdk-sp/libjsoncpp.z.so
5b182bb000-5b182bf000 r--p 00000000 /system/framework/av_volume_panel_ets_abc.abc
5b182bf000-5b182c0000 r--p 00000000 /system/framework/bundle_monitor.abc
5b182c0000-5b182d3000 r--p 00000000 /system/lib64/chipset-sdk-sp/libsamgr_proxy.z.so
5b182d3000-5b182ec000 r-xp 00012000 /system/lib64/chipset-sdk-sp/libsamgr_proxy.z.so
5b182ec000-5b182f3000 r--p 0002a000 /system/lib64/chipset-sdk-sp/libsamgr_proxy.z.so
5b182f3000-5b182f4000 rw-p 00030000 /system/lib64/chipset-sdk-sp/libsamgr_proxy.z.so
5b182f4000-5b182fa000 r--p 00000000 /system/framework/backgroundprocessmanager_abc.abc
5b182fa000-5b182fc000 r--p 00000000 /system/framework/backup_transfer.abc
5b182fc000-5b182fd000 r--p 00000000 /system/framework/bundle_resource_info.abc
5b182fd000-5b18300000 r--p 00000000 /system/framework/bundle_resource_manager.abc
5b18300000-5b18302000 r--p 00000000 /system/lib64/platformsdk/librestorecon.z.so
5b18302000-5b18306000 r-xp 00001000 /system/lib64/platformsdk/librestorecon.z.so
5b18306000-5b18307000 r--p 00004000 /system/lib64/platformsdk/librestorecon.z.so
5b18307000-5b18308000 rw-p 00004000 /system/lib64/platformsdk/librestorecon.z.so
5b18308000-5b1831d000 r--p 00000000 /system/framework/arc_button_ets_abc.abc
5b1831d000-5b18337000 r--p 00000000 /system/framework/arc_slider_ets_abc.abc
5b18337000-5b1833f000 r--p 00000000 /system/framework/base_transfer.abc
5b1833f000-5b18340000 r--p 00000000 /system/framework/commonEventData.abc
5b18340000-5b1836d000 r--p 00000000 /system/lib64/platformsdk/libipc_single.z.so
5b1836d000-5b183be000 r-xp 0002c000 /system/lib64/platformsdk/libipc_single.z.so
5b183be000-5b183c3000 r--p 0007c000 /system/lib64/platformsdk/libipc_single.z.so
5b183c3000-5b183c4000 rw-p 00080000 /system/lib64/platformsdk/libipc_single.z.so
5b183c4000-5b183db000 r--p 00000000 /system/framework/av_cast_picker_ets_abc.abc
5b183db000-5b183e8000 r--p 00000000 /system/framework/av_input_cast_picker_ets_abc.abc
5b183e8000-5b183fe000 r--p 00000000 /system/framework/background_task_manager_abc.abc
5b183fe000-5b18400000 r--p 00000000 /system/framework/business_ability_info_abc.abc
5b18400000-5b18404000 r--p 00000000 /system/lib64/chipset-sdk/libaccesstoken_communication_adapter_cxx.z.so
5b18404000-5b1840c000 r-xp 00003000 /system/lib64/chipset-sdk/libaccesstoken_communication_adapter_cxx.z.so
5b1840c000-5b1840f000 r--p 0000a000 /system/lib64/chipset-sdk/libaccesstoken_communication_adapter_cxx.z.so
5b1840f000-5b18410000 rw-p 0000c000 /system/lib64/chipset-sdk/libaccesstoken_communication_adapter_cxx.z.so
5b18410000-5b18417000 r--p 00000000 /system/framework/batteryInfo.abc
5b18417000-5b1841d000 r--p 00000000 /system/framework/batterystats_abc.abc
5b1841d000-5b18428000 r--p 00000000 /system/framework/bluetoothA2dp_abc.abc
5b18428000-5b18430000 r--p 00000000 /system/framework/bluetoothAccess_abc.abc
5b18430000-5b18437000 r--p 00000000 /system/framework/bluetoothBaseProfile_abc.abc
5b18437000-5b18440000 r--p 00000000 /system/framework/bluetoothConstant_abc.abc
5b18440000-5b18441000 r--p 00000000 /system/lib64/libappspawn_stub_empty.so
5b18441000-5b18442000 r-xp 00000000 /system/lib64/libappspawn_stub_empty.so
5b18442000-5b18443000 r--p 00000000 /system/lib64/libappspawn_stub_empty.so
5b18443000-5b18444000 rw-p 00000000 /system/lib64/libappspawn_stub_empty.so
5b18444000-5b1844a000 r--p 00000000 /system/framework/bluetoothHfp_abc.abc
5b1844a000-5b1844f000 r--p 00000000 /system/framework/brightness_abc.abc
5b1844f000-5b18453000 rw-p 00000000 [anon:native_heap:brk]
5b18453000-5b1846d000 r--p 00000000 /system/framework/bluetoothBle_abc.abc
5b1846d000-5b18473000 r--p 00000000 /system/framework/bluetoothHid_abc.abc
5b18473000-5b18478000 r--p 00000000 /system/framework/bundle_info.abc
5b18478000-5b1847e000 r--p 00000000 /system/framework/bundle_pack_info.abc
5b1847e000-5b18480000 r--p 00000000 /system/framework/business_ability_router_abc.abc
5b18480000-5b18486000 r--p 00000000 /system/lib64/platformsdk/libipc_common.z.so
5b18486000-5b18490000 r-xp 00005000 /system/lib64/platformsdk/libipc_common.z.so
5b18490000-5b18492000 r--p 0000e000 /system/lib64/platformsdk/libipc_common.z.so
5b18492000-5b18493000 rw-p 0000f000 /system/lib64/platformsdk/libipc_common.z.so
5b18493000-5b184a7000 r--p 00000000 /system/framework/bluetoothConnection_abc.abc
5b184a7000-5b184b3000 r--p 00000000 /system/framework/bundle_installer.abc
5b184b3000-5b184b8000 r--p 00000000 /system/framework/cache_download.abc
5b184b8000-5b184be000 r--p 00000000 /system/framework/camera_picker_taihe_abc.abc
5b184be000-5b184bf000 r--p 00000000 /system/framework/commonEventPublishData.abc
5b184bf000-5b184c0000 r--p 00000000 /system/framework/commonEventSubscribeInfo.abc
5b184c0000-5b1850f000 r--p 00000000 /system/lib64/platformsdk/libhmicui18n.z.so
5b1850f000-5b18665000 r-xp 0004e000 /system/lib64/platformsdk/libhmicui18n.z.so
5b18665000-5b18674000 r--p 001a3000 /system/lib64/platformsdk/libhmicui18n.z.so
5b18674000-5b18675000 rw-p 001b1000 /system/lib64/platformsdk/libhmicui18n.z.so
5b18675000-5b18676000 rw-p 00000000 [anon:libhmicui18n.z.so.bss]
5b18676000-5b1867c000 r--p 00000000 /system/framework/certmanager_dialog_abc.abc
5b1867c000-5b1867f000 r--p 00000000 /system/framework/color_space_manager.abc
5b1867f000-5b18680000 r--p 00000000 /system/framework/completion_handler_for_atomic_service_abc.abc
5b18680000-5b18681000 r--p 00000000 /system/lib64/platformsdk/libtokenid_sdk.z.so
5b18681000-5b18684000 r-xp 00000000 /system/lib64/platformsdk/libtokenid_sdk.z.so
5b18684000-5b18685000 r--p 00002000 /system/lib64/platformsdk/libtokenid_sdk.z.so
5b18685000-5b18686000 rw-p 00002000 /system/lib64/platformsdk/libtokenid_sdk.z.so
5b18686000-5b186a4000 r--p 00000000 /system/framework/bundle_manager.abc
5b186a4000-5b186b0000 r--p 00000000 /system/framework/certmanager_abc.abc
5b186b0000-5b186b5000 r--p 00000000 /system/framework/charger.abc
5b186b5000-5b186bb000 r--p 00000000 /system/framework/cloudDataCommonType.abc
5b186bb000-5b186be000 r--p 00000000 /system/framework/componentSnapshot.abc
5b186be000-5b186c0000 r--p 00000000 /system/framework/curves.abc
5b186c0000-5b186cf000 r--p 00000000 /system/lib64/chipset-sdk-sp/libressched_client.z.so
5b186cf000-5b186f4000 r-xp 0000e000 /system/lib64/chipset-sdk-sp/libressched_client.z.so
5b186f4000-5b186fc000 r--p 00032000 /system/lib64/chipset-sdk-sp/libressched_client.z.so
5b186fc000-5b186fd000 rw-p 00039000 /system/lib64/chipset-sdk-sp/libressched_client.z.so
5b186fd000-5b186fe000 r--p 00000000 /system/framework/dataSharePredicatesAni.abc
5b186fe000-5b186ff000 r--p 00000000 /system/framework/dispatch_info.abc
5b186ff000-5b18700000 r--p 00000000 /system/framework/distributed_extension_ability_ani.abc
5b18700000-5b18701000 r--p 00000000 /system/lib64/platformsdk/libtokensetproc_shared.z.so
5b18701000-5b18704000 r-xp 00000000 /system/lib64/platformsdk/libtokensetproc_shared.z.so
5b18704000-5b18705000 r--p 00002000 /system/lib64/platformsdk/libtokensetproc_shared.z.so
5b18705000-5b18706000 rw-p 00002000 /system/lib64/platformsdk/libtokensetproc_shared.z.so
5b18706000-5b1872f000 r--p 00000000 /system/framework/cert_framework_ets.abc
5b1872f000-5b1873c000 r--p 00000000 /system/framework/cloud_extension_ext.abc
5b1873c000-5b18740000 r--p 00000000 /system/framework/componentUtils.abc
5b18740000-5b18744000 r--p 00000000 /system/lib64/platformsdk/libhitrace_option.so
5b18744000-5b1874b000 r-xp 00003000 /system/lib64/platformsdk/libhitrace_option.so
5b1874b000-5b1874c000 r--p 00009000 /system/lib64/platformsdk/libhitrace_option.so
5b1874c000-5b1874d000 rw-p 00009000 /system/lib64/platformsdk/libhitrace_option.so
5b1874d000-5b1876f000 r--p 00000000 /system/framework/chip_ets_abc.abc
5b1876f000-5b18775000 r--p 00000000 /system/framework/clouddiskmanager_taihe_abc.abc
5b18775000-5b1877c000 r--p 00000000 /system/framework/commonEventSubscriber.abc
5b1877c000-5b18780000 rw-p 00000000 [anon:native_heap:brk]
5b18780000-5b1878e000 r--p 00000000 /system/lib64/chipset-sdk-sp/libhicollie.z.so
5b1878e000-5b187b7000 r-xp 0000d000 /system/lib64/chipset-sdk-sp/libhicollie.z.so
5b187b7000-5b187b9000 r--p 00035000 /system/lib64/chipset-sdk-sp/libhicollie.z.so
5b187b9000-5b187ba000 rw-p 00036000 /system/lib64/chipset-sdk-sp/libhicollie.z.so
5b187ba000-5b187bb000 rw-p 00000000 [anon:libhicollie.z.so.bss]
5b187bb000-5b187bf000 r--p 00000000 /system/framework/default_app_manager.abc
5b187bf000-5b187c0000 r--p 00000000 /system/framework/errorManager_abc.abc
5b187c0000-5b18886000 r--p 00000000 /system/lib64/platformsdk/libhmicuuc.z.so
5b18886000-5b18a09000 r-xp 000c5000 /system/lib64/platformsdk/libhmicuuc.z.so
5b18a09000-5b18a1e000 r--p 00247000 /system/lib64/platformsdk/libhmicuuc.z.so
5b18a1e000-5b18a1f000 rw-p 0025b000 /system/lib64/platformsdk/libhmicuuc.z.so
5b18a1f000-5b18a21000 rw-p 00000000 [anon:libhmicuuc.z.so.bss]
5b18a21000-5b18a37000 r--p 00000000 /system/framework/chip_group_ets_abc.abc
5b18a37000-5b18a3d000 r--p 00000000 /system/framework/continueManager_taihe_abc.abc
5b18a3d000-5b18a3f000 r--p 00000000 /system/framework/display_sync_ani.abc
5b18a3f000-5b18a40000 r--p 00000000 /system/framework/faultlog_extension_ability_ani.abc
5b18a40000-5b18a49000 r--p 00000000 /system/lib64/chipset-sdk-sp/libpcre2.z.so
5b18a49000-5b18a6b000 r-xp 00008000 /system/lib64/chipset-sdk-sp/libpcre2.z.so
5b18a6b000-5b18a6c000 r--p 00029000 /system/lib64/chipset-sdk-sp/libpcre2.z.so
5b18a6c000-5b18a6d000 rw-p 00029000 /system/lib64/chipset-sdk-sp/libpcre2.z.so
5b18a6d000-5b18a80000 r--p 00000000 /system/framework/cloudData.abc
5b18a80000-5b18a8c000 r--p 00000000 /system/lib64/chipset-sdk/libextractortool.z.so
5b18a8c000-5b18a9d000 r-xp 0000b000 /system/lib64/chipset-sdk/libextractortool.z.so
5b18a9d000-5b18a9f000 r--p 0001b000 /system/lib64/chipset-sdk/libextractortool.z.so
5b18a9f000-5b18aa0000 rw-p 0001c000 /system/lib64/chipset-sdk/libextractortool.z.so
5b18aa0000-5b18aad000 r--p 00000000 /system/framework/common_event_manager.abc
5b18aad000-5b18abe000 r--p 00000000 /system/framework/connection.abc
5b18abe000-5b18ac0000 r--p 00000000 /system/framework/dlp_hide_info.abc
5b18ac0000-5b18ad5000 r--p 00000000 /system/lib64/chipset-sdk-sp/libeventhandler.z.so
5b18ad5000-5b18b0c000 r-xp 00014000 /system/lib64/chipset-sdk-sp/libeventhandler.z.so
5b18b0c000-5b18b0f000 r--p 0004a000 /system/lib64/chipset-sdk-sp/libeventhandler.z.so
5b18b0f000-5b18b10000 rw-p 0004c000 /system/lib64/chipset-sdk-sp/libeventhandler.z.so
5b18b10000-5b18b18000 r--p 00000000 /system/framework/coordination_abc.abc
5b18b18000-5b18b29000 r--p 00000000 /system/framework/datashareAni.abc
5b18b29000-5b18b30000 r--p 00000000 /system/framework/deviceInfo.abc
5b18b30000-5b18b37000 r--p 00000000 /system/framework/device_standby_abc.abc
5b18b37000-5b18b3f000 r--p 00000000 /system/framework/distributed_account_abc.abc
5b18b3f000-5b18b40000 r--p 00000000 /system/framework/focusController.abc
5b18b40000-5b18b4e000 r--p 00000000 /system/lib64/appspawn/common/libappspawn_common.z.so
5b18b4e000-5b18b63000 r-xp 0000d000 /system/lib64/appspawn/common/libappspawn_common.z.so
5b18b63000-5b18b65000 r--p 00021000 /system/lib64/appspawn/common/libappspawn_common.z.so
5b18b65000-5b18b66000 rw-p 00022000 /system/lib64/appspawn/common/libappspawn_common.z.so
5b18b66000-5b18b75000 r--p 00000000 /system/framework/display_abc.abc
5b18b75000-5b18b78000 r--p 00000000 /system/framework/distributed_bundle_manager.abc
5b18b78000-5b18b7e000 r--p 00000000 /system/framework/download_file_button_ets_abc.abc
5b18b7e000-5b18b80000 r--p 00000000 /system/framework/element_name.abc
5b18b80000-5b18b95000 r--p 00000000 /system/lib64/platformsdk/libutd_client.z.so
5b18b95000-5b18bd4000 r-xp 00014000 /system/lib64/platformsdk/libutd_client.z.so
5b18bd4000-5b18bd8000 r--p 00052000 /system/lib64/platformsdk/libutd_client.z.so
5b18bd8000-5b18bd9000 rw-p 00055000 /system/lib64/platformsdk/libutd_client.z.so
5b18bd9000-5b18be4000 r--p 00000000 /system/framework/distributeddata_object.abc
5b18be4000-5b18be6000 r--p 00000000 /system/framework/extension_ability_info.abc
5b18be6000-5b18be9000 rw-p 00000000 [anon:ArkTS Code:/system/lib64/module/telephony/libcall.z.so_244808_1]
5b18be9000-5b18bea000 rw-p 00000000 [anon:native_heap:brk]
5b18bea000-5b18bee000 rw-p 00000000 [anon:native_heap:brk]
5b18bee000-5b18bfd000 r--p 00000000 /system/framework/dmsfwk_taihe_ani.abc
5b18bfd000-5b18bff000 r--p 00000000 /system/framework/formError.abc
5b18bff000-5b18c00000 r--p 00000000 /system/framework/form_binding_data.abc
5b18c00000-5b18c06000 r--p 00000000 /system/lib64/chipset-sdk/libstring_utils.z.so
5b18c06000-5b18c19000 r-xp 00005000 /system/lib64/chipset-sdk/libstring_utils.z.so
5b18c19000-5b18c1a000 r--p 00017000 /system/lib64/chipset-sdk/libstring_utils.z.so
5b18c1a000-5b18c1b000 rw-p 00017000 /system/lib64/chipset-sdk/libstring_utils.z.so
5b18c1b000-5b18c3e000 r--p 00000000 /system/framework/distributedkvstore.abc
5b18c3e000-5b18c3f000 r--p 00000000 /system/framework/form_edit_extension_ability.abc
5b18c3f000-5b18c40000 r--p 00000000 /system/framework/formagent.abc
5b18c40000-5b18c4e000 r--p 00000000 /system/lib64/chipset-sdk/libaccesstoken_sdk.z.so
5b18c4e000-5b18c74000 r-xp 0000d000 /system/lib64/chipset-sdk/libaccesstoken_sdk.z.so
5b18c74000-5b18c78000 r--p 00032000 /system/lib64/chipset-sdk/libaccesstoken_sdk.z.so
5b18c78000-5b18c79000 rw-p 00035000 /system/lib64/chipset-sdk/libaccesstoken_sdk.z.so
5b18c79000-5b18c7b000 r--p 00000000 /system/framework/form_edit_extension_context.abc
5b18c7b000-5b18c7c000 r--p 00000000 /system/framework/hdr_capability.abc
5b18c7c000-5b18c80000 rw-p 00000000 [anon:native_heap:brk]
5b18c80000-5b18c95000 r--p 00000000 /system/lib64/chipset-sdk/libaccesstoken_common_cxx.z.so
5b18c95000-5b18c9b000 r-xp 00014000 /system/lib64/chipset-sdk/libaccesstoken_common_cxx.z.so
5b18c9b000-5b18ca0000 r--p 00019000 /system/lib64/chipset-sdk/libaccesstoken_common_cxx.z.so
5b18ca0000-5b18ca8000 rw-p 0001d000 /system/lib64/chipset-sdk/libaccesstoken_common_cxx.z.so
5b18ca8000-5b18cae000 r--p 00000000 /system/framework/drag_abc.abc
5b18cae000-5b18cb2000 r--p 00000000 /system/framework/drawable_descriptor_ani.abc
5b18cb2000-5b18cb6000 r--p 00000000 /system/framework/effectKit.abc
5b18cb6000-5b18cba000 r--p 00000000 /system/framework/event_emitter_abc.abc
5b18cba000-5b18cc0000 r--p 00000000 /system/framework/extension_window_ani.abc
5b18cc0000-5b18cc6000 r--p 00000000 /system/lib64/platformsdk/libzuri.z.so
5b18cc6000-5b18cd4000 r-xp 00005000 /system/lib64/platformsdk/libzuri.z.so
5b18cd4000-5b18cd6000 r--p 00012000 /system/lib64/platformsdk/libzuri.z.so
5b18cd6000-5b18cd7000 rw-p 00013000 /system/lib64/platformsdk/libzuri.z.so
5b18cd7000-5b18d00000 r--p 00000000 /system/framework/customtitle_static_abc.abc
5b18d00000-5b18d0f000 r--p 00000000 /system/lib64/libsecurity_component_sdk.z.so
5b18d0f000-5b18d21000 r-xp 0000e000 /system/lib64/libsecurity_component_sdk.z.so
5b18d21000-5b18d25000 r--p 0001f000 /system/lib64/libsecurity_component_sdk.z.so
5b18d25000-5b18d26000 rw-p 00022000 /system/lib64/libsecurity_component_sdk.z.so
5b18d26000-5b18d27000 rw-p 00000000 [anon:libsecurity_component_sdk.z.so.bss]
5b18d27000-5b18d3c000 r--p 00000000 /system/framework/drawing.abc
5b18d3c000-5b18d40000 r--p 00000000 /system/framework/extension_window_host_ani.abc
5b18d40000-5b18d4c000 r--p 00000000 /system/lib64/platformsdk/libbase.z.so
5b18d4c000-5b18d55000 r-xp 0000b000 /system/lib64/platformsdk/libbase.z.so
5b18d55000-5b18d59000 r--p 00013000 /system/lib64/platformsdk/libbase.z.so
5b18d59000-5b18d5a000 rw-p 00016000 /system/lib64/platformsdk/libbase.z.so
5b18d5a000-5b18d7c000 r--p 00000000 /system/framework/distributedmissionmanager.abc
5b18d7c000-5b18d7f000 r--p 00000000 /system/framework/form_extension_ability_ani.abc
5b18d7f000-5b18d80000 r--p 00000000 /system/framework/hdsPhysics2d_common.abc
5b18d80000-5b18d82000 r--p 00000000 /system/lib64/platformsdk/libapi_cache_manager.z.so
5b18d82000-5b18d88000 r-xp 00001000 /system/lib64/platformsdk/libapi_cache_manager.z.so
5b18d88000-5b18d89000 r--p 00006000 /system/lib64/platformsdk/libapi_cache_manager.z.so
5b18d89000-5b18d8a000 rw-p 00006000 /system/lib64/platformsdk/libapi_cache_manager.z.so
5b18d8a000-5b18db8000 r--p 00000000 /system/framework/crypto_framework_ets.abc
5b18db8000-5b18db9000 rw-p 00000000 [anon:ArkTS Code:/system/lib64/module/libcalendarmanager.z.so_437840_1]
5b18db9000-5b18dbe000 r--p 00000000 /system/framework/fbwindow_ani.abc
5b18dbe000-5b18dbf000 r--p 00000000 /system/framework/hichecker.abc
5b18dbf000-5b18dc0000 r--p 00000000 /system/framework/hitrace_meter.abc
5b18dc0000-5b18dce000 r--p 00000000 /system/lib64/chipset-sdk-sp/libselinux.z.so
5b18dce000-5b18dec000 r-xp 0000d000 /system/lib64/chipset-sdk-sp/libselinux.z.so
5b18dec000-5b18dee000 r--p 0002a000 /system/lib64/chipset-sdk-sp/libselinux.z.so
5b18dee000-5b18def000 rw-p 0002b000 /system/lib64/chipset-sdk-sp/libselinux.z.so
5b18def000-5b18df1000 rw-p 00000000 [anon:libselinux.z.so.bss]
5b18df1000-5b18e00000 r--p 00000000 /system/framework/drm_framework_taihe_abc.abc
5b18e00000-5b18e03000 r--p 00000000 /system/lib64/platformsdk/libnetsys_client.z.so
5b18e03000-5b18e08000 r-xp 00002000 /system/lib64/platformsdk/libnetsys_client.z.so
5b18e08000-5b18e09000 r--p 00006000 /system/lib64/platformsdk/libnetsys_client.z.so
5b18e09000-5b18e0a000 rw-p 00006000 /system/lib64/platformsdk/libnetsys_client.z.so
5b18e0a000-5b18e88000 rw-p 00000000 [anon:libnetsys_client.z.so.bss]
5b18e88000-5b18eb9000 r--p 00000000 /system/framework/counter_ets_abc.abc
5b18eb9000-5b18ebe000 r--p 00000000 /system/framework/file_fileuri_taihe_abc.abc
5b18ebe000-5b18ec0000 r--p 00000000 /system/framework/hilog.abc
5b18ec0000-5b18efa000 r--p 00000000 /system/lib64/platformsdk/libglobal_resmgr.z.so
5b18efa000-5b18f62000 r-xp 00039000 /system/lib64/platformsdk/libglobal_resmgr.z.so
5b18f62000-5b18f67000 r--p 000a0000 /system/lib64/platformsdk/libglobal_resmgr.z.so
5b18f67000-5b18f68000 rw-p 000a4000 /system/lib64/platformsdk/libglobal_resmgr.z.so
5b18f68000-5b18f79000 r--p 00000000 /system/framework/ets2abc_commonsdk_arkts.abc
5b18f79000-5b18f7c000 r--p 00000000 /system/framework/form_observer_abc.abc
5b18f7c000-5b18f80000 rw-p 00000000 [anon:native_heap:brk]
5b18f80000-5b1903b000 r--p 00000000 /system/lib64/platformsdk/libappexecfwk_base.z.so
5b1903b000-5b1914e000 r-xp 000ba000 /system/lib64/platformsdk/libappexecfwk_base.z.so
5b1914e000-5b1915b000 r--p 001cc000 /system/lib64/platformsdk/libappexecfwk_base.z.so
5b1915b000-5b1915d000 rw-p 001d8000 /system/lib64/platformsdk/libappexecfwk_base.z.so
5b1915d000-5b1916c000 r--p 00000000 /system/framework/file_backup_taihe_abc.abc
5b1916c000-5b1916e000 r--p 00000000 /system/framework/hms_collaboration_inner_servicedelivery.abc
5b1916e000-5b19170000 rw-p 00000000 [anon:native_heap:brk]
5b19170000-5b19178000 r--p 00000000 /system/framework/file_cloud_sync_manager.abc
5b19178000-5b1917e000 r--p 00000000 /system/framework/formProvider.abc
5b1917e000-5b1917f000 r--p 00000000 /system/framework/hms_collaboration_pushDownstreamProcess.abc
5b1917f000-5b19180000 r--p 00000000 /system/framework/imagecache.abc
5b19180000-5b191be000 r--p 00000000 /system/lib64/platformsdk/libwant.z.so
5b191be000-5b19231000 r-xp 0003d000 /system/lib64/platformsdk/libwant.z.so
5b19231000-5b19236000 r--p 000af000 /system/lib64/platformsdk/libwant.z.so
5b19236000-5b19237000 rw-p 000b3000 /system/lib64/platformsdk/libwant.z.so
5b19237000-5b19238000 rw-p 00000000 [anon:libwant.z.so.bss]
5b19238000-5b1923c000 r--p 00000000 /system/framework/formmenu_ets_abc.abc
5b1923c000-5b19240000 r--p 00000000 /system/framework/freeInstall.abc
5b19240000-5b1924a000 r--p 00000000 /system/lib64/chipset-sdk-sp/libstorage_manager_acl.z.so
5b1924a000-5b1925b000 r-xp 00009000 /system/lib64/chipset-sdk-sp/libstorage_manager_acl.z.so
5b1925b000-5b1925d000 r--p 00019000 /system/lib64/chipset-sdk-sp/libstorage_manager_acl.z.so
5b1925d000-5b1925e000 rw-p 0001a000 /system/lib64/chipset-sdk-sp/libstorage_manager_acl.z.so
5b1925e000-5b1926f000 r--p 00000000 /system/framework/file_cloud_sync.abc
5b1926f000-5b1927a000 r--p 00000000 /system/framework/file_picker_taihe_abc.abc
5b1927a000-5b1927f000 r--p 00000000 /system/framework/global.abc
5b1927f000-5b19280000 r--p 00000000 /system/framework/launcher_ability_info.abc
5b19280000-5b19294000 r--p 00000000 /system/lib64/platformsdk/libdomain_account_innerkits.z.so
5b19294000-5b192b3000 r-xp 00013000 /system/lib64/platformsdk/libdomain_account_innerkits.z.so
5b192b3000-5b192ba000 r--p 00031000 /system/lib64/platformsdk/libdomain_account_innerkits.z.so
5b192ba000-5b192bb000 rw-p 00037000 /system/lib64/platformsdk/libdomain_account_innerkits.z.so
5b192bb000-5b192be000 r--p 00000000 /system/framework/graphic_2d_ext_abc.abc
5b192be000-5b192c0000 r--p 00000000 /system/framework/inputmethod_extension_ability_ani.abc
5b192c0000-5b192c8000 r--p 00000000 /system/lib64/platformsdk/libaccountkits.z.so
5b192c8000-5b192d9000 r-xp 00007000 /system/lib64/platformsdk/libaccountkits.z.so
5b192d9000-5b192dd000 r--p 00017000 /system/lib64/platformsdk/libaccountkits.z.so
5b192dd000-5b192de000 rw-p 0001a000 /system/lib64/platformsdk/libaccountkits.z.so
5b192de000-5b192e6000 r--p 00000000 /system/framework/fusion_awareness_app_abc.abc
5b192e6000-5b192e7000 rw-p 00000000 [anon:native_heap:brk]
5b192e7000-5b192f0000 r--p 00000000 /system/framework/file_share_taihe_abc.abc
5b192f0000-5b192fb000 r--p 00000000 /system/framework/findnetwork_ets.abc
5b192fb000-5b192ff000 r--p 00000000 /system/framework/hap_module_info.abc
5b192ff000-5b19300000 r--p 00000000 /system/framework/metadata.abc
5b19300000-5b19315000 r--p 00000000 /system/lib64/platformsdk/libcesfwk_innerkits.z.so
5b19315000-5b19322000 r-xp 00014000 /system/lib64/platformsdk/libcesfwk_innerkits.z.so
5b19322000-5b19324000 r--p 00020000 /system/lib64/platformsdk/libcesfwk_innerkits.z.so
5b19324000-5b19325000 rw-p 00021000 /system/lib64/platformsdk/libcesfwk_innerkits.z.so
5b19325000-5b19327000 rw-p 00000000 [anon:libcesfwk_innerkits.z.so.bss]
5b19327000-5b19335000 r--p 00000000 /system/framework/fold_split_container_ets_abc.abc
5b19335000-5b1933e000 r--p 00000000 /system/framework/full_screen_launch_ets_abc.abc
5b1933e000-5b19340000 r--p 00000000 /system/framework/inspector.abc
5b19340000-5b19355000 r--p 00000000 /system/lib64/platformsdk/libcesfwk_core.z.so
5b19355000-5b1936a000 r-xp 00014000 /system/lib64/platformsdk/libcesfwk_core.z.so
5b1936a000-5b19371000 r--p 00028000 /system/lib64/platformsdk/libcesfwk_core.z.so
5b19371000-5b19372000 rw-p 0002e000 /system/lib64/platformsdk/libcesfwk_core.z.so
5b19372000-5b1937e000 r--p 00000000 /system/framework/formHost.abc
5b1937e000-5b19380000 r--p 00000000 /system/framework/intelligentscene.abc
5b19380000-5b19399000 r--p 00000000 /system/lib64/platformsdk/libaccount_common.z.so
5b19399000-5b193be000 r-xp 00018000 /system/lib64/platformsdk/libaccount_common.z.so
5b193be000-5b193c1000 r--p 0003c000 /system/lib64/platformsdk/libaccount_common.z.so
5b193c1000-5b193c2000 rw-p 0003e000 /system/lib64/platformsdk/libaccount_common.z.so
5b193c2000-5b193cf000 r--p 00000000 /system/framework/formInfo.abc
5b193cf000-5b193d7000 r--p 00000000 /system/framework/gesture_event.abc
5b193d7000-5b193e6000 r--p 00000000 /system/framework/graphics3d_scene.abc
5b193e6000-5b193f6000 r--p 00000000 /system/framework/graphics3d_scene_nodes.abc
5b193f6000-5b193fe000 r--p 00000000 /system/framework/graphics3d_scene_post_process_settings.abc
5b193fe000-5b19400000 r--p 00000000 /system/framework/launcher_ability_resource_info.abc
5b19400000-5b1941e000 r--p 00000000 /system/lib64/platformsdk/libos_account_innerkits.z.so
5b1941e000-5b1945f000 r-xp 0001d000 /system/lib64/platformsdk/libos_account_innerkits.z.so
5b1945f000-5b19465000 r--p 0005d000 /system/lib64/platformsdk/libos_account_innerkits.z.so
5b19465000-5b19466000 rw-p 00062000 /system/lib64/platformsdk/libos_account_innerkits.z.so
5b19466000-5b19467000 rw-p 00000000 [anon:libos_account_innerkits.z.so.bss]
5b19467000-5b1946a000 r--p 00000000 /system/framework/hdsPhysics2d_rigidBody.abc
5b1946a000-5b1946b000 r--p 00000000 /system/framework/notification_action_button.abc
5b1946b000-5b1946f000 rw-p 00000000 [anon:native_heap:brk]
5b1946f000-5b1947b000 r--p 00000000 /system/framework/graphics3d_scene_types.abc
5b1947b000-5b19480000 r--p 00000000 /system/framework/hisysevent.abc
5b19480000-5b19483000 r--p 00000000 /system/lib64/platformsdk/libdistributeddata_mgr.z.so
5b19483000-5b19487000 r-xp 00002000 /system/lib64/platformsdk/libdistributeddata_mgr.z.so
5b19487000-5b19489000 r--p 00005000 /system/lib64/platformsdk/libdistributeddata_mgr.z.so
5b19489000-5b1948a000 rw-p 00006000 /system/lib64/platformsdk/libdistributeddata_mgr.z.so
5b1948a000-5b194a3000 r--p 00000000 /system/framework/graphics3d_scene_resources.abc
5b194a3000-5b194b0000 r--p 00000000 /system/framework/graphstore.abc
5b194b0000-5b194b7000 r--p 00000000 /system/framework/hardware_taihe_abc.abc
5b194b7000-5b194be000 r--p 00000000 /system/framework/hidebug.abc
5b194be000-5b194c0000 r--p 00000000 /system/framework/live_form_extension_ability.abc
5b194c0000-5b194c3000 r--p 00000000 /system/lib64/platformsdk/libappexecfwk_common.z.so
5b194c3000-5b194c7000 r-xp 00002000 /system/lib64/platformsdk/libappexecfwk_common.z.so
5b194c7000-5b194c9000 r--p 00005000 /system/lib64/platformsdk/libappexecfwk_common.z.so
5b194c9000-5b194ca000 rw-p 00006000 /system/lib64/platformsdk/libappexecfwk_common.z.so
5b194ca000-5b194e0000 r--p 00000000 /system/framework/hdsBaseComponent.abc
5b194e0000-5b194eb000 r--p 00000000 /system/framework/hiappevent.abc
5b194eb000-5b194ee000 r--p 00000000 /system/framework/hitrace_chain.abc
5b194ee000-5b194f3000 r--p 00000000 /system/framework/hms.xrGlassesService.xrGlassesAppService.abc
5b194f3000-5b194f7000 r--p 00000000 /system/framework/hms_collaboration_camerasupplier.abc
5b194f7000-5b194fa000 r--p 00000000 /system/framework/hms_collaboration_collaborationability.abc
5b194fa000-5b194ff000 r--p 00000000 /system/framework/hms_collaboration_collaborationservicemanager.abc
5b194ff000-5b19500000 r--p 00000000 /system/framework/notification_common_def.abc
5b19500000-5b19506000 r--p 00000000 /system/lib64/chipset-sdk-sp/libucollection_client.z.so
5b19506000-5b1950f000 r-xp 00005000 /system/lib64/chipset-sdk-sp/libucollection_client.z.so
5b1950f000-5b19513000 r--p 0000d000 /system/lib64/chipset-sdk-sp/libucollection_client.z.so
5b19513000-5b19514000 rw-p 00010000 /system/lib64/chipset-sdk-sp/libucollection_client.z.so
5b19514000-5b1951c000 r--p 00000000 /system/framework/hms_collaboration_devicepicker.abc
5b1951c000-5b19520000 r--p 00000000 /system/framework/hms_collaboration_inner_devicepicker.abc
5b19520000-5b19523000 r--p 00000000 /system/framework/hms_collaboration_servicebrowser.abc
5b19523000-5b1952b000 r--p 00000000 /system/framework/hms_graphics_spatialRender.abc
5b1952b000-5b19538000 r--p 00000000 /system/framework/http.abc
5b19538000-5b1953f000 r--p 00000000 /system/framework/image_loader_taihe_abc.abc
5b1953f000-5b19540000 r--p 00000000 /system/framework/notification_extension_content.abc
5b19540000-5b1954d000 r--p 00000000 /system/lib64/libhap_restorecon.z.so
5b1954d000-5b19570000 r-xp 0000c000 /system/lib64/libhap_restorecon.z.so
5b19570000-5b19573000 r--p 0002e000 /system/lib64/libhap_restorecon.z.so
5b19573000-5b19574000 rw-p 00030000 /system/lib64/libhap_restorecon.z.so
5b19574000-5b1957a000 r--p 00000000 /system/framework/infrared_emitter.abc
5b1957a000-5b1957f000 r--p 00000000 /system/framework/input_event.abc
5b1957f000-5b19580000 r--p 00000000 /system/framework/notification_extension_subscriber_extension_ability.abc
5b19580000-5b19595000 r--p 00000000 /system/lib64/appspawn/common/libappspawn_sandbox.z.so
5b19595000-5b195c0000 r-xp 00014000 /system/lib64/appspawn/common/libappspawn_sandbox.z.so
5b195c0000-5b195c3000 r--p 0003e000 /system/lib64/appspawn/common/libappspawn_sandbox.z.so
5b195c3000-5b195c4000 rw-p 00040000 /system/lib64/appspawn/common/libappspawn_sandbox.z.so
5b195c4000-5b195c5000 rw-p 00000000 [anon:libappspawn_sandbox.z.so.bss]
5b195c5000-5b195fc000 r--p 00000000 /system/framework/hms_collaboration_collaborationdevicepicker.abc
5b195fc000-5b195ff000 r--p 00000000 /system/framework/launcher_bundle_manager.abc
5b195ff000-5b19600000 r--p 00000000 /system/framework/notification_extension_subscriber_extension_context.abc
5b19600000-5b1960d000 r--p 00000000 /system/lib64/platformsdk/libfuse.z.so
5b1960d000-5b1962e000 r-xp 0000c000 /system/lib64/platformsdk/libfuse.z.so
5b1962e000-5b19640000 r--p 0002c000 /system/lib64/platformsdk/libfuse.z.so
5b19640000-5b19641000 rw-p 0003d000 /system/lib64/platformsdk/libfuse.z.so
5b19641000-5b19e42000 rw-p 00000000 [anon:libfuse.z.so.bss]
5b19e42000-5b19e6c000 r--p 00000000 /system/framework/hms_collaboration_rcp.abc
5b19e6c000-5b19e74000 r--p 00000000 /system/framework/input_consumer.abc
5b19e74000-5b19e7b000 r--p 00000000 /system/framework/input_event_client.abc
5b19e7b000-5b19e80000 r--p 00000000 /system/framework/inputmethod_extraconfig_abc.abc
5b19e80000-5b19e86000 r--p 00000000 /system/lib64/platformsdk/libdlp_fuse.z.so
5b19e86000-5b19e8e000 r-xp 00005000 /system/lib64/platformsdk/libdlp_fuse.z.so
5b19e8e000-5b19e90000 r--p 0000c000 /system/lib64/platformsdk/libdlp_fuse.z.so
5b19e90000-5b19e91000 rw-p 0000d000 /system/lib64/platformsdk/libdlp_fuse.z.so
5b19e91000-5b19eba000 r--p 00000000 /system/framework/hms_collaboration_service.abc
5b19eba000-5b19ec0000 r--p 00000000 /system/framework/inputmethod_panel_abc.abc
5b19ec0000-5b19ec2000 r--p 00000000 /system/lib64/appspawn/common/libevent_reporter.z.so
5b19ec2000-5b19ec4000 r-xp 00001000 /system/lib64/appspawn/common/libevent_reporter.z.so
5b19ec4000-5b19ec5000 r--p 00002000 /system/lib64/appspawn/common/libevent_reporter.z.so
5b19ec5000-5b19ec6000 rw-p 00002000 /system/lib64/appspawn/common/libevent_reporter.z.so
5b19ec6000-5b19efd000 r--p 00000000 /system/framework/image_framework_taihe_abc.abc
5b19efd000-5b19eff000 r--p 00000000 /system/framework/live_form_extension_context.abc
5b19eff000-5b19f00000 r--p 00000000 /system/framework/notification_extension_subscription_info.abc
5b19f00000-5b19f01000 r--p 00000000 /system/lib64/appspawn/libappspawn_asan.z.so
5b19f01000-5b19f03000 r-xp 00000000 /system/lib64/appspawn/libappspawn_asan.z.so
5b19f03000-5b19f04000 r--p 00001000 /system/lib64/appspawn/libappspawn_asan.z.so
5b19f04000-5b19f05000 rw-p 00001000 /system/lib64/appspawn/libappspawn_asan.z.so
5b19f05000-5b1a105000 r--s 00000000 /dev/__parameters__/u:object_r:persist_sys_param:s0
5b1a105000-5b1a112000 r--p 00000000 /system/framework/input_device.abc
5b1a112000-5b1a119000 r--p 00000000 /system/framework/input_monitor.abc
5b1a119000-5b1a131000 r--p 00000000 /system/framework/inputmethod_abc.abc
5b1a131000-5b1a137000 r--p 00000000 /system/framework/inputmethod_subtype_abc.abc
5b1a137000-5b1a13c000 r--p 00000000 /system/framework/intention_code.abc
5b1a13c000-5b1a13e000 r--p 00000000 /system/framework/loglibrary.abc
5b1a13e000-5b1a140000 r--p 00000000 /system/framework/network_security.abc
5b1a140000-5b1a15e000 r--p 00000000 /system/lib64/libnstackx_util.z.so
5b1a15e000-5b1a195000 r-xp 0001d000 /system/lib64/libnstackx_util.z.so
5b1a195000-5b1a198000 r--p 00053000 /system/lib64/libnstackx_util.z.so
5b1a198000-5b1a199000 rw-p 00055000 /system/lib64/libnstackx_util.z.so
5b1a199000-5b1a219000 rw-p 00000000 
5b1a219000-5b1a22b000 r--p 00000000 /system/framework/inputmethod_dialog_ets_abc.abc
5b1a22b000-5b1a239000 r--p 00000000 /system/framework/key_code.abc
5b1a239000-5b1a240000 r--p 00000000 /system/framework/key_event.abc
5b1a240000-5b1a253000 r--p 00000000 /system/lib64/platformsdk/libpluginmanager.z.so
5b1a253000-5b1a273000 r-xp 00012000 /system/lib64/platformsdk/libpluginmanager.z.so
5b1a273000-5b1a275000 r--p 00031000 /system/lib64/platformsdk/libpluginmanager.z.so
5b1a275000-5b1a276000 rw-p 00032000 /system/lib64/platformsdk/libpluginmanager.z.so
5b1a276000-5b1a27b000 r--p 00000000 /system/framework/key_manager_taihe_abc.abc
5b1a27b000-5b1a27f000 r--p 00000000 /system/framework/network_quality.abc
5b1a27f000-5b1a280000 r--p 00000000 /system/framework/notification_sorting_map.abc
5b1a280000-5b1a2bc000 r--p 00000000 /system/lib64/libui_extension.z.so
5b1a2bc000-5b1a2ef000 r-xp 0003b000 /system/lib64/libui_extension.z.so
5b1a2ef000-5b1a2f4000 r--p 0006d000 /system/lib64/libui_extension.z.so
5b1a2f4000-5b1a2f5000 rw-p 00071000 /system/lib64/libui_extension.z.so
5b1a2f5000-5b1a2f6000 rw-p 00000000 [anon:libui_extension.z.so.bss]
5b1a2f6000-5b1a2fc000 r--p 00000000 /system/framework/local_chat_abc.abc
5b1a2fc000-5b1a2fe000 r--p 00000000 /system/framework/notification_flags.abc
5b1a2fe000-5b1a300000 r--p 00000000 /system/framework/notification_info.abc
5b1a300000-5b1a304000 r--p 00000000 /system/lib64/platformsdk/libpreferred_language.z.so
5b1a304000-5b1a309000 r-xp 00003000 /system/lib64/platformsdk/libpreferred_language.z.so
5b1a309000-5b1a30a000 r--p 00007000 /system/lib64/platformsdk/libpreferred_language.z.so
5b1a30a000-5b1a30b000 rw-p 00007000 /system/lib64/platformsdk/libpreferred_language.z.so
5b1a30b000-5b1a329000 r--p 00000000 /system/framework/inputmethod_engine_abc.abc
5b1a329000-5b1a33f000 r--p 00000000 /system/framework/intelligent_voice_framework_taihe_abc.abc
5b1a33f000-5b1a340000 r--p 00000000 /system/framework/notification_subscribe_info.abc
5b1a340000-5b1a49b000 r--p 00000000 /system/lib64/chipset-sdk-sp/libcrypto_openssl.z.so
5b1a49b000-5b1a66d000 r-xp 0015a000 /system/lib64/chipset-sdk-sp/libcrypto_openssl.z.so
5b1a66d000-5b1a6ce000 r--p 0032b000 /system/lib64/chipset-sdk-sp/libcrypto_openssl.z.so
5b1a6ce000-5b1a6d1000 rw-p 0038b000 /system/lib64/chipset-sdk-sp/libcrypto_openssl.z.so
5b1a6d1000-5b1a6d4000 rw-p 00000000 [anon:libcrypto_openssl.z.so.bss]
5b1a6d4000-5b1a6f4000 r--p 00000000 /system/framework/location_framework_abc.abc
5b1a6f4000-5b1a6fa000 r--p 00000000 /system/framework/metadataBinding_abc.abc
5b1a6fa000-5b1a700000 r--p 00000000 /system/framework/motion_abc.abc
5b1a700000-5b1a705000 r--p 00000000 /system/lib64/platformsdk/libmodal_system_ui_extension_client.z.so
5b1a705000-5b1a709000 r-xp 00004000 /system/lib64/platformsdk/libmodal_system_ui_extension_client.z.so
5b1a709000-5b1a70b000 r--p 00007000 /system/lib64/platformsdk/libmodal_system_ui_extension_client.z.so
5b1a70b000-5b1a70c000 rw-p 00008000 /system/lib64/platformsdk/libmodal_system_ui_extension_client.z.so
5b1a70c000-5b1a71b000 r--p 00000000 /system/framework/mech_manager_abc.abc
5b1a71b000-5b1a729000 r--p 00000000 /system/framework/mindspore_ani_abc.abc
5b1a729000-5b1a732000 r--p 00000000 /system/framework/mouse_event.abc
5b1a732000-5b1a738000 r--p 00000000 /system/framework/multimodalawareness_devicestatus_abc.abc
5b1a738000-5b1a73e000 r--p 00000000 /system/framework/nearlinkCdsm_abc.abc
5b1a73e000-5b1a740000 r--p 00000000 /system/framework/notification_slot.abc
5b1a740000-5b1a74e000 r--p 00000000 /system/lib64/platformsdk/liburi_permission_mgr.z.so
5b1a74e000-5b1a762000 r-xp 0000d000 /system/lib64/platformsdk/liburi_permission_mgr.z.so
5b1a762000-5b1a767000 r--p 00020000 /system/lib64/platformsdk/liburi_permission_mgr.z.so
5b1a767000-5b1a768000 rw-p 00024000 /system/lib64/platformsdk/liburi_permission_mgr.z.so
5b1a768000-5b1a769000 rw-p 00000000 [anon:liburi_permission_mgr.z.so.bss]
5b1a769000-5b1a780000 r--p 00000000 /system/framework/multi_navigation_ets_abc.abc
5b1a780000-5b1a78d000 r--p 00000000 /system/lib64/libinsight_intent_executor.z.so
5b1a78d000-5b1a79c000 r-xp 0000c000 /system/lib64/libinsight_intent_executor.z.so
5b1a79c000-5b1a79e000 r--p 0001a000 /system/lib64/libinsight_intent_executor.z.so
5b1a79e000-5b1a79f000 rw-p 0001b000 /system/lib64/libinsight_intent_executor.z.so
5b1a79f000-5b1a7a5000 r--p 00000000 /system/framework/nearlinkConstant_abc.abc
5b1a7a5000-5b1a7ae000 r--p 00000000 /system/framework/nearlinkManager_abc.abc
5b1a7ae000-5b1a7b4000 r--p 00000000 /system/framework/nearlinkRemoteDevice_abc.abc
5b1a7b4000-5b1a7ba000 r--p 00000000 /system/framework/nfc_fwk_etc_cardEmulation_abc.abc
5b1a7ba000-5b1a7bf000 r--p 00000000 /system/framework/nfc_fwk_etc_controller_abc.abc
5b1a7bf000-5b1a7c0000 r--p 00000000 /system/framework/notification_template.abc
5b1a7c0000-5b1a7c2000 r--p 00000000 /system/lib64/platformsdk/libstart_window_option.z.so
5b1a7c2000-5b1a7c5000 r-xp 00001000 /system/lib64/platformsdk/libstart_window_option.z.so
5b1a7c5000-5b1a7c6000 r--p 00003000 /system/lib64/platformsdk/libstart_window_option.z.so
5b1a7c6000-5b1a7c7000 rw-p 00003000 /system/lib64/platformsdk/libstart_window_option.z.so
5b1a7c7000-5b1a7e3000 r--p 00000000 /system/framework/nfc_fwk_etc_tag_abc.abc
5b1a7e3000-5b1a7ed000 r--p 00000000 /system/framework/notification_content.abc
5b1a7ed000-5b1a7f2000 r--p 00000000 /system/framework/notification_extension_subscription.abc
5b1a7f2000-5b1a7fd000 r--p 00000000 /system/framework/notification_request.abc
5b1a7fd000-5b1a7ff000 r--p 00000000 /system/framework/notification_sorting.abc
5b1a7ff000-5b1a800000 r--p 00000000 /system/framework/notification_user_input.abc
5b1a800000-5b1a810000 r--p 00000000 /system/lib64/platformsdk/libbundle_napi_common.z.so
5b1a810000-5b1a82d000 r-xp 0000f000 /system/lib64/platformsdk/libbundle_napi_common.z.so
5b1a82d000-5b1a82f000 r--p 0002b000 /system/lib64/platformsdk/libbundle_napi_common.z.so
5b1a82f000-5b1a830000 rw-p 0002c000 /system/lib64/platformsdk/libbundle_napi_common.z.so
5b1a830000-5b1a837000 r--p 00000000 /system/framework/notification_subscribe.abc
5b1a837000-5b1a83e000 r--p 00000000 /system/framework/notification_subscriber.abc
5b1a83e000-5b1a840000 r--p 00000000 /system/framework/ohos_file_environment_abc.abc
5b1a840000-5b1a849000 r--p 00000000 /system/lib64/chipset-sdk-sp/libhdf_ipc_adapter.z.so
5b1a849000-5b1a85a000 r-xp 00008000 /system/lib64/chipset-sdk-sp/libhdf_ipc_adapter.z.so
5b1a85a000-5b1a85c000 r--p 00018000 /system/lib64/chipset-sdk-sp/libhdf_ipc_adapter.z.so
5b1a85c000-5b1a85d000 rw-p 00019000 /system/lib64/chipset-sdk-sp/libhdf_ipc_adapter.z.so
5b1a85d000-5b1a870000 r--p 00000000 /system/framework/notification_manager.abc
5b1a870000-5b1a879000 r--p 00000000 /system/framework/observer.abc
5b1a879000-5b1a87b000 r--p 00000000 /system/framework/ohos_file_hash_abc.abc
5b1a87b000-5b1a87d000 r--p 00000000 /system/framework/ohos_file_securityLabel_abc.abc
5b1a87d000-5b1a87f000 r--p 00000000 /system/framework/ohos_file_statvfs_abc.abc
5b1a87f000-5b1a880000 r--p 00000000 /system/framework/overlayManager.abc
5b1a880000-5b1a887000 r--p 00000000 /system/lib64/libabsl_time_zone.z.so
5b1a887000-5b1a897000 r-xp 00006000 /system/lib64/libabsl_time_zone.z.so
5b1a897000-5b1a899000 r--p 00015000 /system/lib64/libabsl_time_zone.z.so
5b1a899000-5b1a89a000 rw-p 00016000 /system/lib64/libabsl_time_zone.z.so
5b1a89a000-5b1a8ac000 r--p 00000000 /system/framework/ohos_distributedDeviceManager_abc.abc
5b1a8ac000-5b1a8ba000 r--p 00000000 /system/framework/onScreen_abc.abc
5b1a8ba000-5b1a8be000 r--p 00000000 /system/framework/overlay.abc
5b1a8be000-5b1a8bf000 r--p 00000000 /system/framework/overlay_module_info.abc
5b1a8bf000-5b1a8c0000 r--p 00000000 /system/framework/permission_def.abc
5b1a8c0000-5b1a8e3000 r--p 00000000 /system/lib64/platformsdk/libability_thread.z.so
5b1a8e3000-5b1a8fa000 r-xp 00022000 /system/lib64/platformsdk/libability_thread.z.so
5b1a8fa000-5b1a903000 r--p 00038000 /system/lib64/platformsdk/libability_thread.z.so
5b1a903000-5b1a904000 rw-p 00040000 /system/lib64/platformsdk/libability_thread.z.so
5b1a904000-5b1a928000 r--p 00000000 /system/framework/ohos_file_fs_abc.abc
5b1a928000-5b1a92f000 r--p 00000000 /system/framework/parentControl_ets.abc
5b1a92f000-5b1a93d000 r--p 00000000 /system/framework/pasteboard_taihe_ani.abc
5b1a93d000-5b1a93e000 r--p 00000000 /system/framework/permissions.abc
5b1a93e000-5b1a940000 r--p 00000000 /system/framework/photo_editor_extension_ability_ani.abc
5b1a940000-5b1a947000 r--p 00000000 /system/lib64/platformsdk/libdrawable_descriptor.z.so
5b1a947000-5b1a954000 r-xp 00006000 /system/lib64/platformsdk/libdrawable_descriptor.z.so
5b1a954000-5b1a955000 r--p 00012000 /system/lib64/platformsdk/libdrawable_descriptor.z.so
5b1a955000-5b1a956000 rw-p 00012000 /system/lib64/platformsdk/libdrawable_descriptor.z.so
5b1a956000-5b1a957000 rw-p 00000000 [anon:libdrawable_descriptor.z.so.bss]
5b1a957000-5b1a95b000 r--p 00000000 /system/framework/pluginComponent.abc
5b1a95b000-5b1a95d000 r--p 00000000 /system/framework/plugin_bundle_info.abc
5b1a95d000-5b1a970000 r--p 00000000 /system/framework/pointer.abc
5b1a970000-5b1a976000 r--p 00000000 /system/framework/power_abc.abc
5b1a976000-5b1a980000 r--p 00000000 /system/framework/preferences_abc.abc
5b1a980000-5b1a992000 r--p 00000000 /system/lib64/libapp_util.z.so
5b1a992000-5b1a9a9000 r-xp 00011000 /system/lib64/libapp_util.z.so
5b1a9a9000-5b1a9ab000 r--p 00027000 /system/lib64/libapp_util.z.so
5b1a9ab000-5b1a9ac000 rw-p 00028000 /system/lib64/libapp_util.z.so
5b1a9ac000-5b1a9ad000 rw-p 00000000 [anon:libapp_util.z.so.bss]
5b1a9ad000-5b1a9ae000 r--p 00000000 /system/framework/print_extension_ability_ani.abc
5b1a9ae000-5b1a9af000 r--p 00000000 /system/framework/print_extension_context_abc.abc
5b1a9af000-5b1a9b6000 r--p 00000000 /system/framework/privacy_indicator_manager_abc.abc
5b1a9b6000-5b1a9c0000 r--p 00000000 /system/framework/privacy_manager.abc
5b1a9c0000-5b1a9cf000 r--p 00000000 /system/lib64/platformsdk/libcontinuation_ipc.z.so
5b1a9cf000-5b1a9d7000 r-xp 0000e000 /system/lib64/platformsdk/libcontinuation_ipc.z.so
5b1a9d7000-5b1a9df000 r--p 00015000 /system/lib64/platformsdk/libcontinuation_ipc.z.so
5b1a9df000-5b1a9e0000 rw-p 0001c000 /system/lib64/platformsdk/libcontinuation_ipc.z.so
5b1a9e0000-5b1a9f9000 r--p 00000000 /system/framework/popup_ets_abc.abc
5b1a9f9000-5b1a9fa000 r--p 00000000 /system/framework/prompt.abc
5b1a9fa000-5b1a9fd000 r--p 00000000 /system/framework/quick_fix_manager.abc
5b1a9fd000-5b1a9ff000 r--p 00000000 /system/framework/recoverable_application_info.abc
5b1a9ff000-5b1aa00000 r--p 00000000 /system/framework/remote_ability_info.abc
5b1aa00000-5b1aa26000 r--p 00000000 /system/lib64/platformsdk/libwmutil.z.so
5b1aa26000-5b1aa60000 r-xp 00025000 /system/lib64/platformsdk/libwmutil.z.so
5b1aa60000-5b1aa65000 r--p 0005e000 /system/lib64/platformsdk/libwmutil.z.so
5b1aa65000-5b1aa66000 rw-p 00062000 /system/lib64/platformsdk/libwmutil.z.so
5b1aa66000-5b1aa74000 r--p 00000000 /system/framework/promptAction.abc
5b1aa74000-5b1aa7c000 r--p 00000000 /system/framework/proxychannelmanager_taihe_ani.abc
5b1aa7c000-5b1aa7d000 r--p 00000000 /system/framework/scene_session_manager_abc.abc
5b1aa7d000-5b1aa7f000 r--p 00000000 /system/framework/screen_lock_file_manager.abc
5b1aa7f000-5b1aa80000 r--p 00000000 /system/framework/static_subscriber_extension_ability.abc
5b1aa80000-5b1aa84000 r--p 00000000 /system/lib64/platformsdk/libconnect_server_manager.z.so
5b1aa84000-5b1aa8a000 r-xp 00003000 /system/lib64/platformsdk/libconnect_server_manager.z.so
5b1aa8a000-5b1aa8b000 r--p 00008000 /system/lib64/platformsdk/libconnect_server_manager.z.so
5b1aa8b000-5b1aa8c000 rw-p 00008000 /system/lib64/platformsdk/libconnect_server_manager.z.so
5b1aa8c000-5b1aac0000 r--p 00000000 /system/framework/os_account_abc.abc
5b1aac0000-5b1aac9000 r--p 00000000 /system/lib64/libapp_domain_verify_mgr_client.z.so
5b1aac9000-5b1aadb000 r-xp 00008000 /system/lib64/libapp_domain_verify_mgr_client.z.so
5b1aadb000-5b1aadd000 r--p 00019000 /system/lib64/libapp_domain_verify_mgr_client.z.so
5b1aadd000-5b1aade000 rw-p 0001a000 /system/lib64/libapp_domain_verify_mgr_client.z.so
5b1aade000-5b1aaf9000 r--p 00000000 /system/framework/print.abc
5b1aaf9000-5b1aaff000 r--p 00000000 /system/framework/runningLock_abc.abc
5b1aaff000-5b1ab00000 r--p 00000000 /system/framework/systemprompt.abc
5b1ab00000-5b1ab1a000 r--p 00000000 /system/lib64/platformsdk/libsession_manager.z.so
5b1ab1a000-5b1ab4c000 r-xp 00019000 /system/lib64/platformsdk/libsession_manager.z.so
5b1ab4c000-5b1ab54000 r--p 0004a000 /system/lib64/platformsdk/libsession_manager.z.so
5b1ab54000-5b1ab55000 rw-p 00051000 /system/lib64/platformsdk/libsession_manager.z.so
5b1ab55000-5b1ab6c000 r--p 00000000 /system/framework/reminder_agent_manager_abc.abc
5b1ab6c000-5b1ab7d000 r--p 00000000 /system/framework/rpc_taihe_abc.abc
5b1ab7d000-5b1ab80000 r--p 00000000 /system/framework/shape_ani.abc
5b1ab80000-5b1abbf000 r--p 00000000 /system/lib64/libdm.z.so
5b1abbf000-5b1ac3c000 r-xp 0003e000 /system/lib64/libdm.z.so
5b1ac3c000-5b1ac5b000 r--p 000ba000 /system/lib64/libdm.z.so
5b1ac5b000-5b1ac5c000 rw-p 000d8000 /system/lib64/libdm.z.so
5b1ac5c000-5b1ac5d000 rw-p 00000000 [anon:libdm.z.so.bss]
5b1ac5d000-5b1ac78000 r--p 00000000 /system/framework/request.abc
5b1ac78000-5b1ac7d000 r--p 00000000 /system/framework/screenLock_static.abc
5b1ac7d000-5b1ac7f000 r--p 00000000 /system/framework/share_bundle_info.abc
5b1ac7f000-5b1ac80000 r--p 00000000 /system/framework/telephony_vsim.abc
5b1ac80000-5b1ac87000 r--p 00000000 /system/lib64/libappspawn_client.z.so
5b1ac87000-5b1ac93000 r-xp 00006000 /system/lib64/libappspawn_client.z.so
5b1ac93000-5b1ac94000 r--p 00011000 /system/lib64/libappspawn_client.z.so
5b1ac94000-5b1ac95000 rw-p 00011000 /system/lib64/libappspawn_client.z.so
5b1ac95000-5b1aca2000 r--p 00000000 /system/framework/screen_abc.abc
5b1aca2000-5b1aca7000 r--p 00000000 /system/framework/screenshot_abc.abc
5b1aca7000-5b1acbe000 r--p 00000000 /system/framework/selection_menu_ets_abc.abc
5b1acbe000-5b1acc0000 r--p 00000000 /system/framework/skill.abc
5b1acc0000-5b1acc8000 r--p 00000000 /system/lib64/libapp_domain_verify_common.z.so
5b1acc8000-5b1acd2000 r-xp 00007000 /system/lib64/libapp_domain_verify_common.z.so
5b1acd2000-5b1acd5000 r--p 00010000 /system/lib64/libapp_domain_verify_common.z.so
5b1acd5000-5b1acd6000 rw-p 00012000 /system/lib64/libapp_domain_verify_common.z.so
5b1acd6000-5b1acf4000 r--p 00000000 /system/framework/sensor_abc.abc
5b1acf4000-5b1acfd000 r--p 00000000 /system/framework/service_extension_ability.abc
5b1acfd000-5b1ad00000 r--p 00000000 /system/framework/shortcut_info.abc
5b1ad00000-5b1ad41000 r--p 00000000 /system/lib64/libnstackx_dfile.z.so
5b1ad41000-5b1add7000 r-xp 00040000 /system/lib64/libnstackx_dfile.z.so
5b1add7000-5b1adda000 r--p 000d5000 /system/lib64/libnstackx_dfile.z.so
5b1adda000-5b1addb000 rw-p 000d7000 /system/lib64/libnstackx_dfile.z.so
5b1addb000-5b1ade1000 r--p 00000000 /system/framework/settings.abc
5b1ade1000-5b1ade7000 r--p 00000000 /system/framework/sharing.abc
5b1ade7000-5b1aded000 r--p 00000000 /system/framework/short_key.abc
5b1aded000-5b1adf1000 r--p 00000000 /system/framework/shortcut_manager.abc
5b1adf1000-5b1adfc000 r--p 00000000 /system/framework/soundpool_taihe_abc.abc
5b1adfc000-5b1adfe000 r--p 00000000 /system/framework/static_subscriber_extension_context.abc
5b1adfe000-5b1ae00000 r--p 00000000 /system/framework/super_privacy_manager_abc.abc
5b1ae00000-5b1ae0e000 r--p 00000000 /system/lib64/platformsdk/libastc_encoder_shared.z.so
5b1ae0e000-5b1ae2f000 r-xp 0000d000 /system/lib64/platformsdk/libastc_encoder_shared.z.so
5b1ae2f000-5b1ae31000 r--p 0002d000 /system/lib64/platformsdk/libastc_encoder_shared.z.so
5b1ae31000-5b1ae32000 rw-p 0002e000 /system/lib64/platformsdk/libastc_encoder_shared.z.so
5b1ae32000-5b1ae36000 rw-p 00000000 [anon:libastc_encoder_shared.z.so.bss]
5b1ae36000-5b1ae3f000 r--p 00000000 /system/framework/spatialAwareness_abc.abc
5b1ae3f000-5b1ae40000 r--p 00000000 /system/framework/thememanager.abc
5b1ae40000-5b1ae42000 r--p 00000000 /system/lib64/platformsdk/libability_runtime_error_util.z.so
5b1ae42000-5b1ae45000 r-xp 00001000 /system/lib64/platformsdk/libability_runtime_error_util.z.so
5b1ae45000-5b1ae46000 r--p 00003000 /system/lib64/platformsdk/libability_runtime_error_util.z.so
5b1ae46000-5b1ae47000 rw-p 00003000 /system/lib64/platformsdk/libability_runtime_error_util.z.so
5b1ae47000-5b1ae7b000 r--p 00000000 /system/framework/relationalstore.abc
5b1ae7b000-5b1ae80000 r--p 00000000 /system/framework/systemCapability.abc
5b1ae80000-5b1aed3000 r--p 00000000 /system/lib64/platformsdk/libmmi-client.z.so
5b1aed3000-5b1af8d000 r-xp 00052000 /system/lib64/platformsdk/libmmi-client.z.so
5b1af8d000-5b1af97000 r--p 0010b000 /system/lib64/platformsdk/libmmi-client.z.so
5b1af97000-5b1af98000 rw-p 00114000 /system/lib64/platformsdk/libmmi-client.z.so
5b1af98000-5b1af99000 rw-p 00000000 [anon:libmmi-client.z.so.bss]
5b1af99000-5b1afa2000 r--p 00000000 /system/framework/statistics.abc
5b1afa2000-5b1afae000 r--p 00000000 /system/framework/storage_statistics_taihe_abc.abc
5b1afae000-5b1afb3000 r--p 00000000 /system/framework/systemData.abc
5b1afb3000-5b1afb9000 r--p 00000000 /system/framework/systemParameterEnhance.abc
5b1afb9000-5b1afc0000 r--p 00000000 /system/framework/systemdatetime_abc.abc
5b1afc0000-5b1aff7000 r--p 00000000 /system/lib64/platformsdk/libruntime.z.so
5b1aff7000-5b1b03c000 r-xp 00036000 /system/lib64/platformsdk/libruntime.z.so
5b1b03c000-5b1b040000 r--p 0007a000 /system/lib64/platformsdk/libruntime.z.so
5b1b040000-5b1b041000 rw-p 0007d000 /system/lib64/platformsdk/libruntime.z.so
5b1b041000-5b1b080000 r--p 00000000 /system/framework/media_taihe_abc.abc
5b1b080000-5b1b08b000 r--p 00000000 /system/lib64/libfileuri_native.z.so
5b1b08b000-5b1b0a4000 r-xp 0000a000 /system/lib64/libfileuri_native.z.so
5b1b0a4000-5b1b0a6000 r--p 00022000 /system/lib64/libfileuri_native.z.so
5b1b0a6000-5b1b0a7000 rw-p 00023000 /system/lib64/libfileuri_native.z.so
5b1b0a7000-5b1b0a8000 rw-p 00000000 [anon:libfileuri_native.z.so.bss]
5b1b0a8000-5b1b0ae000 r--p 00000000 /system/framework/systemload_abc.abc
5b1b0ae000-5b1b0b5000 r--p 00000000 /system/framework/systemtimer_abc.abc
5b1b0b5000-5b1b0bd000 r--p 00000000 /system/framework/telephony_data.abc
5b1b0bd000-5b1b0be000 r--p 00000000 /system/framework/ui_service_extension_connect_callback_abc.abc
5b1b0be000-5b1b0bf000 r--p 00000000 /system/framework/ui_service_host_proxy_abc.abc
5b1b0bf000-5b1b0c0000 r--p 00000000 /system/framework/ui_service_proxy_abc.abc
5b1b0c0000-5b1b0c4000 r--p 00000000 /system/lib64/platformsdk/libopencl_wrapper.so
5b1b0c4000-5b1b0c9000 r-xp 00003000 /system/lib64/platformsdk/libopencl_wrapper.so
5b1b0c9000-5b1b0ca000 r--p 00007000 /system/lib64/platformsdk/libopencl_wrapper.so
5b1b0ca000-5b1b0cb000 rw-p 00007000 /system/lib64/platformsdk/libopencl_wrapper.so
5b1b0cb000-5b1b0e7000 r--p 00000000 /system/framework/system_sound_manager_taihe_abc.abc
5b1b0e7000-5b1b0ee000 r--p 00000000 /system/framework/telephony_enhanced.abc
5b1b0ee000-5b1b0fd000 r--p 00000000 /system/framework/telephony_esim.abc
5b1b0fd000-5b1b100000 r--p 00000000 /system/framework/ui_service_extension_context_abc.abc
5b1b100000-5b1b108000 r--p 00000000 /system/lib64/libui_service_extension_connection.z.so
5b1b108000-5b1b10f000 r-xp 00007000 /system/lib64/libui_service_extension_connection.z.so
5b1b10f000-5b1b112000 r--p 0000d000 /system/lib64/libui_service_extension_connection.z.so
5b1b112000-5b1b113000 rw-p 0000f000 /system/lib64/libui_service_extension_connection.z.so
5b1b113000-5b1b117000 r--p 00000000 /system/framework/telephony_observer.abc
5b1b117000-5b1b134000 r--p 00000000 /system/framework/telephony_radio_abc.abc
5b1b134000-5b1b139000 r--p 00000000 /system/framework/thermal_abc.abc
5b1b139000-5b1b13f000 r--p 00000000 /system/framework/underageModel_abc.abc
5b1b13f000-5b1b140000 r--p 00000000 /system/framework/user_auth_extension.abc
5b1b140000-5b1b149000 r--p 00000000 /system/lib64/chipset-sdk-sp/libdisplay_buffer_hdi_impl_v1_4.z.so
5b1b149000-5b1b154000 r-xp 00008000 /system/lib64/chipset-sdk-sp/libdisplay_buffer_hdi_impl_v1_4.z.so
5b1b154000-5b1b156000 r--p 00012000 /system/lib64/chipset-sdk-sp/libdisplay_buffer_hdi_impl_v1_4.z.so
5b1b156000-5b1b157000 rw-p 00013000 /system/lib64/chipset-sdk-sp/libdisplay_buffer_hdi_impl_v1_4.z.so
5b1b157000-5b1b173000 r--p 00000000 /system/framework/telephony_sim.abc
5b1b173000-5b1b17d000 r--p 00000000 /system/framework/touch_event.abc
5b1b17d000-5b1b180000 r--p 00000000 /system/framework/uri_permission_manager.abc
5b1b180000-5b1b192000 r--p 00000000 /system/lib64/platformsdk/libextensionkit_native.z.so
5b1b192000-5b1b1a3000 r-xp 00011000 /system/lib64/platformsdk/libextensionkit_native.z.so
5b1b1a3000-5b1b1a6000 r--p 00021000 /system/lib64/platformsdk/libextensionkit_native.z.so
5b1b1a6000-5b1b1a7000 rw-p 00023000 /system/lib64/platformsdk/libextensionkit_native.z.so
5b1b1a7000-5b1b1ba000 r--p 00000000 /system/framework/udmf_components_ets_abc.abc
5b1b1ba000-5b1b1c0000 r--p 00000000 /system/framework/user_auth_icon_ets_abc.abc
5b1b1c0000-5b1b1e3000 r--p 00000000 /system/lib64/platformsdk/libsms.z.so
5b1b1e3000-5b1b226000 r-xp 00022000 /system/lib64/platformsdk/libsms.z.so
5b1b226000-5b1b231000 r--p 00064000 /system/lib64/platformsdk/libsms.z.so
5b1b231000-5b1b232000 rw-p 0006e000 /system/lib64/platformsdk/libsms.z.so
5b1b232000-5b1b233000 rw-p 00000000 [anon:libsms.z.so.bss]
5b1b233000-5b1b240000 r--p 00000000 /system/framework/uiEffect_taihe_abc.abc
5b1b240000-5b1b243000 r--p 00000000 /system/lib64/platformsdk/libprivacy_communication_adapter_cxx.z.so
5b1b243000-5b1b24a000 r-xp 00002000 /system/lib64/platformsdk/libprivacy_communication_adapter_cxx.z.so
5b1b24a000-5b1b24c000 r--p 00008000 /system/lib64/platformsdk/libprivacy_communication_adapter_cxx.z.so
5b1b24c000-5b1b24d000 rw-p 00009000 /system/lib64/platformsdk/libprivacy_communication_adapter_cxx.z.so
5b1b24d000-5b1b268000 r--p 00000000 /system/framework/text_engine.abc
5b1b268000-5b1b273000 r--p 00000000 /system/framework/ui_extension_ability_ani.abc
5b1b273000-5b1b27c000 r--p 00000000 /system/framework/urpc_ani_abc.abc
5b1b27c000-5b1b27e000 r--p 00000000 /system/framework/web_native_messaging_extension_ability.abc
5b1b27e000-5b1b280000 r--p 00000000 /system/framework/web_native_messaging_extension_context.abc
5b1b280000-5b1b288000 r--p 00000000 /system/lib64/platformsdk/libforeground_app_obs_manager.z.so
5b1b288000-5b1b290000 r-xp 00007000 /system/lib64/platformsdk/libforeground_app_obs_manager.z.so
5b1b290000-5b1b294000 r--p 0000e000 /system/lib64/platformsdk/libforeground_app_obs_manager.z.so
5b1b294000-5b1b295000 rw-p 00011000 /system/lib64/platformsdk/libforeground_app_obs_manager.z.so
5b1b295000-5b1b2ae000 r--p 00000000 /system/framework/update_ani.abc
5b1b2ae000-5b1b2b7000 r--p 00000000 /system/framework/usbmanager_serial_abc.abc
5b1b2b7000-5b1b2be000 r--p 00000000 /system/framework/userfile_manager.abc
5b1b2be000-5b1b2bf000 r--p 00000000 /system/framework/workscheduler_extension_ability_abc.abc
5b1b2bf000-5b1b2c0000 r--p 00000000 /system/framework/workscheduler_extension_context_abc.abc
5b1b2c0000-5b1b2c1000 r--p 00000000 /system/lib64/platformsdk/libabsl_strings_internal.z.so
5b1b2c1000-5b1b2c3000 r-xp 00000000 /system/lib64/platformsdk/libabsl_strings_internal.z.so
5b1b2c3000-5b1b2c4000 r--p 00001000 /system/lib64/platformsdk/libabsl_strings_internal.z.so
5b1b2c4000-5b1b2c5000 rw-p 00001000 /system/lib64/platformsdk/libabsl_strings_internal.z.so
5b1b2c5000-5b1b2fb000 r--p 00000000 /system/framework/udmf_abc.abc
5b1b2fb000-5b1b2fe000 r--p 00000000 /system/framework/web_native_messaging_extension_manager.abc
5b1b2fe000-5b1b300000 r--p 00000000 /system/framework/adminManager.abc
5b1b300000-5b1b304000 r--p 00000000 /system/lib64/platformsdk/libconfiguration_helper.z.so
5b1b304000-5b1b30a000 r-xp 00003000 /system/lib64/platformsdk/libconfiguration_helper.z.so
5b1b30a000-5b1b30b000 r--p 00008000 /system/lib64/platformsdk/libconfiguration_helper.z.so
5b1b30b000-5b1b30c000 rw-p 00008000 /system/lib64/platformsdk/libconfiguration_helper.z.so
5b1b30c000-5b1b321000 r--p 00000000 /system/framework/usb_manager_abc.abc
5b1b321000-5b1b330000 r--p 00000000 /system/framework/vibrator_abc.abc
5b1b330000-5b1b337000 r--p 00000000 /system/framework/video_processing_engine_taihe_abc.abc
5b1b337000-5b1b33f000 r--p 00000000 /system/framework/volume_manager_taihe_abc.abc
5b1b33f000-5b1b340000 r--p 00000000 /system/framework/custom_config.abc
5b1b340000-5b1b345000 r--p 00000000 /system/lib64/platformsdk/libauto_startup_callback.z.so
5b1b345000-5b1b348000 r-xp 00004000 /system/lib64/platformsdk/libauto_startup_callback.z.so
5b1b348000-5b1b34a000 r--p 00006000 /system/lib64/platformsdk/libauto_startup_callback.z.so
5b1b34a000-5b1b34b000 rw-p 00007000 /system/lib64/platformsdk/libauto_startup_callback.z.so
5b1b34b000-5b1b354000 r--p 00000000 /system/framework/wallpapermgr.abc
5b1b354000-5b1b35f000 r--p 00000000 /system/framework/web_innerUI.abc
5b1b35f000-5b1b369000 r--p 00000000 /system/framework/websocket.abc
5b1b369000-5b1b371000 r--p 00000000 /system/framework/window_animation_manager_ets.abc
5b1b371000-5b1b37b000 r--p 00000000 /system/framework/work_scheduler_abc.abc
5b1b37b000-5b1b37f000 r--p 00000000 /system/framework/configPolicy.abc
5b1b37f000-5b1b380000 r--p 00000000 /system/framework/mediaquery.abc
5b1b380000-5b1b399000 r--p 00000000 /system/lib64/libEGL.so
5b1b399000-5b1b3c1000 r-xp 00018000 /system/lib64/libEGL.so
5b1b3c1000-5b1b3c9000 r--p 0003f000 /system/lib64/libEGL.so
5b1b3c9000-5b1b3ca000 rw-p 00046000 /system/lib64/libEGL.so
5b1b3ca000-5b1b3da000 rw-p 00000000 [anon:libEGL.so.bss]
5b1b3da000-5b1b3fd000 r--p 00000000 /system/framework/wifiManager_framework_abc.abc
5b1b3fd000-5b1b3ff000 r--p 00000000 /system/framework/fontManager.abc
5b1b3ff000-5b1b400000 r--p 00000000 /system/framework/memmgr.abc
5b1b400000-5b1b403000 r--p 00000000 /system/lib64/platformsdk/libace_forward_compatibility.z.so
5b1b403000-5b1b407000 r-xp 00002000 /system/lib64/platformsdk/libace_forward_compatibility.z.so
5b1b407000-5b1b408000 r--p 00005000 /system/lib64/platformsdk/libace_forward_compatibility.z.so
5b1b408000-5b1b409000 rw-p 00005000 /system/lib64/platformsdk/libace_forward_compatibility.z.so
5b1b409000-5b1b438000 r--p 00000000 /system/framework/web_webview.abc
5b1b438000-5b1b43e000 r--p 00000000 /system/framework/hms.hiviewdfx.infosec.abc
5b1b43e000-5b1b440000 r--p 00000000 /system/framework/performanceMonitor.abc
5b1b440000-5b1b444000 r--p 00000000 /system/lib64/libabsl_base.z.so
5b1b444000-5b1b448000 r-xp 00003000 /system/lib64/libabsl_base.z.so
5b1b448000-5b1b449000 r--p 00006000 /system/lib64/libabsl_base.z.so
5b1b449000-5b1b44a000 rw-p 00006000 /system/lib64/libabsl_base.z.so
5b1b44a000-5b1b464000 r--p 00000000 /system/framework/window_titlebar_component_abc.abc
5b1b464000-5b1b469000 r--p 00000000 /system/framework/hms.userIAM.fingerAuthManager.abc
5b1b469000-5b1b475000 r--p 00000000 /system/framework/i18n.abc
5b1b475000-5b1b47c000 r--p 00000000 /system/framework/intl.abc
5b1b47c000-5b1b47f000 r--p 00000000 /system/framework/matrix4.abc
5b1b47f000-5b1b480000 r--p 00000000 /system/framework/rawFileDescriptor.abc
5b1b480000-5b1b4a6000 r--p 00000000 /system/lib64/platformsdk/libhiappevent_base.z.so
5b1b4a6000-5b1b4fd000 r-xp 00025000 /system/lib64/platformsdk/libhiappevent_base.z.so
5b1b4fd000-5b1b501000 r--p 0007b000 /system/lib64/platformsdk/libhiappevent_base.z.so
5b1b501000-5b1b502000 rw-p 0007e000 /system/lib64/platformsdk/libhiappevent_base.z.so
5b1b502000-5b1b506000 rw-p 00000000 [anon:libhiappevent_base.z.so.bss]
5b1b506000-5b1b527000 r--p 00000000 /system/framework/zlib.abc
5b1b527000-5b1b52e000 r--p 00000000 /system/framework/linkEnhance_taihe_ani.abc
5b1b52e000-5b1b532000 r--p 00000000 /system/framework/networkManager.abc
5b1b532000-5b1b537000 r--p 00000000 /system/framework/ohos.userIAM.faceAuth.abc
5b1b537000-5b1b53e000 r--p 00000000 /system/framework/ohos.userIAM.userAccessCtrl.abc
5b1b53e000-5b1b53f000 r--p 00000000 /system/framework/restrictions.abc
5b1b53f000-5b1b540000 r--p 00000000 /system/framework/securityManager.abc
5b1b540000-5b1b543000 r--p 00000000 /system/lib64/platformsdk/libegl_image.z.so
5b1b543000-5b1b547000 r-xp 00002000 /system/lib64/platformsdk/libegl_image.z.so
5b1b547000-5b1b549000 r--p 00005000 /system/lib64/platformsdk/libegl_image.z.so
5b1b549000-5b1b54a000 rw-p 00006000 /system/lib64/platformsdk/libegl_image.z.so
5b1b54a000-5b1b557000 r--p 00000000 /system/framework/resourceManager.abc
5b1b557000-5b1b558000 r--p 00000000 /system/framework/ui_appearance_abc.abc
5b1b558000-5b1b568000 r--p 00000000 /system/framework/usage_statistics_abc.abc
5b1b568000-5b1b575000 r--p 00000000 /system/framework/user_auth.abc
5b1b575000-5b1b579000 rw-p 00000000 [anon:native_heap:brk]
5b1b579000-5b1b57a000 rw-p 00000000 [anon:ArkTS Code:/app/ability/libextensionability_napi.z.so_15424_2]
5b1b57a000-5b1b57b000 rw-p 00000000 [anon:ArkTS Code:/system/lib64/module/app/ability/libuiability.z.so_15360_1]
5b1b57b000-5b1b57d000 rw-p 00000000 [anon:ArkTS Code:/system/lib64/module/application/libcallee_napi.z.so_15360_1]
5b1b57d000-5b1b57e000 rw-p 00000000 [anon:ArkTS Code:/app/ability/libuiextensionability_napi.z.so_15440_2]
5b1b57e000-5b1b57f000 rw-p 00000000 [anon:ArkTS Code:/system/lib64/module/application/libability_napi.z.so_15376_1]
5b1b57f000-5b1b580000 rw-p 00000000 [anon:ArkTS Code:/system/lib64/module/application/libabilitystage_napi.z.so_15408_1]
5b1b580000-5b1b582000 r--p 00000000 /system/lib64/platformsdk/libdialog_request_info.z.so
5b1b582000-5b1b584000 r-xp 00001000 /system/lib64/platformsdk/libdialog_request_info.z.so
5b1b584000-5b1b585000 r--p 00002000 /system/lib64/platformsdk/libdialog_request_info.z.so
5b1b585000-5b1b586000 rw-p 00002000 /system/lib64/platformsdk/libdialog_request_info.z.so
5b1b586000-5b1b5a6000 rw-p 00000000 [anon:native_heap:brk]
5b1b5a6000-5b1b5a7000 rw-p 00000000 [anon:ArkTS Code:/application/libabilitystagecontext_napi.z.so_15440_2]
5b1b5a7000-5b1b5a8000 rw-p 00000000 [anon:native_heap:brk]
5b1b5a8000-5b1b5ab000 rw-p 00000000 [anon:ArkTS Code:/system/lib64/module/application/libabilitycontext_napi.z.so_15408_1]
5b1b5ab000-5b1b5ae000 rw-p 00000000 [anon:ArkTS Code:/system/lib64/module/application/libcontext_napi.z.so_15376_1]
5b1b5ae000-5b1b5b1000 rw-p 00000000 [anon:ArkTS Code:/system/lib64/module/application/libcaller_napi.z.so_15360_1]
5b1b5b1000-5b1b5b5000 rw-p 00000000 [anon:ArkTS Code:/application/libapplicationcontext_napi.z.so_15440_2]
5b1b5b5000-5b1b5b6000 rw-p 00000000 [anon:ArkTS Code:/application/libextensioncontext_napi.z.so_15424_2]
5b1b5b6000-5b1b5b7000 rw-p 00000000 [anon:ArkTS Code:/application/libserviceextensionability_napi.z.so_15472_2]
5b1b5b7000-5b1b5b8000 rw-p 00000000 [anon:ArkTS Code:/system/lib64/module/application/libwindowstage.z.so_21400_1]
5b1b5b8000-5b1b5bc000 rw-p 00000000 [anon:native_heap:brk]
5b1b5bc000-5b1b5be000 rw-p 00000000 [anon:ArkTS Code:/application/libserviceextensioncontext_napi.z.so_15472_2]
5b1b5be000-5b1b5c0000 rw-p 00000000 [anon:native_heap:brk]
5b1b5c0000-5b1b5d0000 r--p 00000000 /system/lib64/platformsdk/libuv.so
5b1b5d0000-5b1b5f4000 r-xp 0000f000 /system/lib64/platformsdk/libuv.so
5b1b5f4000-5b1b5f6000 r--p 00032000 /system/lib64/platformsdk/libuv.so
5b1b5f6000-5b1b5f7000 rw-p 00033000 /system/lib64/platformsdk/libuv.so
5b1b5f7000-5b1b5f8000 rw-p 00000000 [anon:ArkTS Code:/system/lib64/module/libmeasure.z.so_132568_1]
5b1b5f8000-5b1b5fc000 rw-p 00000000 [anon:native_heap:brk]
5b1b5fc000-5b1b600000 rw-p 00000000 [anon:ArkTS Code:/system/lib64/module/liburi.z.so_116432_1]
5b1b600000-5b1b666000 r--p 00000000 /system/lib64/platformsdk/libimage_native.z.so
5b1b666000-5b1b742000 r-xp 00065000 /system/lib64/platformsdk/libimage_native.z.so
5b1b742000-5b1b74b000 r--p 00140000 /system/lib64/platformsdk/libimage_native.z.so
5b1b74b000-5b1b74c000 rw-p 00148000 /system/lib64/platformsdk/libimage_native.z.so
5b1b74c000-5b1b74e000 rw-p 00000000 [anon:libimage_native.z.so.bss]
5b1b74e000-5b1b75c000 rw-p 00000000 [anon:ArkTS Code:/system/lib64/module/libbuffer.z.so_80048_1]
5b1b75c000-5b1b760000 rw-p 00000000 [anon:ArkTS Code:/system/lib64/module/libcontact.z.so_300440_1]
5b1b760000-5b1b764000 rw-p 00000000 [anon:native_heap:brk]
5b1b764000-5b1b766000 rw-p 00000000 [anon:native_heap:brk]
5b1b766000-5b1b76e000 rw-p 00000000 [anon:native_heap:brk]
5b1b76e000-5b1b774000 rw-p 00000000 [anon:ArkTS Code:/system/lib64/module/file/libpicker.z.so_166952_1]
5b1b774000-5b1b776000 rw-p 00000000 [anon:ArkTS Code:/system/lib64/module/hms/core/libauthentication.z.so_227064_1]
5b1b776000-5b1b777000 rw-s 00000000 /data/storage/el2/base/files/hiappevent/databases/appevent.db-dwr
5b1b777000-5b1b778000 rw-s 00000000 /data/storage/el2/base/files/hiappevent/databases/appevent.db-dwr
5b1b778000-5b1b77c000 rw-p 00000000 [anon:native_heap:brk]
5b1b77c000-5b1b77d000 rw-s 00000000 /data/storage/el2/database/entry/rdb/cards.db-dwr
5b1b77d000-5b1b77f000 rw-p 00000000 [anon:native_heap:brk]
5b1b77f000-5b1b780000 rw-s 00000000 /data/storage/el2/base/files/cache/log_files/bi/seq.seq
5b1b780000-5b1b782000 r--p 00000000 /system/lib64/platformsdk/libability_deps_wrapper.z.so
5b1b782000-5b1b785000 r-xp 00001000 /system/lib64/platformsdk/libability_deps_wrapper.z.so
5b1b785000-5b1b786000 r--p 00003000 /system/lib64/platformsdk/libability_deps_wrapper.z.so
5b1b786000-5b1b787000 rw-p 00003000 /system/lib64/platformsdk/libability_deps_wrapper.z.so
5b1b787000-5b1b7bf000 rw-p 00000000 [anon:native_heap:brk]
5b1b7bf000-5b1b7c0000 rw-s 00000000 /data/storage/el2/base/files/cache/log_files/ua/seq.seq
5b1b7c0000-5b1b955000 r--p 00000000 /system/lib64/chipset-sdk/libohosffmpeg.z.so
5b1b955000-5b1bf69000 r-xp 00194000 /system/lib64/chipset-sdk/libohosffmpeg.z.so
5b1bf69000-5b1bfb3000 r--p 007a7000 /system/lib64/chipset-sdk/libohosffmpeg.z.so
5b1bfb3000-5b1bfb5000 rw-p 007f0000 /system/lib64/chipset-sdk/libohosffmpeg.z.so
5b1bfb5000-5b1d2b1000 rw-p 00000000 [anon:libohosffmpeg.z.so.bss]
5b1d2b1000-5b1d2bd000 rw-p 00000000 [anon:native_heap:brk]
5b1d2bd000-5b1d2be000 rw-p 00000000 [anon:ArkTS Code:/system/lib64/module/file/libstreamhash.z.so_21448_1]
5b1d2be000-5b1d2bf000 r--s 00000000 /dev/__parameters__/u:object_r:ffrt_param:s0
5b1d2bf000-5b1d2c0000 r--s 00000000 /dev/__parameters__/u:object_r:accesstoken_perm_param:s0
5b1d2c0000-5b1d2c9000 r--p 00000000 /system/lib64/platformsdk/libtime_client.z.so
5b1d2c9000-5b1d2dc000 r-xp 00008000 /system/lib64/platformsdk/libtime_client.z.so
5b1d2dc000-5b1d2df000 r--p 0001a000 /system/lib64/platformsdk/libtime_client.z.so
5b1d2df000-5b1d2e0000 rw-p 0001c000 /system/lib64/platformsdk/libtime_client.z.so
5b1d2e0000-5b1d2e1000 rw-p 00000000 [anon:libtime_client.z.so.bss]
5b1d2e1000-5b1d2f7000 rw-p 00000000 [anon:native_heap:brk]
5b1d2f7000-5b1d2f8000 rw-s 00000000 /data/storage/el2/base/files/cache/log_files/sysdebug/seq.seq
5b1d2f8000-5b1d300000 rw-p 00000000 [anon:native_heap:brk]
5b1d300000-5b1d309000 r--p 00000000 /system/lib64/libpurgeablemem_plugin.z.so
5b1d309000-5b1d317000 r-xp 00008000 /system/lib64/libpurgeablemem_plugin.z.so
5b1d317000-5b1d319000 r--p 00015000 /system/lib64/libpurgeablemem_plugin.z.so
5b1d319000-5b1d31a000 rw-p 00016000 /system/lib64/libpurgeablemem_plugin.z.so
5b1d31a000-5b1d33a000 rw-p 00000000 [anon:native_heap:brk]
5b1d33a000-5b1d340000 rw-p 00000000 [anon:ArkTS Code:/system/lib64/module/liburl.z.so_203848_1]
5b1d340000-5b1d345000 r--p 00000000 /system/lib64/libtask_handler_wrap.z.so
5b1d345000-5b1d34b000 r-xp 00004000 /system/lib64/libtask_handler_wrap.z.so
5b1d34b000-5b1d34c000 r--p 00009000 /system/lib64/libtask_handler_wrap.z.so
5b1d34c000-5b1d34d000 rw-p 00009000 /system/lib64/libtask_handler_wrap.z.so
5b1d34d000-5b1d351000 rw-p 00000000 [anon:native_heap:brk]
5b1d351000-5b1d352000 r--s 00000000 /dev/__parameters__/u:object_r:i18n_param:s0
5b1d352000-5b1d353000 rw-s 00000000 anon_inode:dev/ashmem/shared_memory/B2F0D02B4381C33316FFAF9AED55C7FA
5b1d353000-5b1d354000 rw-s 00000000 /data/storage/el2/database/entry/rdb/cards.db-dwr
5b1d354000-5b1d355000 rw-p 00000000 [anon:native_heap:brk]
5b1d355000-5b1d379000 rw-p 00000000 [anon:native_heap:brk]
5b1d379000-5b1d37b000 rw-p 00000000 [anon:native_heap:brk]
5b1d37b000-5b1d37d000 rw-p 00000000 [anon:ArkTS Code:/system/lib64/module/arkts/libutils.z.so_136280_1]
5b1d37d000-5b1d37e000 rw-s 00000000 /data/storage/el2/database/entry/rdb/cards.db-dwr
5b1d37e000-5b1d380000 rw-p 00000000 [anon:ArkTS Code:/system/lib64/module/util/libjson.z.so_21448_1]
5b1d380000-5b1d3f2000 r--p 00000000 /system/lib64/platformsdk/libintl_util.z.so
5b1d3f2000-5b1d4f7000 r-xp 00071000 /system/lib64/platformsdk/libintl_util.z.so
5b1d4f7000-5b1d4fc000 r--p 00175000 /system/lib64/platformsdk/libintl_util.z.so
5b1d4fc000-5b1d4fd000 rw-p 00179000 /system/lib64/platformsdk/libintl_util.z.so
5b1d4fd000-5b1d500000 rw-p 00000000 [anon:libintl_util.z.so.bss]
5b1d500000-5b1d502000 r--p 00000000 /system/lib64/libjit_code_sign.z.so
5b1d502000-5b1d506000 r-xp 00001000 /system/lib64/libjit_code_sign.z.so
5b1d506000-5b1d507000 r--p 00004000 /system/lib64/libjit_code_sign.z.so
5b1d507000-5b1d508000 rw-p 00004000 /system/lib64/libjit_code_sign.z.so
5b1d508000-5b1d540000 rw-p 00000000 [anon:native_heap:brk]
5b1d540000-5b1d55b000 r--p 00000000 /system/lib64/platformsdk/libdevicestatus_client.z.so
5b1d55b000-5b1d5bd000 r-xp 0001a000 /system/lib64/platformsdk/libdevicestatus_client.z.so
5b1d5bd000-5b1d5c4000 r--p 0007b000 /system/lib64/platformsdk/libdevicestatus_client.z.so
5b1d5c4000-5b1d5c5000 rw-p 00081000 /system/lib64/platformsdk/libdevicestatus_client.z.so
5b1d5c5000-5b1d5c8000 rw-p 00000000 [anon:libdevicestatus_client.z.so.bss]
5b1d5c8000-5b1d600000 rw-p 00000000 [anon:native_heap:brk]
5b1d600000-5b1d603000 r--p 00000000 /system/lib64/platformsdk/libability_business_error.z.so
5b1d603000-5b1d604000 r-xp 00002000 /system/lib64/platformsdk/libability_business_error.z.so
5b1d604000-5b1d606000 r--p 00002000 /system/lib64/platformsdk/libability_business_error.z.so
5b1d606000-5b1d607000 rw-p 00003000 /system/lib64/platformsdk/libability_business_error.z.so
5b1d607000-5b1d63f000 rw-p 00000000 [anon:native_heap:brk]
5b1d63f000-5b1d640000 rw-s 00000000 /data/storage/el2/database/entry/rdb/cards.db-dwr
5b1d640000-5b1d68d000 r--p 00000000 /system/lib64/libFillpSo.z.so
5b1d68d000-5b1d73a000 r-xp 0004c000 /system/lib64/libFillpSo.z.so
5b1d73a000-5b1d73d000 r--p 000f8000 /system/lib64/libFillpSo.z.so
5b1d73d000-5b1d73e000 rw-p 000fa000 /system/lib64/libFillpSo.z.so
5b1d73e000-5b1d73f000 rw-p 00000000 [anon:libFillpSo.z.so.bss]
5b1d73f000-5b1d740000 rw-s 00000000 /data/storage/el2/base/files/cache/log_files/monitor/seq.seq
5b1d740000-5b1e606000 r--p 00000000 /system/lib64/libskia_canvaskit.z.so
5b1e606000-5b1f3d0000 r-xp 00ec5000 /system/lib64/libskia_canvaskit.z.so
5b1f3d0000-5b1f427000 r--p 01c8e000 /system/lib64/libskia_canvaskit.z.so
5b1f427000-5b1f42b000 rw-p 01ce4000 /system/lib64/libskia_canvaskit.z.so
5b1f42b000-5b1f435000 rw-p 00000000 [anon:libskia_canvaskit.z.so.bss]
5b1f435000-5b1f43d000 rw-p 00000000 [anon:native_heap:brk]
5b1f43d000-5b1f43f000 rw-p 00000000 [anon:ArkTS Code:/system/etc/abc/arkui/statemanagement.abc]
5b1f43f000-5b1f440000 rw-p 00000000 
5b1f440000-5b1f45b000 r--p 00000000 /system/lib64/platformsdk/libheifparser.z.so
5b1f45b000-5b1f495000 r-xp 0001a000 /system/lib64/platformsdk/libheifparser.z.so
5b1f495000-5b1f499000 r--p 00053000 /system/lib64/platformsdk/libheifparser.z.so
5b1f499000-5b1f49a000 rw-p 00056000 /system/lib64/platformsdk/libheifparser.z.so
5b1f49a000-5b1f49e000 rw-p 00000000 [anon:libheifparser.z.so.bss]
5b1f49e000-5b1f4be000 rw-p 00000000 [anon:native_heap:brk]
5b1f4be000-5b1f4c0000 rw-p 00000000 [anon:native_heap:brk]
5b1f4c0000-5b1f4c5000 r--p 00000000 /system/lib64/chipset-sdk-sp/libdisplay_buffer_proxy_1.0.z.so
5b1f4c5000-5b1f4cc000 r-xp 00004000 /system/lib64/chipset-sdk-sp/libdisplay_buffer_proxy_1.0.z.so
5b1f4cc000-5b1f4ce000 r--p 0000a000 /system/lib64/chipset-sdk-sp/libdisplay_buffer_proxy_1.0.z.so
5b1f4ce000-5b1f4cf000 rw-p 0000b000 /system/lib64/chipset-sdk-sp/libdisplay_buffer_proxy_1.0.z.so
5b1f4cf000-5b1f4d7000 rw-p 00000000 [anon:native_heap:brk]
5b1f4d7000-5b1f4e2000 rw-p 00000000 [anon:ArkTS Code:/system/lib64/module/libutil.z.so_139984_1]
5b1f4e2000-5b1f4e5000 rw-p 00000000 [anon:ArkTS Code:/system/lib64/module/hms/core/scan/libscanbarcode_napi.z.so_21448_1]
5b1f4e5000-5b1f4f1000 rw-p 00000000 [anon:native_heap:brk]
5b1f4f1000-5b1f4f3000 ---p 00000000 
5b1f4f3000-5b1f4fa000 rw-p 00000000 [anon:signal_stack:55464]
5b1f4fa000-5b1f4fe000 rw-p 00000000 [anon:native_heap:brk]
5b1f4fe000-5b1f500000 rw-s 00000000 anon_inode:dev/ashmem/Dolphin-Bold[custom font]
5b1f500000-5b1f503000 r--p 00000000 /system/lib64/platformsdk/libmission_info.z.so
5b1f503000-5b1f505000 r-xp 00002000 /system/lib64/platformsdk/libmission_info.z.so
5b1f505000-5b1f507000 r--p 00003000 /system/lib64/platformsdk/libmission_info.z.so
5b1f507000-5b1f508000 rw-p 00004000 /system/lib64/platformsdk/libmission_info.z.so
5b1f508000-5b1f50a000 ---p 00000000 
5b1f50a000-5b1f511000 rw-p 00000000 [anon:signal_stack:55463]
5b1f511000-5b1f513000 ---p 00000000 
5b1f513000-5b1f51a000 rw-p 00000000 [anon:signal_stack:55471]
5b1f51a000-5b1f51c000 ---p 00000000 
5b1f51c000-5b1f523000 rw-p 00000000 [anon:signal_stack:55477]
5b1f523000-5b1f525000 ---p 00000000 
5b1f525000-5b1f52c000 rw-p 00000000 [anon:signal_stack:55476]
5b1f52c000-5b1f534000 rw-p 00000000 [anon:native_heap:brk]
5b1f534000-5b1f536000 ---p 00000000 
5b1f536000-5b1f53d000 rw-p 00000000 [anon:signal_stack:55475]
5b1f53d000-5b1f540000 rw-s 00000000 anon_inode:dev/ashmem/EXTRawData
5b1f540000-5b1f55b000 r--p 00000000 /system/lib64/platformsdk/libwindow_scene_common.z.so
5b1f55b000-5b1f57c000 r-xp 0001a000 /system/lib64/platformsdk/libwindow_scene_common.z.so
5b1f57c000-5b1f580000 r--p 0003a000 /system/lib64/platformsdk/libwindow_scene_common.z.so
5b1f580000-5b1f581000 rw-p 0003d000 /system/lib64/platformsdk/libwindow_scene_common.z.so
5b1f581000-5b1f5bf000 r--p 00000000 /system/framework/segmentbutton_ets_abc.abc
5b1f5bf000-5b1f5c0000 r--s 00000000 /dev/__parameters__/u:object_r:sys_usb_param:s0
5b1f5c0000-5b1f5c2000 r--p 00000000 /system/lib64/platformsdk/libprocess_options.z.so
5b1f5c2000-5b1f5c5000 r-xp 00001000 /system/lib64/platformsdk/libprocess_options.z.so
5b1f5c5000-5b1f5c6000 r--p 00003000 /system/lib64/platformsdk/libprocess_options.z.so
5b1f5c6000-5b1f5c7000 rw-p 00003000 /system/lib64/platformsdk/libprocess_options.z.so
5b1f5c7000-5b1f5c9000 ---p 00000000 
5b1f5c9000-5b1f5d0000 rw-p 00000000 [anon:signal_stack:55482]
5b1f5d0000-5b1f5d2000 ---p 00000000 
5b1f5d2000-5b1f5d9000 rw-p 00000000 [anon:signal_stack:55480]
5b1f5d9000-5b1f5db000 ---p 00000000 
5b1f5db000-5b1f5e2000 rw-p 00000000 [anon:signal_stack:55474]
5b1f5e2000-5b1f5e4000 ---p 00000000 
5b1f5e4000-5b1f5eb000 rw-p 00000000 [anon:signal_stack:55473]
5b1f5eb000-5b1f5ed000 ---p 00000000 
5b1f5ed000-5b1f5f4000 rw-p 00000000 [anon:signal_stack:55488]
5b1f5f4000-5b1f5f6000 ---p 00000000 
5b1f5f6000-5b1f5fd000 rw-p 00000000 [anon:signal_stack:55492]
5b1f5fd000-5b1f600000 rw-s 00000000 /data/storage/el2/log/page_switch/.persist_sandbox_log
5b1f600000-5b1f619000 r--p 00000000 /system/lib64/libdlp_permission_sdk.z.so
5b1f619000-5b1f643000 r-xp 00018000 /system/lib64/libdlp_permission_sdk.z.so
5b1f643000-5b1f64b000 r--p 00041000 /system/lib64/libdlp_permission_sdk.z.so
5b1f64b000-5b1f64c000 rw-p 00048000 /system/lib64/libdlp_permission_sdk.z.so
5b1f64c000-5b1f65e000 r--s 0a415000 /data/storage/el1/bundle/entry.hap
5b1f65e000-5b1f660000 ---p 00000000 
5b1f660000-5b1f667000 rw-p 00000000 [anon:signal_stack:55491]
5b1f667000-5b1f66f000 rw-p 00000000 [anon:native_heap:brk]
5b1f66f000-5b1f670000 r--s 00000000 /dev/__parameters__/u:object_r:const_allow_mock_param:s0
5b1f670000-5b1f674000 rw-p 00000000 [anon:native_heap:brk]
5b1f674000-5b1f676000 ---p 00000000 
5b1f676000-5b1f67d000 rw-p 00000000 [anon:signal_stack:55497]
5b1f67d000-5b1f67f000 rw-s 00000000 anon_inode:dev/ashmem/Dolphin-Medium[custom font]
5b1f67f000-5b1f680000 rw-s 00000000 anon_inode:dev/ashmem/status_info_buffer
5b1f680000-5b1f681000 r--p 00000000 /system/lib64/platformsdk/libimage_error_convert.z.so
5b1f681000-5b1f684000 r-xp 00000000 /system/lib64/platformsdk/libimage_error_convert.z.so
5b1f684000-5b1f685000 r--p 00002000 /system/lib64/platformsdk/libimage_error_convert.z.so
5b1f685000-5b1f686000 rw-p 00002000 /system/lib64/platformsdk/libimage_error_convert.z.so
5b1f686000-5b1f688000 ---p 00000000 
5b1f688000-5b1f68f000 rw-p 00000000 [anon:signal_stack:55498]
5b1f68f000-5b1f697000 rw-p 00000000 [anon:native_heap:brk]
5b1f697000-5b1f6b7000 rw-p 00000000 [anon:ArkTS Code:/system/etc/abc/arkui/node.abc]
5b1f6b7000-5b1f6bf000 rw-p 00000000 [anon:native_heap:brk]
5b1f6bf000-5b1f6c0000 rw-s 00000000 anon_inode:dev/ashmem/gralloc_shared_attr
5b1f6c0000-5b1f6c4000 r--p 00000000 /system/lib64/platformsdk/libdevicestatus_ipc.z.so
5b1f6c4000-5b1f6ca000 r-xp 00003000 /system/lib64/platformsdk/libdevicestatus_ipc.z.so
5b1f6ca000-5b1f6cb000 r--p 00008000 /system/lib64/platformsdk/libdevicestatus_ipc.z.so
5b1f6cb000-5b1f6cc000 rw-p 00008000 /system/lib64/platformsdk/libdevicestatus_ipc.z.so
5b1f6cc000-5b1f6cd000 rw-p 00000000 [anon:libdevicestatus_ipc.z.so.bss]
5b1f6cd000-5b1f6cf000 ---p 00000000 
5b1f6cf000-5b1f6d6000 rw-p 00000000 [anon:signal_stack:55507]
5b1f6d6000-5b1f6de000 rw-s 00000000 /data/storage/el2/base/files/hiappevent/databases/appevent.db-shm
5b1f6de000-5b1f6e0000 ---p 00000000 
5b1f6e0000-5b1f6e7000 rw-p 00000000 [anon:signal_stack:55510]
5b1f6e7000-5b1f6f3000 rw-p 00000000 [anon:native_heap:brk]
5b1f6f3000-5b1f6f4000 rw-s 00000000 anon_inode:dev/ashmem/gralloc_shared_attr
5b1f6f4000-5b1f700000 rw-p 00000000 [anon:native_heap:brk]
5b1f700000-5b1f704000 r--p 00000000 /system/lib64/chipset-sdk-sp/libpub_utils.z.so
5b1f704000-5b1f709000 r-xp 00003000 /system/lib64/chipset-sdk-sp/libpub_utils.z.so
5b1f709000-5b1f70a000 r--p 00007000 /system/lib64/chipset-sdk-sp/libpub_utils.z.so
5b1f70a000-5b1f70c000 rw-p 00007000 /system/lib64/chipset-sdk-sp/libpub_utils.z.so
5b1f70c000-5b1f710000 rw-p 00000000 [anon:native_heap:brk]
5b1f710000-5b1f712000 rw-p 00000000 [anon:native_heap:brk]
5b1f712000-5b1f713000 rw-s 00000000 anon_inode:dev/ashmem/gralloc_shared_attr
5b1f713000-5b1f714000 rw-s 00000000 anon_inode:dev/ashmem/gralloc_shared_attr
5b1f714000-5b1f715000 rw-s 00000000 anon_inode:dev/ashmem/EXTRawData
5b1f715000-5b1f716000 rw-s 00000000 anon_inode:dev/ashmem/EXTRawData
5b1f716000-5b1f719000 rw-s 00000000 anon_inode:dev/ashmem/EXTRawData
5b1f719000-5b1f71a000 rw-s 00000000 anon_inode:dev/ashmem/gralloc_shared_attr
5b1f71a000-5b1f71b000 rw-s 00000000 anon_inode:dev/ashmem/gralloc_shared_attr
5b1f71b000-5b1f725000 rw-p 00000000 [anon:ArkTS Code:/system/lib64/module/web/libwebview_napi.z.so_1075000_1]
5b1f725000-5b1f731000 rw-p 00000000 [anon:ArkTS Code:/system/etc/abc/file/photoaccesshelper.abc]
5b1f731000-5b1f739000 rw-p 00000000 [anon:native_heap:brk]
5b1f739000-5b1f73a000 rw-s 00000000 anon_inode:dev/ashmem/gralloc_shared_attr
5b1f73a000-5b1f73b000 rw-s 00000000 /data/storage/el2/database/rdb/cloudmusic.db-dwr
5b1f73b000-5b1f73f000 rw-p 00000000 [anon:native_heap:brk]
5b1f73f000-5b1f740000 rw-s 00000000 /data/storage/el2/database/rdb/cloudmusic.db-dwr
5b1f740000-5b1f77a000 r--p 00000000 /system/lib64/platformsdk/libform_manager.z.so
5b1f77a000-5b1f804000 r-xp 00039000 /system/lib64/platformsdk/libform_manager.z.so
5b1f804000-5b1f815000 r--p 000c2000 /system/lib64/platformsdk/libform_manager.z.so
5b1f815000-5b1f816000 rw-p 000d2000 /system/lib64/platformsdk/libform_manager.z.so
5b1f816000-5b1f817000 rw-p 00000000 [anon:libform_manager.z.so.bss]
5b1f817000-5b1f819000 ---p 00000000 
5b1f819000-5b1f820000 rw-p 00000000 [anon:signal_stack:55518]
5b1f820000-5b1f822000 ---p 00000000 
5b1f822000-5b1f829000 rw-p 00000000 [anon:signal_stack:55519]
5b1f829000-5b1f82d000 rw-p 00000000 [anon:native_heap:brk]
5b1f82d000-5b1f839000 rw-p 00000000 [anon:native_heap:brk]
5b1f839000-5b1f83d000 rw-p 00000000 
5b1f83d000-5b1f83e000 rw-s 00000000 /data/storage/el2/database/rdb/cloudmusic.db-dwr
5b1f83e000-5b1f83f000 rw-s 00000000 /data/storage/el2/database/rdb/cloudmusic.db-dwr
5b1f83f000-5b1f840000 rw-s 00000000 /data/storage/el2/database/rdb/cloudmusic.db-dwr
5b1f840000-5b1f85c000 r--p 00000000 /system/lib64/platformsdk/libipc_napi.z.so
5b1f85c000-5b1f88e000 r-xp 0001b000 /system/lib64/platformsdk/libipc_napi.z.so
5b1f88e000-5b1f894000 r--p 0004c000 /system/lib64/platformsdk/libipc_napi.z.so
5b1f894000-5b1f895000 rw-p 00051000 /system/lib64/platformsdk/libipc_napi.z.so
5b1f895000-5b1f8b8000 rw-p 00000000 [anon:ArkTS Code:/system/lib64/module/arkui/advanced/libdialog.z.so_65400_1]
5b1f8b8000-5b1f8c0000 rw-p 00000000 [anon:native_heap:brk]
5b1f8c0000-5b1f8c2000 r--p 00000000 /system/lib64/platformsdk/libwsutils.z.so
5b1f8c2000-5b1f8c6000 r-xp 00001000 /system/lib64/platformsdk/libwsutils.z.so
5b1f8c6000-5b1f8c7000 r--p 00004000 /system/lib64/platformsdk/libwsutils.z.so
5b1f8c7000-5b1f8c8000 rw-p 00004000 /system/lib64/platformsdk/libwsutils.z.so
5b1f8c8000-5b1f8f5000 rw-p 00000000 [anon:ArkTS Code:397941051456]
5b1f8f5000-5b1f8f6000 rw-s 00000000 anon_inode:dev/ashmem/gralloc_shared_attr
5b1f8f6000-5b1f8fe000 rw-p 00000000 [anon:native_heap:brk]
5b1f8fe000-5b1f8ff000 rw-s 00000000 anon_inode:dev/ashmem/gralloc_shared_attr
5b1f8ff000-5b1f900000 rw-s 00000000 anon_inode:dev/ashmem/gralloc_shared_attr
5b1f900000-5b1f929000 r--p 00000000 /system/lib64/platformsdk/libaccessibility_interface.z.so
5b1f929000-5b1f988000 r-xp 00028000 /system/lib64/platformsdk/libaccessibility_interface.z.so
5b1f988000-5b1f997000 r--p 00086000 /system/lib64/platformsdk/libaccessibility_interface.z.so
5b1f997000-5b1f998000 rw-p 00094000 /system/lib64/platformsdk/libaccessibility_interface.z.so
5b1f998000-5b1f999000 rw-p 00000000 [anon:libaccessibility_interface.z.so.bss]
5b1f999000-5b1f9ab000 rw-p 00000000 [anon:ArkTS Code:/system/etc/abc/arkui/modifier.abc]
5b1f9ab000-5b1f9be000 rw-p 00000000 [anon:ArkTS Code:/system/lib64/module/hms/collaboration/librcp.z.so_328944_1]
5b1f9be000-5b1f9bf000 r--s 00000000 /dev/__parameters__/u:object_r:sys_param:s0
5b1f9bf000-5b1f9c0000 r--s 00000000 anon_inode:dev/ashmem/shared_memory/B2F0D02B4381C33316FFAF9AED55C7FA
5b1f9c0000-5b1f9c3000 r--p 00000000 /system/lib64/libability_madvise.z.so
5b1f9c3000-5b1f9c9000 r-xp 00002000 /system/lib64/libability_madvise.z.so
5b1f9c9000-5b1f9cb000 r--p 00007000 /system/lib64/libability_madvise.z.so
5b1f9cb000-5b1f9cc000 rw-p 00008000 /system/lib64/libability_madvise.z.so
5b1f9cc000-5b1f9f7000 rw-p 00000000 [anon:ArkTS Code:/hms/core/account/liblogincomponent.z.so_105152_2]
5b1f9f7000-5b1f9ff000 rw-p 00000000 [anon:native_heap:brk]
5b1f9ff000-5b1fa00000 rw-s 00000000 /data/storage/el2/database/entry/rdb/cards.db-dwr
5b1fa00000-5b1fa0d000 r--p 00000000 /system/lib64/platformsdk/libarkweb_core_loader.z.so
5b1fa0d000-5b1fa24000 r-xp 0000c000 /system/lib64/platformsdk/libarkweb_core_loader.z.so
5b1fa24000-5b1fa26000 r--p 00022000 /system/lib64/platformsdk/libarkweb_core_loader.z.so
5b1fa26000-5b1fa27000 rw-p 00023000 /system/lib64/platformsdk/libarkweb_core_loader.z.so
5b1fa27000-5b1fa3f000 rw-p 00000000 [anon:native_heap:brk]
5b1fa3f000-5b1fa40000 rw-s 00000000 anon_inode:dev/ashmem/EXTRawData
5b1fa40000-5b1fa42000 r--p 00000000 /system/lib64/libhisysevent_report.z.so
5b1fa42000-5b1fa46000 r-xp 00001000 /system/lib64/libhisysevent_report.z.so
5b1fa46000-5b1fa47000 r--p 00004000 /system/lib64/libhisysevent_report.z.so
5b1fa47000-5b1fa48000 rw-p 00004000 /system/lib64/libhisysevent_report.z.so
5b1fa48000-5b1fa50000 rw-p 00000000 [anon:native_heap:brk]
5b1fa50000-5b1fa51000 rw-s 00000000 anon_inode:dev/ashmem/gralloc_shared_attr
5b1fa51000-5b1fa5d000 rw-p 00000000 [anon:native_heap:brk]
5b1fa5d000-5b1fa65000 rw-p 00000000 [anon:ArkTS Code:/hms/core/scan/libdetectbarcode_napi.z.so_21448_2]
5b1fa65000-5b1fa6d000 rw-p 00000000 [anon:native_heap:brk]
5b1fa6d000-5b1fa6f000 ---p 00000000 
5b1fa6f000-5b1fa76000 rw-p 00000000 [anon:signal_stack:55537]
5b1fa76000-5b1fa78000 ---p 00000000 
5b1fa78000-5b1fa7f000 rw-p 00000000 [anon:signal_stack:55538]
5b1fa7f000-5b1fa80000 rw-s 00000000 anon_inode:dev/ashmem/gralloc_shared_attr
5b1fa80000-5b1fa82000 r--p 00000000 /system/lib64/libqos.z.so
5b1fa82000-5b1fa84000 r-xp 00001000 /system/lib64/libqos.z.so
5b1fa84000-5b1fa85000 r--p 00002000 /system/lib64/libqos.z.so
5b1fa85000-5b1fa86000 rw-p 00002000 /system/lib64/libqos.z.so
5b1fa86000-5b1fa8c000 rw-p 00000000 [anon:native_heap:brk]
5b1fa8c000-5b1fa8e000 ---p 00000000 
5b1fa8e000-5b1fa95000 rw-p 00000000 [anon:signal_stack:55546]
5b1fa95000-5b1fa97000 ---p 00000000 
5b1fa97000-5b1fa9e000 rw-p 00000000 [anon:signal_stack:55548]
5b1fa9e000-5b1faa0000 ---p 00000000 
5b1faa0000-5b1faa7000 rw-p 00000000 [anon:signal_stack:55552]
5b1faa7000-5b1faac000 r--s 00000000 /data/storage/el2/base/haps/entry/files/HttpDNSCache_e478a7be50ab42fb81be9748e1923d38.db
5b1faac000-5b1faad000 rw-s 00000000 anon_inode:dev/ashmem/gralloc_shared_attr
5b1faad000-5b1faae000 rw-p 00000000 [anon:native_heap:brk]
5b1faae000-5b1fab0000 ---p 00000000 
5b1fab0000-5b1fab7000 rw-p 00000000 [anon:signal_stack:55549]
5b1fab7000-5b1fab9000 ---p 00000000 
5b1fab9000-5b1fac0000 rw-p 00000000 [anon:signal_stack:55553]
5b1fac0000-5b1fae6000 r--p 00000000 /system/lib64/platformsdk/libscreen_session_manager_client.z.so
5b1fae6000-5b1fb38000 r-xp 00025000 /system/lib64/platformsdk/libscreen_session_manager_client.z.so
5b1fb38000-5b1fb3f000 r--p 00076000 /system/lib64/platformsdk/libscreen_session_manager_client.z.so
5b1fb3f000-5b1fb40000 rw-p 0007c000 /system/lib64/platformsdk/libscreen_session_manager_client.z.so
5b1fb40000-5b1fb63000 r--p 00000000 /system/lib64/chipset-sdk/libhukssdk.z.so
5b1fb63000-5b1fb9e000 r-xp 00022000 /system/lib64/chipset-sdk/libhukssdk.z.so
5b1fb9e000-5b1fba3000 r--p 0005c000 /system/lib64/chipset-sdk/libhukssdk.z.so
5b1fba3000-5b1fba4000 rw-p 00060000 /system/lib64/chipset-sdk/libhukssdk.z.so
5b1fba4000-5b1fba6000 ---p 00000000 
5b1fba6000-5b1fbad000 rw-p 00000000 [anon:signal_stack:55554]
5b1fbad000-5b1fbaf000 ---p 00000000 
5b1fbaf000-5b1fbb6000 rw-p 00000000 [anon:signal_stack:55555]
5b1fbb6000-5b1fbb8000 ---p 00000000 
5b1fbb8000-5b1fbbf000 rw-p 00000000 [anon:signal_stack:55557]
5b1fbbf000-5b1fbc0000 rw-s 00000000 anon_inode:dev/ashmem/gralloc_shared_attr
5b1fbc0000-5b1fbc5000 r--p 00000000 /system/lib64/platformsdk/libembeddablewindowstage_kit.z.so
5b1fbc5000-5b1fbce000 r-xp 00004000 /system/lib64/platformsdk/libembeddablewindowstage_kit.z.so
5b1fbce000-5b1fbcf000 r--p 0000c000 /system/lib64/platformsdk/libembeddablewindowstage_kit.z.so
5b1fbcf000-5b1fbd0000 rw-p 0000c000 /system/lib64/platformsdk/libembeddablewindowstage_kit.z.so
5b1fbd0000-5b1fbd2000 ---p 00000000 
5b1fbd2000-5b1fbd9000 rw-p 00000000 [anon:signal_stack:55556]
5b1fbd9000-5b1fbdb000 ---p 00000000 
5b1fbdb000-5b1fbe2000 rw-p 00000000 [anon:signal_stack:55558]
5b1fbe2000-5b1fbe4000 ---p 00000000 
5b1fbe4000-5b1fbeb000 rw-p 00000000 [anon:signal_stack:55559]
5b1fbeb000-5b1fbed000 ---p 00000000 
5b1fbed000-5b1fbf4000 rw-p 00000000 [anon:signal_stack:55560]
5b1fbf4000-5b1fbf7000 rw-s 00000000 anon_inode:dev/ashmem/EXTRawData
5b1fbf7000-5b1fbff000 rw-p 00000000 [anon:native_heap:brk]
5b1fbff000-5b1fc00000 rw-s 00000000 anon_inode:dev/ashmem/gralloc_shared_attr
5b1fc00000-5b1fc02000 r--p 00000000 /system/lib64/libsocketpair.z.so
5b1fc02000-5b1fc05000 r-xp 00001000 /system/lib64/libsocketpair.z.so
5b1fc05000-5b1fc06000 r--p 00003000 /system/lib64/libsocketpair.z.so
5b1fc06000-5b1fc07000 rw-p 00003000 /system/lib64/libsocketpair.z.so
5b1fc07000-5b1fc09000 ---p 00000000 
5b1fc09000-5b1fc10000 rw-p 00000000 [anon:signal_stack:55561]
5b1fc10000-5b1fc12000 ---p 00000000 
5b1fc12000-5b1fc19000 rw-p 00000000 [anon:signal_stack:55562]
5b1fc19000-5b1fc1b000 ---p 00000000 
5b1fc1b000-5b1fc22000 rw-p 00000000 [anon:signal_stack:55565]
5b1fc22000-5b1fc24000 ---p 00000000 
5b1fc24000-5b1fc2b000 rw-p 00000000 [anon:signal_stack:55563]
5b1fc2b000-5b1fc2d000 ---p 00000000 
5b1fc2d000-5b1fc34000 rw-p 00000000 [anon:signal_stack:55564]
5b1fc34000-5b1fc36000 ---p 00000000 
5b1fc36000-5b1fc3d000 rw-p 00000000 [anon:signal_stack:55566]
5b1fc3d000-5b1fc40000 rw-s 00000000 anon_inode:dev/ashmem/EXTRawData
5b1fc40000-5b1fc45000 r--p 00000000 /system/lib64/platformsdk/libperm_verification.z.so
5b1fc45000-5b1fc4b000 r-xp 00004000 /system/lib64/platformsdk/libperm_verification.z.so
5b1fc4b000-5b1fc4c000 r--p 00009000 /system/lib64/platformsdk/libperm_verification.z.so
5b1fc4c000-5b1fc4d000 rw-p 00009000 /system/lib64/platformsdk/libperm_verification.z.so
5b1fc4d000-5b1fc7a000 rw-p 00000000 [anon:ArkTS Code:398025208064]
5b1fc7a000-5b1fc7f000 r--s 00000000 /dev/__parameters__/u:object_r:const_telephony_slotCount_param:s0
5b1fc7f000-5b1fc80000 rw-s 00000000 anon_inode:dev/ashmem/shared_memory/4AB604F7307E36A37C59B4E30DE2F70B
5b1fc80000-5b1fcb1000 r--p 00000000 /system/lib64/platformsdk/libsqlite.z.so
5b1fcb1000-5b1fdda000 r-xp 00030000 /system/lib64/platformsdk/libsqlite.z.so
5b1fdda000-5b1fdde000 r--p 00158000 /system/lib64/platformsdk/libsqlite.z.so
5b1fdde000-5b1fde1000 rw-p 0015b000 /system/lib64/platformsdk/libsqlite.z.so
5b1fde1000-5b1fde2000 rw-p 00000000 [anon:libsqlite.z.so.bss]
5b1fde2000-5b1fde4000 ---p 00000000 
5b1fde4000-5b1fdeb000 rw-p 00000000 [anon:signal_stack:55567]
5b1fdeb000-5b1fded000 ---p 00000000 
5b1fded000-5b1fdf4000 rw-p 00000000 [anon:signal_stack:55568]
5b1fdf4000-5b1fdf6000 ---p 00000000 
5b1fdf6000-5b1fdfd000 rw-p 00000000 [anon:signal_stack:55572]
5b1fdfd000-5b1fdfe000 rw-s 00000000 anon_inode:dev/ashmem/EXTRawData
5b1fdfe000-5b1fdff000 rw-p 00000000 
5b1fdff000-5b1fe00000 rw-s 00000000 anon_inode:dev/ashmem/shared_memory/4AB604F7307E36A37C59B4E30DE2F70B
5b1fe00000-5b1fe02000 r--p 00000000 /system/lib64/platformsdk/libpage_config_manager.z.so
5b1fe02000-5b1fe05000 r-xp 00001000 /system/lib64/platformsdk/libpage_config_manager.z.so
5b1fe05000-5b1fe06000 r--p 00003000 /system/lib64/platformsdk/libpage_config_manager.z.so
5b1fe06000-5b1fe07000 rw-p 00003000 /system/lib64/platformsdk/libpage_config_manager.z.so
5b1fe07000-5b1fe34000 rw-p 00000000 [anon:ArkTS Code:398025505280]
5b1fe34000-5b1fe3c000 rw-s 00000000 /data/storage/el2/database/entry/rdb/cards.db-shm
5b1fe3c000-5b1fe40000 rw-s 00000000 anon_inode:dev/ashmem/EXTRawData
5b1fe40000-5b1fe44000 r--p 00000000 /system/lib64/platformsdk/libsession_info.z.so
5b1fe44000-5b1fe48000 r-xp 00003000 /system/lib64/platformsdk/libsession_info.z.so
5b1fe48000-5b1fe4a000 r--p 00006000 /system/lib64/platformsdk/libsession_info.z.so
5b1fe4a000-5b1fe4b000 rw-p 00007000 /system/lib64/platformsdk/libsession_info.z.so
5b1fe4b000-5b1fe78000 rw-p 00000000 [anon:ArkTS Code:398110489792]
5b1fe78000-5b1fe80000 rw-p 00000000 [anon:native_heap:brk]
5b1fe80000-5b1fe86000 r--p 00000000 /system/lib64/libpurgeablemem.z.so
5b1fe86000-5b1fe90000 r-xp 00005000 /system/lib64/libpurgeablemem.z.so
5b1fe90000-5b1fe91000 r--p 0000e000 /system/lib64/libpurgeablemem.z.so
5b1fe91000-5b1fe92000 rw-p 0000e000 /system/lib64/libpurgeablemem.z.so
5b1fe92000-5b1febf000 rw-p 00000000 [anon:ArkTS Code:398110289344]
5b1febf000-5b1fec0000 rw-s 00000000 anon_inode:dev/ashmem/EXTRawData
5b1fec0000-5b1ff86000 r--p 00000000 /system/lib64/libarkweb_core_loader_glue.z.so
5b1ff86000-5b200b3000 r-xp 000c5000 /system/lib64/libarkweb_core_loader_glue.z.so
5b200b3000-5b200c8000 r--p 001f1000 /system/lib64/libarkweb_core_loader_glue.z.so
5b200c8000-5b200cb000 rw-p 00205000 /system/lib64/libarkweb_core_loader_glue.z.so
5b200cb000-5b200d3000 rw-p 00000000 [anon:libarkweb_core_loader_glue.z.so.bss]
5b200d3000-5b200d5000 ---p 00000000 
5b200d5000-5b200dc000 rw-p 00000000 [anon:signal_stack:55573]
5b200dc000-5b200de000 ---p 00000000 
5b200de000-5b200e5000 rw-p 00000000 [anon:signal_stack:55575]
5b200e5000-5b200e7000 ---p 00000000 
5b200e7000-5b200ee000 rw-p 00000000 [anon:signal_stack:55577]
5b200ee000-5b200f0000 ---p 00000000 
5b200f0000-5b200f7000 rw-p 00000000 [anon:signal_stack:55578]
5b200f7000-5b200f9000 ---p 00000000 
5b200f9000-5b20100000 rw-p 00000000 [anon:signal_stack:55579]
5b20100000-5b2011e000 r--p 00000000 /system/lib64/platformsdk/libability_context_native.z.so
5b2011e000-5b2013a000 r-xp 0001d000 /system/lib64/platformsdk/libability_context_native.z.so
5b2013a000-5b20141000 r--p 00038000 /system/lib64/platformsdk/libability_context_native.z.so
5b20141000-5b20142000 rw-p 0003e000 /system/lib64/platformsdk/libability_context_native.z.so
5b20142000-5b20180000 r--p 00000000 /system/framework/segmentbuttonv2_ets_abc.abc
5b20180000-5b20198000 r--p 00000000 /system/lib64/chipset-sdk/libexif.z.so
5b20198000-5b201b8000 r-xp 00017000 /system/lib64/chipset-sdk/libexif.z.so
5b201b8000-5b201d0000 r--p 00036000 /system/lib64/chipset-sdk/libexif.z.so
5b201d0000-5b201d1000 rw-p 0004d000 /system/lib64/chipset-sdk/libexif.z.so
5b201d1000-5b201ea000 rw-s 00000000 /data/storage/el2/base/files/cache/log_files/sysdebug/cache/sysdebug/cache_54773_12_4034094034
5b201ea000-5b201ec000 ---p 00000000 
5b201ec000-5b201f3000 rw-p 00000000 [anon:signal_stack:55580]
5b201f3000-5b201f5000 ---p 00000000 
5b201f5000-5b201fc000 rw-p 00000000 [anon:signal_stack:55581]
5b201fc000-5b20200000 rw-s 00000000 anon_inode:dev/ashmem/EXTRawData
5b20200000-5b20290000 r--p 00000000 /system/lib64/platformsdk/libscene_session.z.so
5b20290000-5b20414000 r-xp 0008f000 /system/lib64/platformsdk/libscene_session.z.so
5b20414000-5b2044f000 r--p 00212000 /system/lib64/platformsdk/libscene_session.z.so
5b2044f000-5b20450000 rw-p 0024c000 /system/lib64/platformsdk/libscene_session.z.so
5b20450000-5b20452000 rw-p 00000000 [anon:libscene_session.z.so.bss]
5b20452000-5b2046b000 rw-s 00000000 /data/storage/el2/base/files/cache/log_files/monitor/cache/monitor/cache_54773_21_503442059
5b2046b000-5b2046d000 ---p 00000000 
5b2046d000-5b20474000 rw-p 00000000 [anon:signal_stack:55582]
5b20474000-5b20476000 ---p 00000000 
5b20476000-5b2047d000 rw-p 00000000 [anon:signal_stack:55583]
5b2047d000-5b2047f000 rw-p 00000000 [anon:native_heap:brk]
5b20480000-5b204e0000 r--p 00000000 /system/lib64/platformsdk/libphonenumber_standard.z.so
5b204e0000-5b20511000 r-xp 0005f000 /system/lib64/platformsdk/libphonenumber_standard.z.so
5b20511000-5b20514000 r--p 0008f000 /system/lib64/platformsdk/libphonenumber_standard.z.so
5b20514000-5b20516000 rw-p 00091000 /system/lib64/platformsdk/libphonenumber_standard.z.so
5b20516000-5b2052f000 rw-s 00000000 /data/storage/el2/base/files/cache/log_files/bi/cache/bi/cache_54773_24_3103139288
5b2052f000-5b20531000 ---p 00000000 
5b20531000-5b20538000 rw-p 00000000 [anon:signal_stack:55584]
5b20538000-5b20540000 rw-s 00000000 /data/storage/el2/base/haps/entry/files/HttpDNSCache_e478a7be50ab42fb81be9748e1923d38.db-shm
5b20540000-5b205da000 r--p 00000000 /system/lib64/platformsdk/libdistributeddb.z.so
5b205da000-5b2086b000 r-xp 00099000 /system/lib64/platformsdk/libdistributeddb.z.so
5b2086b000-5b20880000 r--p 00329000 /system/lib64/platformsdk/libdistributeddb.z.so
5b20880000-5b20881000 rw-p 0033d000 /system/lib64/platformsdk/libdistributeddb.z.so
5b20881000-5b20883000 rw-p 00000000 [anon:libdistributeddb.z.so.bss]
5b20883000-5b20885000 ---p 00000000 
5b20885000-5b2088c000 rw-p 00000000 [anon:signal_stack:55585]
5b2088c000-5b2088e000 ---p 00000000 
5b2088e000-5b20895000 rw-p 00000000 [anon:signal_stack:55586]
5b20895000-5b208ae000 rw-s 00000000 /data/storage/el2/base/files/cache/log_files/sysdebug/cache/sysdebug/cache_54773_17_1214903884
5b208ae000-5b208b0000 ---p 00000000 
5b208b0000-5b208b7000 rw-p 00000000 [anon:signal_stack:55593]
5b208b7000-5b208b9000 ---p 00000000 
5b208b9000-5b208c0000 rw-p 00000000 [anon:signal_stack:55595]
5b208c0000-5b208dd000 r--p 00000000 /system/lib64/platformsdk/libbgtaskmgr_innerkits.z.so
5b208dd000-5b20902000 r-xp 0001c000 /system/lib64/platformsdk/libbgtaskmgr_innerkits.z.so
5b20902000-5b2090a000 r--p 00040000 /system/lib64/platformsdk/libbgtaskmgr_innerkits.z.so
5b2090a000-5b2090b000 rw-p 00047000 /system/lib64/platformsdk/libbgtaskmgr_innerkits.z.so
5b2090b000-5b2090d000 ---p 00000000 
5b2090d000-5b20914000 rw-p 00000000 [anon:signal_stack:55696]
5b20914000-5b20916000 ---p 00000000 
5b20916000-5b2091d000 rw-p 00000000 [anon:signal_stack:55692]
5b2091d000-5b20924000 rw-s 00000000 anon_inode:dev/ashmem/EXTRawData
5b20924000-5b20926000 ---p 00000000 
5b20926000-5b2092d000 rw-p 00000000 [anon:signal_stack:55596]
5b2092d000-5b2092f000 ---p 00000000 
5b2092f000-5b20936000 rw-p 00000000 [anon:signal_stack:55602]
5b20936000-5b20938000 ---p 00000000 
5b20938000-5b2093f000 rw-p 00000000 [anon:signal_stack:55603]
5b20940000-5b20ab1000 r--p 00000000 /system/lib64/libddgr.z.so
5b20ab1000-5b20f00000 r-xp 00170000 /system/lib64/libddgr.z.so
5b20f00000-5b20f1f000 r--p 005be000 /system/lib64/libddgr.z.so
5b20f1f000-5b20f20000 rw-p 005dc000 /system/lib64/libddgr.z.so
5b20f20000-5b20f3b000 rw-p 00000000 [anon:libddgr.z.so.bss]
5b20f3b000-5b20f3f000 rw-s 00000000 anon_inode:dev/ashmem/EXTRawData
5b20f40000-5b20f84000 r--p 00000000 /system/lib64/platformsdk/libdevicemanagersdk.z.so
5b20f84000-5b21001000 r-xp 00043000 /system/lib64/platformsdk/libdevicemanagersdk.z.so
5b21001000-5b21009000 r--p 000bf000 /system/lib64/platformsdk/libdevicemanagersdk.z.so
5b21009000-5b2100a000 rw-p 000c6000 /system/lib64/platformsdk/libdevicemanagersdk.z.so
5b2100a000-5b2100b000 rw-p 00000000 [anon:libdevicemanagersdk.z.so.bss]
5b2100b000-5b2100d000 ---p 00000000 
5b2100d000-5b21014000 rw-p 00000000 [anon:signal_stack:55693]
5b21014000-5b21016000 ---p 00000000 
5b21016000-5b2101d000 rw-p 00000000 [anon:signal_stack:55694]
5b2101d000-5b2101f000 ---p 00000000 
5b2101f000-5b21026000 rw-p 00000000 [anon:signal_stack:55695]
5b21026000-5b21028000 ---p 00000000 
5b21028000-5b2102f000 rw-p 00000000 [anon:signal_stack:55697]
5b2102f000-5b21031000 ---p 00000000 
5b21031000-5b21038000 rw-p 00000000 [anon:signal_stack:55698]
5b21038000-5b21040000 rw-p 00000000 [anon:native_heap:brk]
5b21040000-5b21076000 r--p 00000000 /system/lib64/platformsdk/libudmf_client.z.so
5b21076000-5b21122000 r-xp 00035000 /system/lib64/platformsdk/libudmf_client.z.so
5b21122000-5b2112c000 r--p 000e0000 /system/lib64/platformsdk/libudmf_client.z.so
5b2112c000-5b2112d000 rw-p 000e9000 /system/lib64/platformsdk/libudmf_client.z.so
5b2112d000-5b2112f000 rw-p 00000000 [anon:libudmf_client.z.so.bss]
5b2112f000-5b21131000 ---p 00000000 
5b21131000-5b21138000 rw-p 00000000 [anon:signal_stack:55604]
5b21138000-5b21140000 rw-s 00000000 /data/storage/el2/base/haps/entry/files/APMStorageDatabaseNGBTKXYfis8eT4gsG3iEGSdPo5SVn9ff.db-shm
5b21140000-5b2115b000 r--p 00000000 /system/lib64/platformsdk/libdatashare_consumer.z.so
5b2115b000-5b211b5000 r-xp 0001a000 /system/lib64/platformsdk/libdatashare_consumer.z.so
5b211b5000-5b211c5000 r--p 00073000 /system/lib64/platformsdk/libdatashare_consumer.z.so
5b211c5000-5b211c6000 rw-p 00082000 /system/lib64/platformsdk/libdatashare_consumer.z.so
5b211c6000-5b211c8000 ---p 00000000 
5b211c8000-5b211cf000 rw-p 00000000 [anon:signal_stack:55699]
5b211cf000-5b211d1000 ---p 00000000 
5b211d1000-5b211d8000 rw-p 00000000 [anon:signal_stack:55748]
5b211d8000-5b211df000 rw-s 00000000 anon_inode:dev/ashmem/EXTRawData
5b211df000-5b211e1000 ---p 00000000 
5b211e1000-5b211e8000 rw-p 00000000 [anon:signal_stack:55605]
5b211e8000-5b211ea000 ---p 00000000 
5b211ea000-5b211f1000 rw-p 00000000 [anon:signal_stack:55623]
5b211f1000-5b211f3000 ---p 00000000 
5b211f3000-5b211fa000 rw-p 00000000 [anon:signal_stack:55607]
5b211fa000-5b211ff000 rw-s 00000000 anon_inode:dev/ashmem/EXTRawData
5b21200000-5b21202000 r--p 00000000 /system/lib64/platformsdk/libpixelconvertadapter.z.so
5b21202000-5b21206000 r-xp 00001000 /system/lib64/platformsdk/libpixelconvertadapter.z.so
5b21206000-5b21207000 r--p 00004000 /system/lib64/platformsdk/libpixelconvertadapter.z.so
5b21207000-5b21208000 rw-p 00004000 /system/lib64/platformsdk/libpixelconvertadapter.z.so
5b21208000-5b2120a000 ---p 00000000 
5b2120a000-5b21211000 rw-p 00000000 [anon:signal_stack:55608]
5b21211000-5b21213000 ---p 00000000 
5b21213000-5b2121a000 rw-p 00000000 [anon:signal_stack:56106]
5b2121a000-5b2121c000 ---p 00000000 
5b2121c000-5b21223000 rw-p 00000000 [anon:signal_stack:55610]
5b21223000-5b21225000 ---p 00000000 
5b21225000-5b2122c000 rw-p 00000000 [anon:signal_stack:55611]
5b2122c000-5b2122e000 ---p 00000000 
5b2122e000-5b21235000 rw-p 00000000 [anon:signal_stack:55612]
5b21235000-5b21237000 ---p 00000000 
5b21237000-5b2123e000 rw-p 00000000 [anon:signal_stack:55613]
5b21240000-5b21284000 r--p 00000000 /system/lib64/librosen_text.z.so
5b21284000-5b2134d000 r-xp 00043000 /system/lib64/librosen_text.z.so
5b2134d000-5b21354000 r--p 0010b000 /system/lib64/librosen_text.z.so
5b21354000-5b21355000 rw-p 00111000 /system/lib64/librosen_text.z.so
5b21355000-5b21357000 rw-p 00000000 [anon:librosen_text.z.so.bss]
5b21357000-5b21359000 ---p 00000000 
5b21359000-5b21360000 rw-p 00000000 [anon:signal_stack:55614]
5b21360000-5b21362000 ---p 00000000 
5b21362000-5b21369000 rw-p 00000000 [anon:signal_stack:55615]
5b21369000-5b2136b000 ---p 00000000 
5b2136b000-5b21372000 rw-p 00000000 [anon:signal_stack:55616]
5b21372000-5b21374000 ---p 00000000 
5b21374000-5b2137b000 rw-p 00000000 [anon:signal_stack:55617]
5b2137b000-5b2137f000 rw-s 00000000 anon_inode:dev/ashmem/EXTRawData
5b21380000-5b21382000 r--p 00000000 /system/lib64/chipset-sdk-sp/libbuffer_handle.z.so
5b21382000-5b21383000 r-xp 00001000 /system/lib64/chipset-sdk-sp/libbuffer_handle.z.so
5b21383000-5b21385000 r--p 00001000 /system/lib64/chipset-sdk-sp/libbuffer_handle.z.so
5b21385000-5b21386000 rw-p 00002000 /system/lib64/chipset-sdk-sp/libbuffer_handle.z.so
5b21386000-5b21388000 ---p 00000000 
5b21388000-5b2138f000 rw-p 00000000 [anon:signal_stack:55618]
5b2138f000-5b21391000 ---p 00000000 
5b21391000-5b21398000 rw-p 00000000 [anon:signal_stack:55619]
5b21398000-5b2139a000 ---p 00000000 
5b2139a000-5b213a1000 rw-p 00000000 [anon:signal_stack:55620]
5b213a1000-5b213a3000 ---p 00000000 
5b213a3000-5b213aa000 rw-p 00000000 [anon:signal_stack:55621]
5b213aa000-5b213ac000 ---p 00000000 
5b213ac000-5b213b3000 rw-p 00000000 [anon:signal_stack:55622]
5b213b3000-5b213b5000 ---p 00000000 
5b213b5000-5b213bc000 rw-p 00000000 [anon:signal_stack:55624]
5b213bc000-5b213c0000 rw-s 00000000 anon_inode:dev/ashmem/EXTRawData
5b213c0000-5b213c1000 r--p 00000000 /system/lib64/libabsl_spinlock_wait.z.so
5b213c1000-5b213c2000 r-xp 00000000 /system/lib64/libabsl_spinlock_wait.z.so
5b213c2000-5b213c3000 r--p 00000000 /system/lib64/libabsl_spinlock_wait.z.so
5b213c3000-5b213c4000 rw-p 00000000 /system/lib64/libabsl_spinlock_wait.z.so
5b213c4000-5b213c6000 ---p 00000000 
5b213c6000-5b213cd000 rw-p 00000000 [anon:signal_stack:55625]
5b213cd000-5b213cf000 ---p 00000000 
5b213cf000-5b213d6000 rw-p 00000000 [anon:signal_stack:55626]
5b213d6000-5b213d8000 ---p 00000000 
5b213d8000-5b213df000 rw-p 00000000 [anon:signal_stack:55627]
5b213df000-5b213e1000 ---p 00000000 
5b213e1000-5b213e8000 rw-p 00000000 [anon:signal_stack:55628]
5b213e8000-5b213ea000 ---p 00000000 
5b213ea000-5b213f1000 rw-p 00000000 [anon:signal_stack:55629]
5b213f1000-5b213f3000 ---p 00000000 
5b213f3000-5b213fa000 rw-p 00000000 [anon:signal_stack:55630]
5b213fa000-5b21400000 rw-s 00000000 anon_inode:dev/ashmem/EXTRawData
5b21400000-5b2140f000 r--p 00000000 /system/lib64/platformsdk/libsystem_ability_fwk.z.so
5b2140f000-5b21425000 r-xp 0000e000 /system/lib64/platformsdk/libsystem_ability_fwk.z.so
5b21425000-5b21429000 r--p 00023000 /system/lib64/platformsdk/libsystem_ability_fwk.z.so
5b21429000-5b2142a000 rw-p 00026000 /system/lib64/platformsdk/libsystem_ability_fwk.z.so
5b2142a000-5b2142c000 ---p 00000000 
5b2142c000-5b21433000 rw-p 00000000 [anon:signal_stack:55631]
5b21433000-5b21435000 ---p 00000000 
5b21435000-5b2143c000 rw-p 00000000 [anon:signal_stack:55632]
5b2143c000-5b21440000 rw-s 00000000 anon_inode:dev/ashmem/EXTRawData
5b21440000-5b21447000 r--p 00000000 /system/lib64/libconcurrent_task_client.z.so
5b21447000-5b2144f000 r-xp 00006000 /system/lib64/libconcurrent_task_client.z.so
5b2144f000-5b21452000 r--p 0000d000 /system/lib64/libconcurrent_task_client.z.so
5b21452000-5b21453000 rw-p 0000f000 /system/lib64/libconcurrent_task_client.z.so
5b21453000-5b21455000 ---p 00000000 
5b21455000-5b2145c000 rw-p 00000000 [anon:signal_stack:55636]
5b2145c000-5b2145e000 ---p 00000000 
5b2145e000-5b21465000 rw-p 00000000 [anon:signal_stack:55637]
5b21465000-5b21467000 ---p 00000000 
5b21467000-5b2146e000 rw-p 00000000 [anon:signal_stack:55635]
5b2146e000-5b21470000 ---p 00000000 
5b21470000-5b21477000 rw-p 00000000 [anon:signal_stack:55639]
5b21477000-5b21479000 ---p 00000000 
5b21479000-5b21480000 rw-p 00000000 [anon:signal_stack:55640]
5b21480000-5b21495000 r--p 00000000 /system/lib64/platformsdk/libappkit_delegator.z.so
5b21495000-5b214b1000 r-xp 00014000 /system/lib64/platformsdk/libappkit_delegator.z.so
5b214b1000-5b214b3000 r--p 0002f000 /system/lib64/platformsdk/libappkit_delegator.z.so
5b214b3000-5b214b4000 rw-p 00030000 /system/lib64/platformsdk/libappkit_delegator.z.so
5b214b4000-5b214b5000 rw-p 00000000 [anon:libappkit_delegator.z.so.bss]
5b214b5000-5b214b7000 ---p 00000000 
5b214b7000-5b214be000 rw-p 00000000 [anon:signal_stack:55641]
5b214c0000-5b214d0000 r--p 00000000 /system/lib64/libmemmgrclient.z.so
5b214d0000-5b214ed000 r-xp 0000f000 /system/lib64/libmemmgrclient.z.so
5b214ed000-5b214f2000 r--p 0002b000 /system/lib64/libmemmgrclient.z.so
5b214f2000-5b214f3000 rw-p 0002f000 /system/lib64/libmemmgrclient.z.so
5b214f3000-5b214f5000 ---p 00000000 
5b214f5000-5b214fc000 rw-p 00000000 [anon:signal_stack:55642]
5b214fc000-5b21500000 rw-s 00000000 anon_inode:dev/ashmem/EXTRawData
5b21500000-5b21506000 r--p 00000000 /system/lib64/libweb_configs.z.so
5b21506000-5b21512000 r-xp 00005000 /system/lib64/libweb_configs.z.so
5b21512000-5b21514000 r--p 00010000 /system/lib64/libweb_configs.z.so
5b21514000-5b21515000 rw-p 00011000 /system/lib64/libweb_configs.z.so
5b21515000-5b21517000 ---p 00000000 
5b21517000-5b2151e000 rw-p 00000000 [anon:signal_stack:55643]
5b2151e000-5b21520000 ---p 00000000 
5b21520000-5b21527000 rw-p 00000000 [anon:signal_stack:55644]
5b21527000-5b21529000 ---p 00000000 
5b21529000-5b21530000 rw-p 00000000 [anon:signal_stack:55645]
5b21530000-5b21532000 ---p 00000000 
5b21532000-5b21539000 rw-p 00000000 [anon:signal_stack:55646]
5b21539000-5b21540000 rw-s 00000000 anon_inode:dev/ashmem/EXTRawData
5b21540000-5b21548000 r--p 00000000 /system/lib64/libdevicemanagerjson.z.so
5b21548000-5b21554000 r-xp 00007000 /system/lib64/libdevicemanagerjson.z.so
5b21554000-5b21556000 r--p 00012000 /system/lib64/libdevicemanagerjson.z.so
5b21556000-5b21557000 rw-p 00013000 /system/lib64/libdevicemanagerjson.z.so
5b21557000-5b21559000 ---p 00000000 
5b21559000-5b21560000 rw-p 00000000 [anon:signal_stack:55647]
5b21560000-5b21562000 ---p 00000000 
5b21562000-5b21569000 rw-p 00000000 [anon:signal_stack:55638]
5b21569000-5b2156b000 ---p 00000000 
5b2156b000-5b21572000 rw-p 00000000 [anon:signal_stack:55648]
5b21572000-5b21574000 ---p 00000000 
5b21574000-5b2157b000 rw-p 00000000 [anon:signal_stack:55650]
5b2157b000-5b21580000 rw-s 00000000 anon_inode:dev/ashmem/EXTRawData
5b21580000-5b21589000 r--p 00000000 /system/lib64/libwindow_animation.z.so
5b21589000-5b21593000 r-xp 00008000 /system/lib64/libwindow_animation.z.so
5b21593000-5b21597000 r--p 00011000 /system/lib64/libwindow_animation.z.so
5b21597000-5b21598000 rw-p 00014000 /system/lib64/libwindow_animation.z.so
5b21598000-5b21599000 rw-p 00000000 [anon:libwindow_animation.z.so.bss]
5b21599000-5b2159b000 ---p 00000000 
5b2159b000-5b215a2000 rw-p 00000000 [anon:signal_stack:55721]
5b215a2000-5b215a4000 ---p 00000000 
5b215a4000-5b215ab000 rw-p 00000000 [anon:signal_stack:55722]
5b215ab000-5b215ad000 ---p 00000000 
5b215ad000-5b215b4000 rw-p 00000000 [anon:signal_stack:55656]
5b215b4000-5b215b6000 ---p 00000000 
5b215b6000-5b215bd000 rw-p 00000000 [anon:signal_stack:55657]
5b215bd000-5b215c0000 rw-s 00000000 anon_inode:dev/ashmem/EXTRawData
5b215c0000-5b216c4000 r--p 00000000 /system/lib64/lib2d_graphics.z.so
5b216c4000-5b218b1000 r-xp 00103000 /system/lib64/lib2d_graphics.z.so
5b218b1000-5b218c8000 r--p 002ef000 /system/lib64/lib2d_graphics.z.so
5b218c8000-5b218c9000 rw-p 00305000 /system/lib64/lib2d_graphics.z.so
5b218c9000-5b218d0000 rw-p 00000000 [anon:lib2d_graphics.z.so.bss]
5b218d0000-5b218d2000 ---p 00000000 
5b218d2000-5b218d9000 rw-p 00000000 [anon:signal_stack:55658]
5b218d9000-5b218db000 ---p 00000000 
5b218db000-5b218e2000 rw-p 00000000 [anon:signal_stack:55659]
5b218e2000-5b218e4000 ---p 00000000 
5b218e4000-5b218eb000 rw-p 00000000 [anon:signal_stack:55660]
5b218eb000-5b218ed000 ---p 00000000 
5b218ed000-5b218f4000 rw-p 00000000 [anon:signal_stack:55725]
5b218f4000-5b218f6000 ---p 00000000 
5b218f6000-5b218fd000 rw-p 00000000 [anon:signal_stack:55726]
5b21900000-5b2191b000 r--p 00000000 /system/lib64/platformsdk/libimage_utils.z.so
5b2191b000-5b2194a000 r-xp 0001a000 /system/lib64/platformsdk/libimage_utils.z.so
5b2194a000-5b2194c000 r--p 00048000 /system/lib64/platformsdk/libimage_utils.z.so
5b2194c000-5b2194d000 rw-p 00049000 /system/lib64/platformsdk/libimage_utils.z.so
5b2194d000-5b2194e000 rw-p 00000000 [anon:libimage_utils.z.so.bss]
5b2194e000-5b21950000 ---p 00000000 
5b21950000-5b21957000 rw-p 00000000 [anon:signal_stack:55747]
5b21957000-5b21959000 ---p 00000000 
5b21959000-5b21960000 rw-p 00000000 [anon:signal_stack:55749]
5b21960000-5b21962000 ---p 00000000 
5b21962000-5b21969000 rw-p 00000000 [anon:signal_stack:55750]
5b21969000-5b2196b000 ---p 00000000 
5b2196b000-5b21972000 rw-p 00000000 [anon:signal_stack:55895]
5b21972000-5b21974000 ---p 00000000 
5b21974000-5b2197b000 rw-p 00000000 [anon:signal_stack:55896]
5b2197b000-5b21980000 rw-s 00000000 anon_inode:dev/ashmem/EXTRawData
5b21980000-5b21988000 r--p 00000000 /system/lib64/platformsdk/libdistributed_sdk.z.so
5b21988000-5b21992000 r-xp 00007000 /system/lib64/platformsdk/libdistributed_sdk.z.so
5b21992000-5b21996000 r--p 00010000 /system/lib64/platformsdk/libdistributed_sdk.z.so
5b21996000-5b21997000 rw-p 00013000 /system/lib64/platformsdk/libdistributed_sdk.z.so
5b21997000-5b21998000 rw-p 00000000 [anon:libdistributed_sdk.z.so.bss]
5b21998000-5b2199a000 ---p 00000000 
5b2199a000-5b219a1000 rw-p 00000000 [anon:signal_stack:55729]
5b219a1000-5b219a3000 ---p 00000000 
5b219a3000-5b219aa000 rw-p 00000000 [anon:signal_stack:55730]
5b219aa000-5b219ac000 ---p 00000000 
5b219ac000-5b219b3000 rw-p 00000000 [anon:signal_stack:55731]
5b219b3000-5b219b5000 ---p 00000000 
5b219b5000-5b219bc000 rw-p 00000000 [anon:signal_stack:55732]
5b219bc000-5b219c0000 rw-p 00000000 [anon:tls-mmap-allocator]
5b219c0000-5b219c2000 r--p 00000000 /system/lib64/platformsdk/libace_container_scope.z.so
5b219c2000-5b219c4000 r-xp 00001000 /system/lib64/platformsdk/libace_container_scope.z.so
5b219c4000-5b219c5000 r--p 00002000 /system/lib64/platformsdk/libace_container_scope.z.so
5b219c5000-5b219c6000 rw-p 00002000 /system/lib64/platformsdk/libace_container_scope.z.so
5b219c6000-5b219df000 rw-s 00000000 /data/storage/el2/base/files/cache/log_files/ua/cache/ua/cache_54773_25_1752100759
5b219df000-5b219f8000 rw-s 00000000 /data/storage/el2/base/files/cache/log_files/bi/cache/bi/cache_54773_16_10643831
5b219f8000-5b21a00000 rw-s 00000000 /data/storage/el2/database/entry/kvdb/d35d42b37d871742f89868bf3f8bc9418f9ae939ab9c94b6ae94b21923f57105/single_ver/main/gen_natur
5b21a00000-5b21a3f000 r--p 00000000 /system/lib64/platformsdk/libace_napi.z.so
5b21a3f000-5b21a99000 r-xp 0003e000 /system/lib64/platformsdk/libace_napi.z.so
5b21a99000-5b21a9f000 r--p 00097000 /system/lib64/platformsdk/libace_napi.z.so
5b21a9f000-5b21aa0000 rw-p 0009c000 /system/lib64/platformsdk/libace_napi.z.so
5b21aa0000-5b21ab9000 rw-s 00000000 /data/storage/el2/base/files/cache/log_files/ua/cache/ua/cache_54773_18_312476397
5b21ab9000-5b21ac0000 rw-s 00000000 anon_inode:dev/ashmem/EXTRawData
5b21ac0000-5b21ac4000 r--p 00000000 /system/lib64/platformsdk/libsandboxlog.so
5b21ac4000-5b21acd000 r-xp 00003000 /system/lib64/platformsdk/libsandboxlog.so
5b21acd000-5b21ace000 r--p 0000b000 /system/lib64/platformsdk/libsandboxlog.so
5b21ace000-5b21acf000 rw-p 0000b000 /system/lib64/platformsdk/libsandboxlog.so
5b21acf000-5b21ae8000 rw-s 00000000 /data/storage/el2/base/files/cache/log_files/monitor/cache/monitor/cache_54773_27_2659050354
5b21ae8000-5b21aea000 ---p 00000000 
5b21aea000-5b21af1000 rw-p 00000000 [anon:signal_stack:55733]
5b21af1000-5b21af3000 ---p 00000000 
5b21af3000-5b21afa000 rw-p 00000000 [anon:signal_stack:55734]
5b21afa000-5b21b00000 rw-s 00000000 anon_inode:dev/ashmem/EXTRawData
5b21b00000-5b21b05000 r--p 00000000 /system/lib64/platformsdk/libability_connect_callback_stub.z.so
5b21b05000-5b21b07000 r-xp 00004000 /system/lib64/platformsdk/libability_connect_callback_stub.z.so
5b21b07000-5b21b0a000 r--p 00005000 /system/lib64/platformsdk/libability_connect_callback_stub.z.so
5b21b0a000-5b21b0b000 rw-p 00007000 /system/lib64/platformsdk/libability_connect_callback_stub.z.so
5b21b0b000-5b21b0d000 ---p 00000000 
5b21b0d000-5b21b14000 rw-p 00000000 [anon:signal_stack:56052]
5b21b14000-5b21b16000 ---p 00000000 
5b21b16000-5b21b1d000 rw-p 00000000 [anon:signal_stack:55736]
5b21b1d000-5b21b1f000 ---p 00000000 
5b21b1f000-5b21b26000 rw-p 00000000 [anon:signal_stack:55766]
5b21b26000-5b21b28000 ---p 00000000 
5b21b28000-5b21b2f000 rw-p 00000000 [anon:signal_stack:55751]
5b21b2f000-5b21b31000 ---p 00000000 
5b21b31000-5b21b38000 rw-p 00000000 [anon:signal_stack:55741]
5b21b38000-5b21b40000 rw-p 00000000 [anon:native_heap:brk]
5b21b40000-5b21b91000 r--p 00000000 /system/lib64/chipset-sdk/libxml2.z.so
5b21b91000-5b21ca0000 r-xp 00050000 /system/lib64/chipset-sdk/libxml2.z.so
5b21ca0000-5b21ca8000 r--p 0015e000 /system/lib64/chipset-sdk/libxml2.z.so
5b21ca8000-5b21ca9000 rw-p 00165000 /system/lib64/chipset-sdk/libxml2.z.so
5b21ca9000-5b21caa000 rw-p 00000000 [anon:libxml2.z.so.bss]
5b21caa000-5b21cac000 ---p 00000000 
5b21cac000-5b21cb3000 rw-p 00000000 [anon:signal_stack:55742]
5b21cb3000-5b21cb5000 ---p 00000000 
5b21cb5000-5b21cbc000 rw-p 00000000 [anon:signal_stack:55743]
5b21cbc000-5b21cc0000 rw-p 00000000 [anon:tls-mmap-allocator]
5b21cc0000-5b21ce9000 r--p 00000000 /system/lib64/platformsdk/libsoftbus_utils.z.so
5b21ce9000-5b21d2a000 r-xp 00028000 /system/lib64/platformsdk/libsoftbus_utils.z.so
5b21d2a000-5b21d2c000 r--p 00068000 /system/lib64/platformsdk/libsoftbus_utils.z.so
5b21d2c000-5b21d2f000 rw-p 00069000 /system/lib64/platformsdk/libsoftbus_utils.z.so
5b21d2f000-5b21d31000 rw-p 00000000 [anon:libsoftbus_utils.z.so.bss]
5b21d31000-5b21d33000 ---p 00000000 
5b21d33000-5b21d3a000 rw-p 00000000 [anon:signal_stack:55744]
5b21d3a000-5b21d40000 rw-s 00000000 anon_inode:dev/ashmem/EXTRawData
5b21d40000-5b220d4000 r--p 00000000 /system/lib64/librender_service_base.z.so
5b220d4000-5b225d0000 r-xp 00393000 /system/lib64/librender_service_base.z.so
5b225d0000-5b22641000 r--p 0088e000 /system/lib64/librender_service_base.z.so
5b22641000-5b22643000 rw-p 008fe000 /system/lib64/librender_service_base.z.so
5b22643000-5b2264f000 rw-p 00000000 [anon:librender_service_base.z.so.bss]
5b2264f000-5b22651000 ---p 00000000 
5b22651000-5b22658000 rw-p 00000000 [anon:signal_stack:55746]
5b22658000-5b2265a000 ---p 00000000 
5b2265a000-5b22661000 rw-p 00000000 [anon:signal_stack:55762]
5b22661000-5b22663000 ---p 00000000 
5b22663000-5b2266a000 rw-p 00000000 [anon:signal_stack:55753]
5b2266a000-5b2266c000 ---p 00000000 
5b2266c000-5b22673000 rw-p 00000000 [anon:signal_stack:55755]
5b22673000-5b22675000 ---p 00000000 
5b22675000-5b2267c000 rw-p 00000000 [anon:signal_stack:55756]
5b22680000-5b226ee000 r--p 00000000 /system/lib64/libgraphics_effect.z.so
5b226ee000-5b22797000 r-xp 0006d000 /system/lib64/libgraphics_effect.z.so
5b22797000-5b227a4000 r--p 00115000 /system/lib64/libgraphics_effect.z.so
5b227a4000-5b227a6000 rw-p 00121000 /system/lib64/libgraphics_effect.z.so
5b227a6000-5b227a8000 rw-p 00000000 [anon:libgraphics_effect.z.so.bss]
5b227a8000-5b227aa000 ---p 00000000 
5b227aa000-5b227b1000 rw-p 00000000 [anon:signal_stack:55790]
5b227b1000-5b227b3000 ---p 00000000 
5b227b3000-5b227ba000 rw-p 00000000 [anon:signal_stack:55919]
5b227ba000-5b227c0000 rw-s 00000000 anon_inode:dev/ashmem/EXTRawData
5b227c0000-5b227c5000 r--p 00000000 /system/lib64/libframe_analyzer.z.so
5b227c5000-5b227cc000 r-xp 00004000 /system/lib64/libframe_analyzer.z.so
5b227cc000-5b227ce000 r--p 0000a000 /system/lib64/libframe_analyzer.z.so
5b227ce000-5b227cf000 rw-p 0000b000 /system/lib64/libframe_analyzer.z.so
5b227cf000-5b227d1000 rw-p 00000000 [anon:libframe_analyzer.z.so.bss]
5b227d1000-5b227d3000 ---p 00000000 
5b227d3000-5b227da000 rw-p 00000000 [anon:signal_stack:55767]
5b227da000-5b227dc000 ---p 00000000 
5b227dc000-5b227e3000 rw-p 00000000 [anon:signal_stack:55775]
5b227e3000-5b227e5000 ---p 00000000 
5b227e5000-5b227ec000 rw-p 00000000 [anon:signal_stack:55776]
5b227ec000-5b227fb000 rw-s 00000000 anon_inode:dev/ashmem/EXTRawData
5b227fb000-5b22800000 rw-s 00000000 anon_inode:dev/ashmem/EXTRawData
5b22800000-5b2284d000 r--p 00000000 /system/lib64/libvideoprocessingengine.z.so
5b2284d000-5b228ed000 r-xp 0004c000 /system/lib64/libvideoprocessingengine.z.so
5b228ed000-5b228fa000 r--p 000eb000 /system/lib64/libvideoprocessingengine.z.so
5b228fa000-5b228fc000 rw-p 000f7000 /system/lib64/libvideoprocessingengine.z.so
5b228fc000-5b22904000 rw-p 00000000 [anon:libvideoprocessingengine.z.so.bss]
5b22904000-5b2290c000 rw-s 00000000 /data/storage/el2/database/rdb/cloudmusic.db-shm
5b2290c000-5b2290e000 ---p 00000000 
5b2290e000-5b22915000 rw-p 00000000 [anon:signal_stack:55782]
5b22915000-5b22917000 ---p 00000000 
5b22917000-5b2291e000 rw-p 00000000 [anon:signal_stack:55783]
5b2291e000-5b22920000 ---p 00000000 
5b22920000-5b22927000 rw-p 00000000 [anon:signal_stack:55784]
5b22927000-5b22929000 ---p 00000000 
5b22929000-5b22930000 rw-p 00000000 [anon:signal_stack:55786]
5b22930000-5b22932000 ---p 00000000 
5b22932000-5b22939000 rw-p 00000000 [anon:signal_stack:55785]
5b22939000-5b22940000 rw-s 00000000 anon_inode:dev/ashmem/EXTRawData
5b22940000-5b22a25000 r--p 00000000 /system/lib64/libwm.z.so
5b22a25000-5b22be0000 r-xp 000e4000 /system/lib64/libwm.z.so
5b22be0000-5b22c11000 r--p 0029e000 /system/lib64/libwm.z.so
5b22c11000-5b22c12000 rw-p 002ce000 /system/lib64/libwm.z.so
5b22c12000-5b22c15000 rw-p 00000000 [anon:libwm.z.so.bss]
5b22c15000-5b22c17000 ---p 00000000 
5b22c17000-5b22c1e000 rw-p 00000000 [anon:signal_stack:55787]
5b22c1e000-5b22c2d000 rw-s 00000000 anon_inode:dev/ashmem/EXTRawData
5b22c2d000-5b22c3c000 rw-s 00000000 anon_inode:dev/ashmem/EXTRawData
5b22c40000-5b22c43000 r--p 00000000 /system/lib64/platformsdk/libcj_bind_native.z.so
5b22c43000-5b22c46000 r-xp 00002000 /system/lib64/platformsdk/libcj_bind_native.z.so
5b22c46000-5b22c47000 r--p 00004000 /system/lib64/platformsdk/libcj_bind_native.z.so
5b22c47000-5b22c48000 rw-p 00004000 /system/lib64/platformsdk/libcj_bind_native.z.so
5b22c48000-5b22c49000 rw-p 00000000 [anon:libcj_bind_native.z.so.bss]
5b22c49000-5b22c55000 rw-s 00000000 anon_inode:dev/ashmem/EXTRawData
5b22c55000-5b22c5d000 rw-s 00000000 anon_inode:dev/ashmem/EXTRawData
5b22c5d000-5b22c65000 rw-s 00000000 anon_inode:dev/ashmem/EXTRawData
5b22c65000-5b22c6d000 rw-s 00000000 anon_inode:dev/ashmem/EXTRawData
5b22c6d000-5b22c6f000 ---p 00000000 
5b22c6f000-5b22c76000 rw-p 00000000 [anon:signal_stack:55805]
5b22c76000-5b22c78000 ---p 00000000 
5b22c78000-5b22c7f000 rw-p 00000000 [anon:signal_stack:55806]
5b22c80000-5b22c83000 r--p 00000000 /system/lib64/platformsdk/libstartup_util.z.so
5b22c83000-5b22c8b000 r-xp 00002000 /system/lib64/platformsdk/libstartup_util.z.so
5b22c8b000-5b22c8d000 r--p 00009000 /system/lib64/platformsdk/libstartup_util.z.so
5b22c8d000-5b22c8e000 rw-p 0000a000 /system/lib64/platformsdk/libstartup_util.z.so
5b22c8e000-5b22c90000 ---p 00000000 
5b22c90000-5b22c97000 rw-p 00000000 [anon:signal_stack:55813]
5b22c97000-5b22c99000 ---p 00000000 
5b22c99000-5b22ca0000 rw-p 00000000 [anon:signal_stack:55808]
5b22ca0000-5b22ca2000 ---p 00000000 
5b22ca2000-5b22ca9000 rw-p 00000000 [anon:signal_stack:55814]
5b22ca9000-5b22cb8000 rw-s 00000000 anon_inode:dev/ashmem/EXTRawData
5b22cb8000-5b22cc0000 rw-s 00000000 anon_inode:dev/ashmem/EXTRawData
5b22cc0000-5b22cc3000 r--p 00000000 /system/lib64/platformsdk/libwindow_animation_utils.z.so
5b22cc3000-5b22cc7000 r-xp 00002000 /system/lib64/platformsdk/libwindow_animation_utils.z.so
5b22cc7000-5b22cc9000 r--p 00005000 /system/lib64/platformsdk/libwindow_animation_utils.z.so
5b22cc9000-5b22cca000 rw-p 00006000 /system/lib64/platformsdk/libwindow_animation_utils.z.so
5b22cca000-5b22cd5000 rw-s 00000000 anon_inode:dev/ashmem/server_client_buffer
5b22cd5000-5b22cd7000 ---p 00000000 
5b22cd7000-5b22cde000 rw-p 00000000 [anon:signal_stack:55815]
5b22cde000-5b22ce0000 ---p 00000000 
5b22ce0000-5b22ce7000 rw-p 00000000 [anon:signal_stack:55832]
5b22ce7000-5b22ce9000 ---p 00000000 
5b22ce9000-5b22cf0000 rw-p 00000000 [anon:signal_stack:55833]
5b22cf0000-5b22cf2000 ---p 00000000 
5b22cf2000-5b22cf9000 rw-p 00000000 [anon:signal_stack:55834]
5b22cf9000-5b22d00000 rw-s 00000000 anon_inode:dev/ashmem/EXTRawData
5b22d00000-5b22d04000 r--p 00000000 /system/lib64/libmmi_rust_key_config.z.so
5b22d04000-5b22d0c000 r-xp 00003000 /system/lib64/libmmi_rust_key_config.z.so
5b22d0c000-5b22d0d000 r--p 0000a000 /system/lib64/libmmi_rust_key_config.z.so
5b22d0d000-5b22d0e000 rw-p 0000a000 /system/lib64/libmmi_rust_key_config.z.so
5b22d0e000-5b22d0f000 rw-p 00000000 [anon:libmmi_rust_key_config.z.so.bss]
5b22d0f000-5b22d11000 ---p 00000000 
5b22d11000-5b22d18000 rw-p 00000000 [anon:signal_stack:55835]
5b22d18000-5b22d1a000 ---p 00000000 
5b22d1a000-5b22d21000 rw-p 00000000 [anon:signal_stack:55842]
5b22d21000-5b22d23000 ---p 00000000 
5b22d23000-5b22d2a000 rw-p 00000000 [anon:signal_stack:55837]
5b22d2a000-5b22d2c000 ---p 00000000 
5b22d2c000-5b22d33000 rw-p 00000000 [anon:signal_stack:55838]
5b22d33000-5b22d35000 ---p 00000000 
5b22d35000-5b22d3c000 rw-p 00000000 [anon:signal_stack:55839]
5b22d40000-5b22d42000 r--p 00000000 /system/lib64/platformsdk/libtoken_callback_sdk.z.so
5b22d42000-5b22d45000 r-xp 00001000 /system/lib64/platformsdk/libtoken_callback_sdk.z.so
5b22d45000-5b22d46000 r--p 00003000 /system/lib64/platformsdk/libtoken_callback_sdk.z.so
5b22d46000-5b22d47000 rw-p 00003000 /system/lib64/platformsdk/libtoken_callback_sdk.z.so
5b22d47000-5b22d49000 ---p 00000000 
5b22d49000-5b22d50000 rw-p 00000000 [anon:signal_stack:55841]
5b22d50000-5b22d52000 ---p 00000000 
5b22d52000-5b22d59000 rw-p 00000000 [anon:signal_stack:55897]
5b22d59000-5b22d5b000 ---p 00000000 
5b22d5b000-5b22d62000 rw-p 00000000 [anon:signal_stack:55898]
5b22d62000-5b22d64000 ---p 00000000 
5b22d64000-5b22d6b000 rw-p 00000000 [anon:signal_stack:55920]
5b22d6b000-5b22d6d000 ---p 00000000 
5b22d6d000-5b22d74000 rw-p 00000000 [anon:signal_stack:55905]
5b22d74000-5b22d76000 ---p 00000000 
5b22d76000-5b22d7d000 rw-p 00000000 [anon:signal_stack:55908]
5b22d80000-5b22d8a000 r--p 00000000 /system/lib64/chipset-sdk-sp/libshared_libz.z.so
5b22d8a000-5b22da3000 r-xp 00009000 /system/lib64/chipset-sdk-sp/libshared_libz.z.so
5b22da3000-5b22da4000 r--p 00021000 /system/lib64/chipset-sdk-sp/libshared_libz.z.so
5b22da4000-5b22da5000 rw-p 00021000 /system/lib64/chipset-sdk-sp/libshared_libz.z.so
5b22da5000-5b22da7000 ---p 00000000 
5b22da7000-5b22dae000 rw-p 00000000 [anon:signal_stack:55909]
5b22dae000-5b22db0000 ---p 00000000 
5b22db0000-5b22db7000 rw-p 00000000 [anon:signal_stack:55913]
5b22db7000-5b22dbf000 rw-s 00000000 anon_inode:dev/ashmem/EXTRawData
5b22dc0000-5b22dca000 r--p 00000000 /system/lib64/platformsdk/libarkweb_utils.z.so
5b22dca000-5b22ddf000 r-xp 00009000 /system/lib64/platformsdk/libarkweb_utils.z.so
5b22ddf000-5b22de1000 r--p 0001d000 /system/lib64/platformsdk/libarkweb_utils.z.so
5b22de1000-5b22de2000 rw-p 0001e000 /system/lib64/platformsdk/libarkweb_utils.z.so
5b22de2000-5b22dee000 rw-s 00000000 anon_inode:dev/ashmem/EXTRawData
5b22dee000-5b22df0000 ---p 00000000 
5b22df0000-5b22df7000 rw-p 00000000 [anon:signal_stack:55921]
5b22df7000-5b22df9000 ---p 00000000 
5b22df9000-5b22e00000 rw-p 00000000 [anon:signal_stack:55922]
5b22e00000-5b22e31000 r--p 00000000 /system/lib64/chipset-sdk-sp/libsurface.z.so
5b22e31000-5b22e82000 r-xp 00030000 /system/lib64/chipset-sdk-sp/libsurface.z.so
5b22e82000-5b22e8b000 r--p 00080000 /system/lib64/chipset-sdk-sp/libsurface.z.so
5b22e8b000-5b22e8c000 rw-p 00088000 /system/lib64/chipset-sdk-sp/libsurface.z.so
5b22e8c000-5b22e8f000 rw-p 00000000 [anon:libsurface.z.so.bss]
5b22e8f000-5b22e91000 ---p 00000000 
5b22e91000-5b22e98000 rw-p 00000000 [anon:signal_stack:55923]
5b22e98000-5b22e9a000 ---p 00000000 
5b22e9a000-5b22ea1000 rw-p 00000000 [anon:signal_stack:55924]
5b22ea1000-5b22ea8000 rw-s 00000000 anon_inode:dev/ashmem/EXTRawData
5b22eaa000-5b22eac000 ---p 00000000 
5b22eac000-5b22eb3000 rw-p 00000000 [anon:signal_stack:55927]
5b22eb3000-5b22eb5000 ---p 00000000 
5b22eb5000-5b22ebc000 rw-p 00000000 [anon:signal_stack:55928]
5b22ec0000-5b22eee000 r--p 00000000 /system/lib64/platformsdk/libapp_context.z.so
5b22eee000-5b22f26000 r-xp 0002d000 /system/lib64/platformsdk/libapp_context.z.so
5b22f26000-5b22f29000 r--p 00064000 /system/lib64/platformsdk/libapp_context.z.so
5b22f29000-5b22f2a000 rw-p 00066000 /system/lib64/platformsdk/libapp_context.z.so
5b22f2a000-5b22f2b000 rw-p 00000000 [anon:libapp_context.z.so.bss]
5b22f2b000-5b22f2d000 ---p 00000000 
5b22f2d000-5b22f34000 rw-p 00000000 [anon:signal_stack:55929]
5b22f34000-5b22f36000 ---p 00000000 
5b22f36000-5b22f3d000 rw-p 00000000 [anon:signal_stack:55987]
5b22f40000-5b22f45000 r--p 00000000 /system/lib64/chipset-sdk-sp/libhdi_base.z.so
5b22f45000-5b22f57000 r-xp 00004000 /system/lib64/chipset-sdk-sp/libhdi_base.z.so
5b22f57000-5b22f59000 r--p 00015000 /system/lib64/chipset-sdk-sp/libhdi_base.z.so
5b22f59000-5b22f5a000 rw-p 00016000 /system/lib64/chipset-sdk-sp/libhdi_base.z.so
5b22f5a000-5b22f5c000 ---p 00000000 
5b22f5c000-5b22f63000 rw-p 00000000 [anon:signal_stack:55993]
5b22f63000-5b22f65000 ---p 00000000 
5b22f65000-5b22f6c000 rw-p 00000000 [anon:signal_stack:56050]
5b22f6c000-5b22f6e000 ---p 00000000 
5b22f6e000-5b22f75000 rw-p 00000000 [anon:signal_stack:55934]
5b22f75000-5b22f77000 ---p 00000000 
5b22f77000-5b22f7e000 rw-p 00000000 [anon:signal_stack:55935]
5b22f80000-5b2315d000 r--p 00000000 /system/lib64/platformsdk/libark_jsruntime.so
5b2315d000-5b23aa5000 r-xp 001dc000 /system/lib64/platformsdk/libark_jsruntime.so
5b23aa5000-5b23ac0000 r--p 00b23000 /system/lib64/platformsdk/libark_jsruntime.so
5b23ac0000-5b23ac4000 rw-p 00b3d000 /system/lib64/platformsdk/libark_jsruntime.so
5b23ac4000-5b23aee000 rw-p 00000000 [anon:libark_jsruntime.so.bss]
5b23aee000-5b23af0000 ---p 00000000 
5b23af0000-5b23af7000 rw-p 00000000 [anon:signal_stack:55936]
5b23af7000-5b23af9000 ---p 00000000 
5b23af9000-5b23b00000 rw-p 00000000 [anon:signal_stack:55938]
5b23b00000-5b23b03000 r--p 00000000 /system/lib64/platformsdk/libnative_appdatafwk.z.so
5b23b03000-5b23b08000 r-xp 00002000 /system/lib64/platformsdk/libnative_appdatafwk.z.so
5b23b08000-5b23b09000 r--p 00006000 /system/lib64/platformsdk/libnative_appdatafwk.z.so
5b23b09000-5b23b0a000 rw-p 00006000 /system/lib64/platformsdk/libnative_appdatafwk.z.so
5b23b0a000-5b23b0c000 ---p 00000000 
5b23b0c000-5b23b13000 rw-p 00000000 [anon:signal_stack:56049]
5b23b13000-5b23b15000 ---p 00000000 
5b23b15000-5b23b1c000 rw-p 00000000 [anon:signal_stack:56051]
5b23b1c000-5b23b3f000 rw-s 00000000 anon_inode:dev/ashmem/EXTRawData
5b23b40000-5b23b69000 r--p 00000000 /system/lib64/platformsdk/libmmi-util.z.so
5b23b69000-5b23ba4000 r-xp 00028000 /system/lib64/platformsdk/libmmi-util.z.so
5b23ba4000-5b23ba7000 r--p 00062000 /system/lib64/platformsdk/libmmi-util.z.so
5b23ba7000-5b23ba8000 rw-p 00064000 /system/lib64/platformsdk/libmmi-util.z.so
5b23ba8000-5b23baa000 ---p 00000000 
5b23baa000-5b23bb1000 rw-p 00000000 [anon:signal_stack:56035]
5b23bb1000-5b23bb8000 rw-s 00000000 anon_inode:dev/ashmem/EXTRawData
5b23bb8000-5b23bbf000 rw-s 00000000 anon_inode:dev/ashmem/EXTRawData
5b23bc0000-5b23bc7000 r--p 00000000 /system/lib64/platformsdk/libpost_proc_gl.z.so
5b23bc7000-5b23bd3000 r-xp 00006000 /system/lib64/platformsdk/libpost_proc_gl.z.so
5b23bd3000-5b23bd4000 r--p 00011000 /system/lib64/platformsdk/libpost_proc_gl.z.so
5b23bd4000-5b23bd5000 rw-p 00011000 /system/lib64/platformsdk/libpost_proc_gl.z.so
5b23bd5000-5b23bf8000 rw-s 00000000 anon_inode:dev/ashmem/EXTRawData
5b23bf8000-5b23bff000 rw-s 00000000 anon_inode:dev/ashmem/EXTRawData
5b23c00000-5b23c1f000 r--p 00000000 /system/lib64/libGLESv3.so
5b23c1f000-5b23c54000 r-xp 0001e000 /system/lib64/libGLESv3.so
5b23c54000-5b23c55000 r--p 00052000 /system/lib64/libGLESv3.so
5b23c55000-5b23c56000 rw-p 00052000 /system/lib64/libGLESv3.so
5b23c56000-5b23c68000 rw-s 00000000 anon_inode:dev/ashmem/EXTRawData
5b23c68000-5b23c79000 rw-s 00000000 anon_inode:dev/ashmem/EXTRawData
5b23c79000-5b23c80000 rw-s 00000000 anon_inode:dev/ashmem/EXTRawData
5b23c80000-5b23df0000 r--p 00000000 /system/lib64/platformsdk/libabilityms.z.so
5b23df0000-5b241bc000 r-xp 0016f000 /system/lib64/platformsdk/libabilityms.z.so
5b241bc000-5b241e6000 r--p 0053a000 /system/lib64/platformsdk/libabilityms.z.so
5b241e6000-5b241e7000 rw-p 00563000 /system/lib64/platformsdk/libabilityms.z.so
5b241e7000-5b241ea000 rw-p 00000000 [anon:libabilityms.z.so.bss]
5b241ea000-5b241ec000 ---p 00000000 
5b241ec000-5b241f3000 rw-p 00000000 [anon:signal_stack:56047]
5b241f3000-5b241f9000 rw-s 00000000 anon_inode:dev/ashmem/EXTRawData
5b241f9000-5b241ff000 rw-s 00000000 anon_inode:dev/ashmem/EXTRawData
5b24200000-5b24272000 r--p 00000000 /system/lib64/platformsdk/libapp_manager.z.so
5b24272000-5b242e4000 r-xp 00071000 /system/lib64/platformsdk/libapp_manager.z.so
5b242e4000-5b24303000 r--p 000e2000 /system/lib64/platformsdk/libapp_manager.z.so
5b24303000-5b24304000 rw-p 00100000 /system/lib64/platformsdk/libapp_manager.z.so
5b24304000-5b24305000 rw-p 00000000 [anon:libapp_manager.z.so.bss]
5b24305000-5b24307000 ---p 00000000 
5b24307000-5b2430e000 rw-p 00000000 [anon:signal_stack:56036]
5b2430e000-5b24310000 ---p 00000000 
5b24310000-5b24317000 rw-p 00000000 [anon:signal_stack:56037]
5b24317000-5b24333000 rw-s 00000000 anon_inode:dev/ashmem/EXTRawData
5b24333000-5b24339000 rw-s 00000000 anon_inode:dev/ashmem/EXTRawData
5b24339000-5b2433f000 rw-s 00000000 anon_inode:dev/ashmem/EXTRawData
5b24340000-5b24348000 r--p 00000000 /system/lib64/appspawn/appspawn/libappspawn_ace.z.so
5b24348000-5b24353000 r-xp 00007000 /system/lib64/appspawn/appspawn/libappspawn_ace.z.so
5b24353000-5b24355000 r--p 00011000 /system/lib64/appspawn/appspawn/libappspawn_ace.z.so
5b24355000-5b24356000 rw-p 00012000 /system/lib64/appspawn/appspawn/libappspawn_ace.z.so
5b24356000-5b24368000 rw-s 00000000 anon_inode:dev/ashmem/EXTRawData
5b24368000-5b2437a000 rw-s 00000000 anon_inode:dev/ashmem/EXTRawData
5b2437a000-5b24380000 rw-s 00000000 anon_inode:dev/ashmem/EXTRawData
5b24380000-5b24441000 r--p 00000000 /system/lib64/librender_service_client.z.so
5b24441000-5b24672000 r-xp 000c0000 /system/lib64/librender_service_client.z.so
5b24672000-5b24685000 r--p 002f0000 /system/lib64/librender_service_client.z.so
5b24685000-5b24686000 rw-p 00302000 /system/lib64/librender_service_client.z.so
5b24686000-5b2468a000 rw-p 00000000 [anon:librender_service_client.z.so.bss]
5b2468a000-5b2468f000 rw-s 00000000 anon_inode:dev/ashmem/EXTRawData
5b24693000-5b24698000 rw-s 00000000 anon_inode:dev/ashmem/EXTRawData
5b2469c000-5b246ae000 rw-s 00000000 anon_inode:dev/ashmem/EXTRawData
5b246ae000-5b246c0000 rw-s 00000000 anon_inode:dev/ashmem/EXTRawData
5b246c0000-5b246d2000 r--p 00000000 /system/lib64/platformsdk/libsession_manager_lite.z.so
5b246d2000-5b246f5000 r-xp 00011000 /system/lib64/platformsdk/libsession_manager_lite.z.so
5b246f5000-5b246fa000 r--p 00033000 /system/lib64/platformsdk/libsession_manager_lite.z.so
5b246fa000-5b246fb000 rw-p 00037000 /system/lib64/platformsdk/libsession_manager_lite.z.so
5b246fb000-5b24700000 rw-s 00000000 anon_inode:dev/ashmem/EXTRawData
5b24700000-5b24708000 r--p 00000000 /system/lib64/chipset-sdk-sp/libbeget_proxy.z.so
5b24708000-5b24718000 r-xp 00007000 /system/lib64/chipset-sdk-sp/libbeget_proxy.z.so
5b24718000-5b2471f000 r--p 00016000 /system/lib64/chipset-sdk-sp/libbeget_proxy.z.so
5b2471f000-5b24720000 rw-p 0001c000 /system/lib64/chipset-sdk-sp/libbeget_proxy.z.so
5b24720000-5b24740000 rw-s 00000000 anon_inode:dev/ashmem/EXTRawData
5b24740000-5b24745000 r--p 00000000 /system/lib64/chipset-sdk-sp/libdisplay_buffer_proxy_1.2.z.so
5b24745000-5b2474a000 r-xp 00004000 /system/lib64/chipset-sdk-sp/libdisplay_buffer_proxy_1.2.z.so
5b2474a000-5b2474b000 r--p 00008000 /system/lib64/chipset-sdk-sp/libdisplay_buffer_proxy_1.2.z.so
5b2474b000-5b2474c000 rw-p 00008000 /system/lib64/chipset-sdk-sp/libdisplay_buffer_proxy_1.2.z.so
5b2474c000-5b24774000 rw-s 00000000 anon_inode:dev/ashmem/EXTRawData
5b24774000-5b24776000 ---p 00000000 
5b24776000-5b2477d000 rw-p 00000000 [anon:signal_stack:56062]
5b24780000-5b2478b000 r--p 00000000 /system/lib64/chipset-sdk-sp/libhdi.z.so
5b2478b000-5b24798000 r-xp 0000a000 /system/lib64/chipset-sdk-sp/libhdi.z.so
5b24798000-5b2479b000 r--p 00016000 /system/lib64/chipset-sdk-sp/libhdi.z.so
5b2479b000-5b2479c000 rw-p 00018000 /system/lib64/chipset-sdk-sp/libhdi.z.so
5b2479c000-5b247b4000 rw-s 00000000 anon_inode:dev/ashmem/EXTRawData
5b247b4000-5b247b6000 ---p 00000000 
5b247b6000-5b247bd000 rw-p 00000000 [anon:signal_stack:56038]
5b247c0000-5b24834000 r--p 00000000 /system/lib64/platformsdk/libability_manager.z.so
5b24834000-5b248b1000 r-xp 00073000 /system/lib64/platformsdk/libability_manager.z.so
5b248b1000-5b248c8000 r--p 000ef000 /system/lib64/platformsdk/libability_manager.z.so
5b248c8000-5b248c9000 rw-p 00105000 /system/lib64/platformsdk/libability_manager.z.so
5b248c9000-5b248ca000 rw-p 00000000 [anon:libability_manager.z.so.bss]
5b248ca000-5b248fc000 rw-s 00000000 [io]
5b24900000-5b24905000 r--p 00000000 /system/lib64/ndk/libsync_fence.z.so
5b24905000-5b2490b000 r-xp 00004000 /system/lib64/ndk/libsync_fence.z.so
5b2490b000-5b2490c000 r--p 00009000 /system/lib64/ndk/libsync_fence.z.so
5b2490c000-5b2490d000 rw-p 00009000 /system/lib64/ndk/libsync_fence.z.so
5b2490d000-5b2490e000 rw-p 00000000 [anon:libsync_fence.z.so.bss]
5b2490e000-5b24926000 rw-s 00000000 anon_inode:dev/ashmem/EXTRawData
5b24926000-5b24938000 rw-s 00000000 anon_inode:dev/ashmem/EXTRawData
5b24938000-5b2493e000 rw-s 00000000 anon_inode:dev/ashmem/EXTRawData
5b24940000-5b24947000 r--p 00000000 /system/lib64/platformsdk/libwantagent_manager.z.so
5b24947000-5b2494e000 r-xp 00006000 /system/lib64/platformsdk/libwantagent_manager.z.so
5b2494e000-5b24952000 r--p 0000c000 /system/lib64/platformsdk/libwantagent_manager.z.so
5b24952000-5b24953000 rw-p 0000f000 /system/lib64/platformsdk/libwantagent_manager.z.so
5b24953000-5b24976000 rw-s 00000000 anon_inode:dev/ashmem/EXTRawData
5b24976000-5b2497c000 rw-s 00000000 anon_inode:dev/ashmem/EXTRawData
5b24980000-5b24985000 r--p 00000000 /system/lib64/platformsdk/libview_data.z.so
5b24985000-5b24995000 r-xp 00004000 /system/lib64/platformsdk/libview_data.z.so
5b24995000-5b24997000 r--p 00013000 /system/lib64/platformsdk/libview_data.z.so
5b24997000-5b24998000 rw-p 00014000 /system/lib64/platformsdk/libview_data.z.so
5b24998000-5b249bb000 rw-s 00000000 anon_inode:dev/ashmem/EXTRawData
5b249bb000-5b249c0000 r--s 00000000 /data/storage/el2/base/cache/web/Safe Browsing Cookies
5b249c0000-5b249c6000 r--p 00000000 /system/lib64/platformsdk/libscreenlock_client.z.so
5b249c6000-5b249d3000 r-xp 00005000 /system/lib64/platformsdk/libscreenlock_client.z.so
5b249d3000-5b249d7000 r--p 00011000 /system/lib64/platformsdk/libscreenlock_client.z.so
5b249d7000-5b249d8000 rw-p 00014000 /system/lib64/platformsdk/libscreenlock_client.z.so
5b249d8000-5b249fb000 rw-s 00000000 anon_inode:dev/ashmem/EXTRawData
5b24a00000-5b24a03000 r--p 00000000 /system/lib64/platformsdk/libace_uicontent.z.so
5b24a03000-5b24a06000 r-xp 00002000 /system/lib64/platformsdk/libace_uicontent.z.so
5b24a06000-5b24a08000 r--p 00004000 /system/lib64/platformsdk/libace_uicontent.z.so
5b24a08000-5b24a09000 rw-p 00005000 /system/lib64/platformsdk/libace_uicontent.z.so
5b24a09000-5b24a3b000 rw-s 00000000 [io]
5b24a40000-5b24a44000 r--p 00000000 /system/lib64/libcolor_space_object_convertor.z.so
5b24a44000-5b24a4b000 r-xp 00003000 /system/lib64/libcolor_space_object_convertor.z.so
5b24a4b000-5b24a4c000 r--p 00009000 /system/lib64/libcolor_space_object_convertor.z.so
5b24a4c000-5b24a4d000 rw-p 00009000 /system/lib64/libcolor_space_object_convertor.z.so
5b24a4d000-5b24a70000 rw-s 00000000 anon_inode:dev/ashmem/EXTRawData
5b24a70000-5b24a76000 rw-s 00000000 anon_inode:dev/ashmem/EXTRawData
5b24a76000-5b24a7c000 rw-s 00000000 anon_inode:dev/ashmem/EXTRawData
5b24a80000-5b24a82000 r--p 00000000 /system/lib64/libapplication_context_manager.z.so
5b24a82000-5b24a84000 r-xp 00001000 /system/lib64/libapplication_context_manager.z.so
5b24a84000-5b24a85000 r--p 00002000 /system/lib64/libapplication_context_manager.z.so
5b24a85000-5b24a86000 rw-p 00002000 /system/lib64/libapplication_context_manager.z.so
5b24a86000-5b24aa9000 rw-s 00000000 anon_inode:dev/ashmem/EXTRawData
5b24aa9000-5b24abb000 rw-s 00000000 anon_inode:dev/ashmem/EXTRawData
5b24ac0000-5b24ac4000 r--p 00000000 /system/lib64/chipset-sdk-sp/libdisplay_buffer_proxy_1.4.z.so
5b24ac4000-5b24ac8000 r-xp 00003000 /system/lib64/chipset-sdk-sp/libdisplay_buffer_proxy_1.4.z.so
5b24ac8000-5b24aca000 r--p 00006000 /system/lib64/chipset-sdk-sp/libdisplay_buffer_proxy_1.4.z.so
5b24aca000-5b24acb000 rw-p 00007000 /system/lib64/chipset-sdk-sp/libdisplay_buffer_proxy_1.4.z.so
5b24acb000-5b24aee000 rw-s 00000000 anon_inode:dev/ashmem/EXTRawData
5b24aee000-5b24b00000 rw-s 00000000 anon_inode:dev/ashmem/EXTRawData
5b24b00000-5b24b0d000 r--p 00000000 /system/lib64/platformsdk/libchild_process_manager.z.so
5b24b0d000-5b24b1b000 r-xp 0000c000 /system/lib64/platformsdk/libchild_process_manager.z.so
5b24b1b000-5b24b1d000 r--p 00019000 /system/lib64/platformsdk/libchild_process_manager.z.so
5b24b1d000-5b24b1e000 rw-p 0001a000 /system/lib64/platformsdk/libchild_process_manager.z.so
5b24b1e000-5b24b30000 rw-s 00000000 anon_inode:dev/ashmem/EXTRawData
5b24b30000-5b24b36000 rw-s 00000000 anon_inode:dev/ashmem/EXTRawData
5b24b36000-5b24b40000 rw-s 00000000 anon_inode:dev/ashmem/EXTRawData
5b24b40000-5b24b5e000 r--p 00000000 /system/lib64/libdistributed_file_daemon_kit_inner.z.so
5b24b5e000-5b24b90000 r-xp 0001d000 /system/lib64/libdistributed_file_daemon_kit_inner.z.so
5b24b90000-5b24b98000 r--p 0004e000 /system/lib64/libdistributed_file_daemon_kit_inner.z.so
5b24b98000-5b24b99000 rw-p 00055000 /system/lib64/libdistributed_file_daemon_kit_inner.z.so
5b24b99000-5b24b9a000 rw-p 00000000 [anon:libdistributed_file_daemon_kit_inner.z.so.bss]
5b24b9a000-5b24bbd000 rw-s 00000000 anon_inode:dev/ashmem/EXTRawData
5b24bc0000-5b24bd1000 r--p 00000000 /system/lib64/platformsdk/libnative_preferences.z.so
5b24bd1000-5b24c03000 r-xp 00010000 /system/lib64/platformsdk/libnative_preferences.z.so
5b24c03000-5b24c06000 r--p 00041000 /system/lib64/platformsdk/libnative_preferences.z.so
5b24c06000-5b24c07000 rw-p 00043000 /system/lib64/platformsdk/libnative_preferences.z.so
5b24c07000-5b24c08000 rw-p 00000000 [anon:libnative_preferences.z.so.bss]
5b24c08000-5b24c2b000 rw-s 00000000 anon_inode:dev/ashmem/EXTRawData
5b24c2b000-5b24c3d000 rw-s 00000000 anon_inode:dev/ashmem/EXTRawData
5b24c40000-5b24c52000 r--p 00000000 /system/lib64/platformsdk/libsoftbus_adapter.z.so
5b24c52000-5b24c6e000 r-xp 00011000 /system/lib64/platformsdk/libsoftbus_adapter.z.so
5b24c6e000-5b24c70000 r--p 0002c000 /system/lib64/platformsdk/libsoftbus_adapter.z.so
5b24c70000-5b24c71000 rw-p 0002d000 /system/lib64/platformsdk/libsoftbus_adapter.z.so
5b24c71000-5b24c72000 rw-p 00000000 [anon:libsoftbus_adapter.z.so.bss]
5b24c72000-5b24c74000 ---p 00000000 
5b24c74000-5b24c7b000 rw-p 00000000 [anon:signal_stack:56086]
5b24c80000-5b24ca1000 r--p 00000000 /system/lib64/platformsdk/libdistributeddata_inner.z.so
5b24ca1000-5b24d0b000 r-xp 00020000 /system/lib64/platformsdk/libdistributeddata_inner.z.so
5b24d0b000-5b24d15000 r--p 00089000 /system/lib64/platformsdk/libdistributeddata_inner.z.so
5b24d15000-5b24d16000 rw-p 00092000 /system/lib64/platformsdk/libdistributeddata_inner.z.so
5b24d16000-5b24d17000 rw-p 00000000 [anon:libdistributeddata_inner.z.so.bss]
5b24d17000-5b24d29000 rw-s 00000000 anon_inode:dev/ashmem/EXTRawData
5b24d29000-5b24d3b000 rw-s 00000000 anon_inode:dev/ashmem/EXTRawData
5b24d40000-5b24d4d000 r--p 00000000 /system/lib64/platformsdk/libremote_file_share_native.z.so
5b24d4d000-5b24d6c000 r-xp 0000c000 /system/lib64/platformsdk/libremote_file_share_native.z.so
5b24d6c000-5b24d6e000 r--p 0002a000 /system/lib64/platformsdk/libremote_file_share_native.z.so
5b24d6e000-5b24d6f000 rw-p 0002b000 /system/lib64/platformsdk/libremote_file_share_native.z.so
5b24d6f000-5b24d70000 rw-p 00000000 [anon:libremote_file_share_native.z.so.bss]
5b24d70000-5b24d72000 ---p 00000000 
5b24d72000-5b24d79000 rw-p 00000000 [anon:signal_stack:56087]
5b24d79000-5b24d80000 rw-s 00000000 anon_inode:dev/ashmem/shared_memory/BEDAFAD3145C3BE957DF32DDC131DB37
5b24d80000-5b24d98000 r--p 00000000 /system/lib64/platformsdk/libextensionwindow_napi.z.so
5b24d98000-5b24dbf000 r-xp 00017000 /system/lib64/platformsdk/libextensionwindow_napi.z.so
5b24dbf000-5b24dc3000 r--p 0003e000 /system/lib64/platformsdk/libextensionwindow_napi.z.so
5b24dc3000-5b24dc4000 rw-p 00041000 /system/lib64/platformsdk/libextensionwindow_napi.z.so
5b24dc4000-5b24dc5000 rw-p 00000000 [anon:libextensionwindow_napi.z.so.bss]
5b24dc5000-5b24dd7000 rw-s 00000000 anon_inode:dev/ashmem/EXTRawData
5b24dd7000-5b24de9000 rw-s 00000000 anon_inode:dev/ashmem/EXTRawData
5b24de9000-5b24dfb000 rw-s 00000000 anon_inode:dev/ashmem/EXTRawData
5b24e00000-5b24e0d000 r--p 00000000 /system/lib64/libinputmethod_common.z.so
5b24e0d000-5b24e1c000 r-xp 0000c000 /system/lib64/libinputmethod_common.z.so
5b24e1c000-5b24e21000 r--p 0001a000 /system/lib64/libinputmethod_common.z.so
5b24e21000-5b24e22000 rw-p 0001e000 /system/lib64/libinputmethod_common.z.so
5b24e22000-5b24e34000 rw-s 00000000 anon_inode:dev/ashmem/EXTRawData
5b24e34000-5b24e36000 ---p 00000000 
5b24e36000-5b24e3d000 rw-p 00000000 [anon:signal_stack:56088]
5b24e40000-5b24e54000 r--p 00000000 /system/lib64/chipset-sdk/libpng.z.so
5b24e54000-5b24e8e000 r-xp 00013000 /system/lib64/chipset-sdk/libpng.z.so
5b24e8e000-5b24e90000 r--p 0004c000 /system/lib64/chipset-sdk/libpng.z.so
5b24e90000-5b24e91000 rw-p 0004d000 /system/lib64/chipset-sdk/libpng.z.so
5b24e91000-5b24ea3000 rw-s 00000000 anon_inode:dev/ashmem/EXTRawData
5b24ea3000-5b24eb5000 rw-s 00000000 anon_inode:dev/ashmem/EXTRawData
5b24eb5000-5b24eb7000 ---p 00000000 
5b24eb7000-5b24ebe000 rw-p 00000000 [anon:signal_stack:56089]
5b24ec0000-5b24f40000 r--p 00000000 /system/lib64/platformsdk/libappkit_native.z.so
5b24f40000-5b24fc2000 r-xp 0007f000 /system/lib64/platformsdk/libappkit_native.z.so
5b24fc2000-5b24fcd000 r--p 00100000 /system/lib64/platformsdk/libappkit_native.z.so
5b24fcd000-5b24fce000 rw-p 0010a000 /system/lib64/platformsdk/libappkit_native.z.so
5b24fce000-5b24fd0000 rw-p 00000000 [anon:libappkit_native.z.so.bss]
5b24fd0000-5b24fe2000 rw-s 00000000 anon_inode:dev/ashmem/EXTRawData
5b24fe2000-5b24ff7000 rw-s 00000000 anon_inode:dev/ashmem/EXTRawData
5b24ff7000-5b25000000 rw-p 00000000 [anon:ArkTS Code:/system/lib64/module/util/libstream.z.so_15392_1]
5b25000000-5b25014000 r--p 00000000 /system/lib64/platformsdk/libdistributeddb_client.z.so
5b25014000-5b25051000 r-xp 00013000 /system/lib64/platformsdk/libdistributeddb_client.z.so
5b25051000-5b25053000 r--p 0004f000 /system/lib64/platformsdk/libdistributeddb_client.z.so
5b25053000-5b25054000 rw-p 00050000 /system/lib64/platformsdk/libdistributeddb_client.z.so
5b25054000-5b25055000 rw-p 00000000 [anon:libdistributeddb_client.z.so.bss]
5b25055000-5b25067000 rw-s 00000000 anon_inode:dev/ashmem/EXTRawData
5b25067000-5b25079000 rw-s 00000000 anon_inode:dev/ashmem/EXTRawData
5b25079000-5b25080000 r--s 00000000 /data/storage/el2/base/cache/web/Cookies
5b25080000-5b25083000 r--p 00000000 /system/lib64/librtg_interface.z.so
5b25083000-5b25087000 r-xp 00002000 /system/lib64/librtg_interface.z.so
5b25087000-5b25089000 r--p 00005000 /system/lib64/librtg_interface.z.so
5b25089000-5b2508a000 rw-p 00006000 /system/lib64/librtg_interface.z.so
5b2508a000-5b2509c000 rw-s 00000000 anon_inode:dev/ashmem/EXTRawData
5b2509c000-5b250ae000 rw-s 00000000 anon_inode:dev/ashmem/EXTRawData
5b250ae000-5b250c0000 rw-s 00000000 anon_inode:dev/ashmem/EXTRawData
5b250c0000-5b250c7000 r--p 00000000 /system/lib64/chipset-sdk/libxperfservice_client.z.so
5b250c7000-5b250cf000 r-xp 00006000 /system/lib64/chipset-sdk/libxperfservice_client.z.so
5b250cf000-5b250d3000 r--p 0000d000 /system/lib64/chipset-sdk/libxperfservice_client.z.so
5b250d3000-5b250d4000 rw-p 00010000 /system/lib64/chipset-sdk/libxperfservice_client.z.so
5b250d4000-5b250d5000 rw-p 00000000 [anon:libxperfservice_client.z.so.bss]
5b250d5000-5b250e7000 rw-s 00000000 anon_inode:dev/ashmem/EXTRawData
5b250e7000-5b250f9000 rw-s 00000000 anon_inode:dev/ashmem/EXTRawData
5b25100000-5b25154000 r--p 00000000 /system/lib64/platformsdk/libwindow_native_kit.z.so
5b25154000-5b2520a000 r-xp 00053000 /system/lib64/platformsdk/libwindow_native_kit.z.so
5b2520a000-5b25215000 r--p 00108000 /system/lib64/platformsdk/libwindow_native_kit.z.so
5b25215000-5b25216000 rw-p 00112000 /system/lib64/platformsdk/libwindow_native_kit.z.so
5b25216000-5b25217000 rw-p 00000000 [anon:libwindow_native_kit.z.so.bss]
5b25217000-5b25219000 ---p 00000000 
5b25219000-5b25220000 rw-p 00000000 [anon:signal_stack:56090]
5b25220000-5b25222000 ---p 00000000 
5b25222000-5b25229000 rw-p 00000000 [anon:signal_stack:56091]
5b25229000-5b2522b000 ---p 00000000 
5b2522b000-5b25232000 rw-p 00000000 [anon:signal_stack:56098]
5b25232000-5b25234000 ---p 00000000 
5b25234000-5b2523b000 rw-p 00000000 [anon:signal_stack:56099]
5b25240000-5b25258000 r--p 00000000 /system/lib64/platformsdk/libscreen_session.z.so
5b25258000-5b25281000 r-xp 00017000 /system/lib64/platformsdk/libscreen_session.z.so
5b25281000-5b25283000 r--p 0003f000 /system/lib64/platformsdk/libscreen_session.z.so
5b25283000-5b25284000 rw-p 00040000 /system/lib64/platformsdk/libscreen_session.z.so
5b25284000-5b25286000 ---p 00000000 
5b25286000-5b2528d000 rw-p 00000000 [anon:signal_stack:56100]
5b2528d000-5b2528f000 ---p 00000000 
5b2528f000-5b25296000 rw-p 00000000 [anon:signal_stack:56101]
5b25296000-5b25298000 ---p 00000000 
5b25298000-5b2529f000 rw-p 00000000 [anon:signal_stack:56102]
5b2529f000-5b252a1000 ---p 00000000 
5b252a1000-5b252a8000 rw-p 00000000 [anon:signal_stack:56107]
5b252a8000-5b252aa000 ---p 00000000 
5b252aa000-5b252b1000 rw-p 00000000 [anon:signal_stack:56108]
5b252b1000-5b252b3000 ---p 00000000 
5b252b3000-5b252ba000 rw-p 00000000 [anon:signal_stack:56109]
5b252c0000-5b252c7000 r--p 00000000 /system/lib64/platformsdk/libsoftbus_dfx.z.so
5b252c7000-5b252db000 r-xp 00006000 /system/lib64/platformsdk/libsoftbus_dfx.z.so
5b252db000-5b252e3000 r--p 00019000 /system/lib64/platformsdk/libsoftbus_dfx.z.so
5b252e3000-5b252e4000 rw-p 00020000 /system/lib64/platformsdk/libsoftbus_dfx.z.so
5b252e4000-5b252e6000 ---p 00000000 
5b252e6000-5b252ed000 rw-p 00000000 [anon:signal_stack:56110]
5b252ed000-5b252ef000 ---p 00000000 
5b252ef000-5b252f6000 rw-p 00000000 [anon:signal_stack:56111]
5b252f6000-5b252f8000 ---p 00000000 
5b252f8000-5b252ff000 rw-p 00000000 [anon:signal_stack:56112]
5b25300000-5b25309000 r--p 00000000 /system/lib64/platformsdk/libnative_dataability.z.so
5b25309000-5b25312000 r-xp 00008000 /system/lib64/platformsdk/libnative_dataability.z.so
5b25312000-5b25316000 r--p 00010000 /system/lib64/platformsdk/libnative_dataability.z.so
5b25316000-5b25317000 rw-p 00013000 /system/lib64/platformsdk/libnative_dataability.z.so
5b25317000-5b25319000 ---p 00000000 
5b25319000-5b25320000 rw-p 00000000 [anon:signal_stack:56113]
5b25320000-5b25322000 ---p 00000000 
5b25322000-5b25329000 rw-p 00000000 [anon:signal_stack:56114]
5b25329000-5b2532b000 ---p 00000000 
5b2532b000-5b25332000 rw-p 00000000 [anon:signal_stack:56115]
5b25332000-5b25334000 ---p 00000000 
5b25334000-5b2533b000 rw-p 00000000 [anon:signal_stack:56116]
5b25340000-5b25357000 r--p 00000000 /system/lib64/platformsdk/libinputmethod_client.z.so
5b25357000-5b253a9000 r-xp 00016000 /system/lib64/platformsdk/libinputmethod_client.z.so
5b253a9000-5b253b2000 r--p 00067000 /system/lib64/platformsdk/libinputmethod_client.z.so
5b253b2000-5b253b3000 rw-p 0006f000 /system/lib64/platformsdk/libinputmethod_client.z.so
5b253b3000-5b253b5000 ---p 00000000 
5b253b5000-5b253bc000 rw-p 00000000 [anon:signal_stack:56117]
5b253c0000-5b2544f000 r--p 00000000 /system/lib64/libstd.dylib.so
5b2544f000-5b254de000 r-xp 0008e000 /system/lib64/libstd.dylib.so
5b254de000-5b254e7000 r--p 0011c000 /system/lib64/libstd.dylib.so
5b254e7000-5b254e8000 rw-p 00124000 /system/lib64/libstd.dylib.so
5b254e8000-5b254e9000 rw-p 00000000 [anon:libstd.dylib.so.bss]
5b254e9000-5b254eb000 ---p 00000000 
5b254eb000-5b254f2000 rw-p 00000000 [anon:signal_stack:56118]
5b254f2000-5b254f4000 ---p 00000000 
5b254f4000-5b254fb000 rw-p 00000000 [anon:signal_stack:56119]
5b25500000-5b25548000 r--p 00000000 /system/lib64/platformsdk/libnative_rdb.z.so
5b25548000-5b25643000 r-xp 00047000 /system/lib64/platformsdk/libnative_rdb.z.so
5b25643000-5b2564f000 r--p 00141000 /system/lib64/platformsdk/libnative_rdb.z.so
5b2564f000-5b25650000 rw-p 0014c000 /system/lib64/platformsdk/libnative_rdb.z.so
5b25650000-5b25651000 rw-p 00000000 [anon:libnative_rdb.z.so.bss]
5b25651000-5b25653000 ---p 00000000 
5b25653000-5b2565a000 rw-p 00000000 [anon:signal_stack:56120]
5b2565a000-5b2565c000 ---p 00000000 
5b2565c000-5b25663000 rw-p 00000000 [anon:signal_stack:56121]
5b25663000-5b25665000 ---p 00000000 
5b25665000-5b2566c000 rw-p 00000000 [anon:signal_stack:56122]
5b2566c000-5b2566e000 ---p 00000000 
5b2566e000-5b25675000 rw-p 00000000 [anon:signal_stack:56123]
5b25675000-5b25677000 ---p 00000000 
5b25677000-5b2567e000 rw-p 00000000 [anon:signal_stack:56124]
5b25680000-5b25681000 r--p 00000000 /system/lib64/libdlp_setconfig_sdk.z.so
5b25681000-5b25684000 r-xp 00000000 /system/lib64/libdlp_setconfig_sdk.z.so
5b25684000-5b25685000 r--p 00002000 /system/lib64/libdlp_setconfig_sdk.z.so
5b25685000-5b25686000 rw-p 00002000 /system/lib64/libdlp_setconfig_sdk.z.so
5b25686000-5b25688000 ---p 00000000 
5b25688000-5b2568f000 rw-p 00000000 [anon:signal_stack:56125]
5b2568f000-5b25691000 ---p 00000000 
5b25691000-5b25698000 rw-p 00000000 [anon:signal_stack:56126]
5b25698000-5b256b8000 rw-s 00000000 anon_inode:dev/ashmem/shared_memory/0BAEAB01BB45074CEE01001EEF6582F7
5b256c0000-5b256c2000 r--p 00000000 /system/lib64/platformsdk/libfreeze_util.z.so
5b256c2000-5b256c7000 r-xp 00001000 /system/lib64/platformsdk/libfreeze_util.z.so
5b256c7000-5b256c8000 r--p 00005000 /system/lib64/platformsdk/libfreeze_util.z.so
5b256c8000-5b256c9000 rw-p 00005000 /system/lib64/platformsdk/libfreeze_util.z.so
5b256c9000-5b256cb000 ---p 00000000 
5b256cb000-5b256d2000 rw-p 00000000 [anon:signal_stack:56127]
5b256d2000-5b256d4000 ---p 00000000 
5b256d4000-5b256db000 rw-p 00000000 [anon:signal_stack:56128]
5b256db000-5b256dd000 ---p 00000000 
5b256dd000-5b256e4000 rw-p 00000000 [anon:signal_stack:56129]
5b256e4000-5b256e6000 ---p 00000000 
5b256e6000-5b256ed000 rw-p 00000000 [anon:signal_stack:56130]
5b256ed000-5b256ef000 ---p 00000000 
5b256ef000-5b256f6000 rw-p 00000000 [anon:signal_stack:56131]
5b256f6000-5b256f8000 ---p 00000000 
5b256f8000-5b256ff000 rw-p 00000000 [anon:signal_stack:56132]
5b25700000-5b25709000 r--p 00000000 /system/lib64/platformsdk/libconnection_obs_manager.z.so
5b25709000-5b25711000 r-xp 00008000 /system/lib64/platformsdk/libconnection_obs_manager.z.so
5b25711000-5b25714000 r--p 0000f000 /system/lib64/platformsdk/libconnection_obs_manager.z.so
5b25714000-5b25715000 rw-p 00011000 /system/lib64/platformsdk/libconnection_obs_manager.z.so
5b25715000-5b25716000 rw-p 00000000 [anon:libconnection_obs_manager.z.so.bss]
5b25716000-5b25733000 r--s 00000000 /data/storage/el2/base/cache/web/Web Data
5b25733000-5b2573e000 r--s 00000000 /data/storage/el2/base/cache/web/Shared Dictionary/db
5b25740000-5b25748000 r--p 00000000 /system/lib64/libimage_proxy_2.1.z.so
5b25748000-5b25752000 r-xp 00007000 /system/lib64/libimage_proxy_2.1.z.so
5b25752000-5b25754000 r--p 00010000 /system/lib64/libimage_proxy_2.1.z.so
5b25754000-5b25755000 rw-p 00011000 /system/lib64/libimage_proxy_2.1.z.so
5b25755000-5b25762000 r--s 00000000 /data/storage/el2/base/cache/web/Affiliation Database
5b25762000-5b2576c000 r--s 00000000 /data/storage/el2/base/cache/web/Login Data For Account
5b2576c000-5b25776000 r--s 00000000 /data/storage/el2/base/cache/web/Login Data
5b25776000-5b25778000 ---p 00000000 
5b25778000-5b2577f000 rw-p 00000000 [anon:signal_stack:56133]
5b25780000-5b25783000 r--p 00000000 /system/lib64/libcolor_manager.z.so
5b25783000-5b25786000 r-xp 00002000 /system/lib64/libcolor_manager.z.so
5b25786000-5b25788000 r--p 00004000 /system/lib64/libcolor_manager.z.so
5b25788000-5b25789000 rw-p 00005000 /system/lib64/libcolor_manager.z.so
5b25789000-5b2578b000 ---p 00000000 
5b2578b000-5b25792000 rw-p 00000000 [anon:signal_stack:56134]
5b25792000-5b25794000 ---p 00000000 
5b25794000-5b2579b000 rw-p 00000000 [anon:signal_stack:56135]
5b2579b000-5b2579d000 ---p 00000000 
5b2579d000-5b257a4000 rw-p 00000000 [anon:signal_stack:56136]
5b257a4000-5b257a6000 ---p 00000000 
5b257a6000-5b257ad000 rw-p 00000000 [anon:signal_stack:56137]
5b257ad000-5b257af000 ---p 00000000 
5b257af000-5b257b6000 rw-p 00000000 [anon:signal_stack:56138]
5b257c0000-5b257c5000 r--p 00000000 /system/lib64/platformsdk/libabilitykit_utils.z.so
5b257c5000-5b257c9000 r-xp 00004000 /system/lib64/platformsdk/libabilitykit_utils.z.so
5b257c9000-5b257ca000 r--p 00007000 /system/lib64/platformsdk/libabilitykit_utils.z.so
5b257ca000-5b257cb000 rw-p 00007000 /system/lib64/platformsdk/libabilitykit_utils.z.so
5b257cb000-5b257cd000 ---p 00000000 
5b257cd000-5b257d4000 rw-p 00000000 [anon:signal_stack:56139]
5b257d4000-5b257d6000 ---p 00000000 
5b257d6000-5b257dd000 rw-p 00000000 [anon:signal_stack:56140]
5b25800000-5b2580a000 r--p 00000000 /system/lib64/libimf_hisysevent.z.so
5b2580a000-5b2581c000 r-xp 00009000 /system/lib64/libimf_hisysevent.z.so
5b2581c000-5b2581f000 r--p 0001a000 /system/lib64/libimf_hisysevent.z.so
5b2581f000-5b25820000 rw-p 0001c000 /system/lib64/libimf_hisysevent.z.so
5b25820000-5b25821000 rw-p 00000000 [anon:libimf_hisysevent.z.so.bss]
5b25840000-5b25845000 r--p 00000000 /system/lib64/platformsdk/libextension_manager.z.so
5b25845000-5b2584a000 r-xp 00004000 /system/lib64/platformsdk/libextension_manager.z.so
5b2584a000-5b2584c000 r--p 00008000 /system/lib64/platformsdk/libextension_manager.z.so
5b2584c000-5b2584d000 rw-p 00009000 /system/lib64/platformsdk/libextension_manager.z.so
5b25880000-5b25885000 r--p 00000000 /system/lib64/chipset-sdk-sp/libdisplay_buffer_proxy_1.3.z.so
5b25885000-5b2588b000 r-xp 00004000 /system/lib64/chipset-sdk-sp/libdisplay_buffer_proxy_1.3.z.so
5b2588b000-5b2588d000 r--p 00009000 /system/lib64/chipset-sdk-sp/libdisplay_buffer_proxy_1.3.z.so
5b2588d000-5b2588e000 rw-p 0000a000 /system/lib64/chipset-sdk-sp/libdisplay_buffer_proxy_1.3.z.so
5b258c0000-5b258ca000 r--p 00000000 /system/lib64/platformsdk/libjs_environment.z.so
5b258ca000-5b258d4000 r-xp 00009000 /system/lib64/platformsdk/libjs_environment.z.so
5b258d4000-5b258d6000 r--p 00012000 /system/lib64/platformsdk/libjs_environment.z.so
5b258d6000-5b258d7000 rw-p 00013000 /system/lib64/platformsdk/libjs_environment.z.so
5b25900000-5b25916000 r--p 00000000 /system/lib64/platformsdk/libdatashare_common.z.so
5b25916000-5b2594d000 r-xp 00015000 /system/lib64/platformsdk/libdatashare_common.z.so
5b2594d000-5b25952000 r--p 0004b000 /system/lib64/platformsdk/libdatashare_common.z.so
5b25952000-5b25953000 rw-p 0004f000 /system/lib64/platformsdk/libdatashare_common.z.so
5b25980000-5b259bf000 r--p 00000000 /system/lib64/libvulkan.so
5b259bf000-5b25a05000 r-xp 0003e000 /system/lib64/libvulkan.so
5b25a05000-5b25a09000 r--p 00083000 /system/lib64/libvulkan.so
5b25a09000-5b25a0a000 rw-p 00086000 /system/lib64/libvulkan.so
5b25a40000-5b25a46000 r--p 00000000 /system/lib64/libabsl_time.z.so
5b25a46000-5b25a4f000 r-xp 00005000 /system/lib64/libabsl_time.z.so
5b25a4f000-5b25a51000 r--p 0000d000 /system/lib64/libabsl_time.z.so
5b25a51000-5b25a52000 rw-p 0000e000 /system/lib64/libabsl_time.z.so
5b25a80000-5b25a91000 r--p 00000000 /system/lib64/platformsdk/libstorage_manager_sa_proxy.z.so
5b25a91000-5b25ab9000 r-xp 00010000 /system/lib64/platformsdk/libstorage_manager_sa_proxy.z.so
5b25ab9000-5b25abf000 r--p 00037000 /system/lib64/platformsdk/libstorage_manager_sa_proxy.z.so
5b25abf000-5b25ac0000 rw-p 0003c000 /system/lib64/platformsdk/libstorage_manager_sa_proxy.z.so
5b25ac0000-5b25ac2000 r--p 00000000 /system/lib64/platformsdk/libability_start_setting.z.so
5b25ac2000-5b25ac5000 r-xp 00001000 /system/lib64/platformsdk/libability_start_setting.z.so
5b25ac5000-5b25ac6000 r--p 00003000 /system/lib64/platformsdk/libability_start_setting.z.so
5b25ac6000-5b25ac7000 rw-p 00003000 /system/lib64/platformsdk/libability_start_setting.z.so
5b25b00000-5b25b0b000 r--p 00000000 /system/lib64/platformsdk/libprivacy_sdk.z.so
5b25b0b000-5b25b24000 r-xp 0000a000 /system/lib64/platformsdk/libprivacy_sdk.z.so
5b25b24000-5b25b2c000 r--p 00022000 /system/lib64/platformsdk/libprivacy_sdk.z.so
5b25b2c000-5b25b2d000 rw-p 00029000 /system/lib64/platformsdk/libprivacy_sdk.z.so
5b25b40000-5b25b52000 r--p 00000000 /system/lib64/platformsdk/libnapi_common.z.so
5b25b52000-5b25b6b000 r-xp 00011000 /system/lib64/platformsdk/libnapi_common.z.so
5b25b6b000-5b25b6d000 r--p 00029000 /system/lib64/platformsdk/libnapi_common.z.so
5b25b6d000-5b25b6e000 rw-p 0002a000 /system/lib64/platformsdk/libnapi_common.z.so
5b25b6e000-5b25b6f000 rw-p 00000000 [anon:libnapi_common.z.so.bss]
5b25b80000-5b25b81000 r--p 00000000 /system/lib64/platformsdk/libextractresourcemanager.z.so
5b25b81000-5b25b82000 r-xp 00000000 /system/lib64/platformsdk/libextractresourcemanager.z.so
5b25b82000-5b25b84000 r--p 00000000 /system/lib64/platformsdk/libextractresourcemanager.z.so
5b25b84000-5b25b85000 rw-p 00001000 /system/lib64/platformsdk/libextractresourcemanager.z.so
5b25bc0000-5b25bc4000 r--p 00000000 /system/lib64/platformsdk/libhiappevent_innerapi.z.so
5b25bc4000-5b25bc8000 r-xp 00003000 /system/lib64/platformsdk/libhiappevent_innerapi.z.so
5b25bc8000-5b25bc9000 r--p 00006000 /system/lib64/platformsdk/libhiappevent_innerapi.z.so
5b25bc9000-5b25bca000 rw-p 00006000 /system/lib64/platformsdk/libhiappevent_innerapi.z.so
5b25c00000-5b25c0c000 r--p 00000000 /system/lib64/platformsdk/libabsl_strings.z.so
5b25c0c000-5b25c19000 r-xp 0000b000 /system/lib64/platformsdk/libabsl_strings.z.so
5b25c19000-5b25c1a000 r--p 00017000 /system/lib64/platformsdk/libabsl_strings.z.so
5b25c1a000-5b25c1b000 rw-p 00017000 /system/lib64/platformsdk/libabsl_strings.z.so
5b25c40000-5b25c43000 r--p 00000000 /system/lib64/libarkweb_glue_base.z.so
5b25c43000-5b25c48000 r-xp 00002000 /system/lib64/libarkweb_glue_base.z.so
5b25c48000-5b25c4a000 r--p 00006000 /system/lib64/libarkweb_glue_base.z.so
5b25c4a000-5b25c4b000 rw-p 00007000 /system/lib64/libarkweb_glue_base.z.so
5b25c80000-5b25c85000 r--p 00000000 /system/lib64/librelational_common_base.z.so
5b25c85000-5b25c91000 r-xp 00004000 /system/lib64/librelational_common_base.z.so
5b25c91000-5b25c92000 r--p 0000f000 /system/lib64/librelational_common_base.z.so
5b25c92000-5b25c93000 rw-p 0000f000 /system/lib64/librelational_common_base.z.so
5b25cc0000-5b25cff000 r--p 00000000 /system/lib64/platformsdk/libimage_napi.z.so
5b25cff000-5b25dab000 r-xp 0003e000 /system/lib64/platformsdk/libimage_napi.z.so
5b25dab000-5b25db5000 r--p 000e9000 /system/lib64/platformsdk/libimage_napi.z.so
5b25db5000-5b25db6000 rw-p 000f2000 /system/lib64/platformsdk/libimage_napi.z.so
5b25db6000-5b25db7000 rw-p 00000000 [anon:libimage_napi.z.so.bss]
5b25dc0000-5b25dd3000 r--p 00000000 /system/lib64/platformsdk/libaccessibilityconfig.z.so
5b25dd3000-5b25deb000 r-xp 00012000 /system/lib64/platformsdk/libaccessibilityconfig.z.so
5b25deb000-5b25df2000 r--p 00029000 /system/lib64/platformsdk/libaccessibilityconfig.z.so
5b25df2000-5b25df3000 rw-p 0002f000 /system/lib64/platformsdk/libaccessibilityconfig.z.so
5b25e00000-5b25e0b000 r--p 00000000 /system/lib64/platformsdk/libsamgr_common.z.so
5b25e0b000-5b25e26000 r-xp 0000a000 /system/lib64/platformsdk/libsamgr_common.z.so
5b25e26000-5b25e28000 r--p 00024000 /system/lib64/platformsdk/libsamgr_common.z.so
5b25e28000-5b25e29000 rw-p 00025000 /system/lib64/platformsdk/libsamgr_common.z.so
5b25e40000-5b25e5b000 r--p 00000000 /system/lib64/platformsdk/libpowermgr_client.z.so
5b25e5b000-5b25e7b000 r-xp 0001a000 /system/lib64/platformsdk/libpowermgr_client.z.so
5b25e7b000-5b25e8b000 r--p 00039000 /system/lib64/platformsdk/libpowermgr_client.z.so
5b25e8b000-5b25e8c000 rw-p 00048000 /system/lib64/platformsdk/libpowermgr_client.z.so
5b25ec0000-5b25ecf000 r--p 00000000 /system/lib64/platformsdk/libdataobs_manager.z.so
5b25ecf000-5b25ee2000 r-xp 0000e000 /system/lib64/platformsdk/libdataobs_manager.z.so
5b25ee2000-5b25ee6000 r--p 00020000 /system/lib64/platformsdk/libdataobs_manager.z.so
5b25ee6000-5b25ee7000 rw-p 00023000 /system/lib64/platformsdk/libdataobs_manager.z.so
5b25ee7000-5b25ee8000 rw-p 00000000 [anon:libdataobs_manager.z.so.bss]
5b25f00000-5b25f0f000 r--p 00000000 /system/lib64/platformsdk/libapp_context_utils.z.so
5b25f0f000-5b25f23000 r-xp 0000e000 /system/lib64/platformsdk/libapp_context_utils.z.so
5b25f23000-5b25f25000 r--p 00021000 /system/lib64/platformsdk/libapp_context_utils.z.so
5b25f25000-5b25f26000 rw-p 00022000 /system/lib64/platformsdk/libapp_context_utils.z.so
5b25f40000-5b25f43000 r--p 00000000 /system/lib64/platformsdk/liblz4_shared.z.so
5b25f43000-5b25f64000 r-xp 00002000 /system/lib64/platformsdk/liblz4_shared.z.so
5b25f64000-5b25f65000 r--p 00022000 /system/lib64/platformsdk/liblz4_shared.z.so
5b25f65000-5b25f66000 rw-p 00022000 /system/lib64/platformsdk/liblz4_shared.z.so
5b25f80000-5b25f85000 r--p 00000000 /system/lib64/platformsdk/libtimer.z.so
5b25f85000-5b25f8c000 r-xp 00004000 /system/lib64/platformsdk/libtimer.z.so
5b25f8c000-5b25f8e000 r--p 0000a000 /system/lib64/platformsdk/libtimer.z.so
5b25f8e000-5b25f8f000 rw-p 0000b000 /system/lib64/platformsdk/libtimer.z.so
5b25fc0000-5b25fc4000 r--p 00000000 /system/lib64/platformsdk/libdlp_permission_common_interface.z.so
5b25fc4000-5b25fd2000 r-xp 00003000 /system/lib64/platformsdk/libdlp_permission_common_interface.z.so
5b25fd2000-5b25fd3000 r--p 00010000 /system/lib64/platformsdk/libdlp_permission_common_interface.z.so
5b25fd3000-5b25fd4000 rw-p 00010000 /system/lib64/platformsdk/libdlp_permission_common_interface.z.so
5b26000000-5b26004000 r--p 00000000 /system/lib64/chipset-sdk-sp/libdisplay_buffer_proxy_1.1.z.so
5b26004000-5b26009000 r-xp 00003000 /system/lib64/chipset-sdk-sp/libdisplay_buffer_proxy_1.1.z.so
5b26009000-5b2600b000 r--p 00007000 /system/lib64/chipset-sdk-sp/libdisplay_buffer_proxy_1.1.z.so
5b2600b000-5b2600c000 rw-p 00008000 /system/lib64/chipset-sdk-sp/libdisplay_buffer_proxy_1.1.z.so
5b26040000-5b26042000 r--p 00000000 /system/lib64/libframe_trace_intf.z.so
5b26042000-5b26044000 r-xp 00001000 /system/lib64/libframe_trace_intf.z.so
5b26044000-5b26045000 r--p 00002000 /system/lib64/libframe_trace_intf.z.so
5b26045000-5b26046000 rw-p 00002000 /system/lib64/libframe_trace_intf.z.so
5b26080000-5b26095000 r--p 00000000 /system/lib64/platformsdk/libwantagent_innerkits.z.so
5b26095000-5b260a9000 r-xp 00014000 /system/lib64/platformsdk/libwantagent_innerkits.z.so
5b260a9000-5b260ad000 r--p 00027000 /system/lib64/platformsdk/libwantagent_innerkits.z.so
5b260ad000-5b260ae000 rw-p 0002a000 /system/lib64/platformsdk/libwantagent_innerkits.z.so
5b260c0000-5b260ce000 r--p 00000000 /system/lib64/libcodec_proxy_4.0.z.so
5b260ce000-5b260df000 r-xp 0000d000 /system/lib64/libcodec_proxy_4.0.z.so
5b260df000-5b260e1000 r--p 0001d000 /system/lib64/libcodec_proxy_4.0.z.so
5b260e1000-5b260e2000 rw-p 0001e000 /system/lib64/libcodec_proxy_4.0.z.so
5b260e2000-5b260e3000 rw-p 00000000 [anon:libcodec_proxy_4.0.z.so.bss]
5b26100000-5b26117000 r--p 00000000 /system/lib64/libdlpparse.z.so
5b26117000-5b26150000 r-xp 00016000 /system/lib64/libdlpparse.z.so
5b26150000-5b26155000 r--p 0004e000 /system/lib64/libdlpparse.z.so
5b26155000-5b26156000 rw-p 00052000 /system/lib64/libdlpparse.z.so
5b26180000-5b26189000 r--p 00000000 /system/lib64/platformsdk/libwindowstage_kit.z.so
5b26189000-5b2619b000 r-xp 00008000 /system/lib64/platformsdk/libwindowstage_kit.z.so
5b2619b000-5b2619d000 r--p 00019000 /system/lib64/platformsdk/libwindowstage_kit.z.so
5b2619d000-5b2619e000 rw-p 0001a000 /system/lib64/platformsdk/libwindowstage_kit.z.so
5b261c0000-5b261c1000 r--p 00000000 /system/lib64/platformsdk/libabsl_raw_logging_internal.z.so
5b261c1000-5b261c3000 r-xp 00000000 /system/lib64/platformsdk/libabsl_raw_logging_internal.z.so
5b261c3000-5b261c4000 r--p 00001000 /system/lib64/platformsdk/libabsl_raw_logging_internal.z.so
5b261c4000-5b261c5000 rw-p 00001000 /system/lib64/platformsdk/libabsl_raw_logging_internal.z.so
5b26200000-5b26218000 r--p 00000000 /system/lib64/platformsdk/libresmgr_napi_core.z.so
5b26218000-5b26242000 r-xp 00017000 /system/lib64/platformsdk/libresmgr_napi_core.z.so
5b26242000-5b26246000 r--p 00040000 /system/lib64/platformsdk/libresmgr_napi_core.z.so
5b26246000-5b26248000 rw-p 00043000 /system/lib64/platformsdk/libresmgr_napi_core.z.so
5b26280000-5b26284000 r--p 00000000 /system/lib64/platformsdk/libsession_handler.z.so
5b26284000-5b26286000 r-xp 00003000 /system/lib64/platformsdk/libsession_handler.z.so
5b26286000-5b26288000 r--p 00004000 /system/lib64/platformsdk/libsession_handler.z.so
5b26288000-5b26289000 rw-p 00005000 /system/lib64/platformsdk/libsession_handler.z.so
5b262c0000-5b262c7000 r--p 00000000 /system/lib64/platformsdk/libconfiguration.z.so
5b262c7000-5b262d2000 r-xp 00006000 /system/lib64/platformsdk/libconfiguration.z.so
5b262d2000-5b262d4000 r--p 00010000 /system/lib64/platformsdk/libconfiguration.z.so
5b262d4000-5b262d5000 rw-p 00011000 /system/lib64/platformsdk/libconfiguration.z.so
5b26300000-5b26341000 r--p 00000000 /system/lib64/platformsdk/libuiabilitykit_native.z.so
5b26341000-5b2637d000 r-xp 00040000 /system/lib64/platformsdk/libuiabilitykit_native.z.so
5b2637d000-5b26383000 r--p 0007b000 /system/lib64/platformsdk/libuiabilitykit_native.z.so
5b26383000-5b26384000 rw-p 00080000 /system/lib64/platformsdk/libuiabilitykit_native.z.so
5b26384000-5b26386000 rw-p 00000000 [anon:libuiabilitykit_native.z.so.bss]
5b263c0000-5b263c3000 r--p 00000000 /system/lib64/platformsdk/libuser_controller.z.so
5b263c3000-5b263ca000 r-xp 00002000 /system/lib64/platformsdk/libuser_controller.z.so
5b263ca000-5b263cb000 r--p 00008000 /system/lib64/platformsdk/libuser_controller.z.so
5b263cb000-5b263cc000 rw-p 00008000 /system/lib64/platformsdk/libuser_controller.z.so
5b26400000-5b26402000 r--p 00000000 /system/lib64/platformsdk/libhichecker.so
5b26402000-5b26404000 r-xp 00001000 /system/lib64/platformsdk/libhichecker.so
5b26404000-5b26406000 r--p 00002000 /system/lib64/platformsdk/libhichecker.so
5b26406000-5b26407000 rw-p 00003000 /system/lib64/platformsdk/libhichecker.so
5b26440000-5b26444000 r--p 00000000 /system/lib64/libinsightintentcontext.z.so
5b26444000-5b26446000 r-xp 00003000 /system/lib64/libinsightintentcontext.z.so
5b26446000-5b26448000 r--p 00004000 /system/lib64/libinsightintentcontext.z.so
5b26448000-5b26449000 rw-p 00005000 /system/lib64/libinsightintentcontext.z.so
5b26480000-5b2648a000 r--p 00000000 /system/lib64/platformsdk/libwmutil_base.z.so
5b2648a000-5b2649a000 r-xp 00009000 /system/lib64/platformsdk/libwmutil_base.z.so
5b2649a000-5b2649d000 r--p 00018000 /system/lib64/platformsdk/libwmutil_base.z.so
5b2649d000-5b2649e000 rw-p 0001a000 /system/lib64/platformsdk/libwmutil_base.z.so
5b2649e000-5b2649f000 rw-p 00000000 [anon:libwmutil_base.z.so.bss]
5b264c0000-5b264c4000 r--p 00000000 /system/lib64/platformsdk/libdialog_request_callback.z.so
5b264c4000-5b264c6000 r-xp 00003000 /system/lib64/platformsdk/libdialog_request_callback.z.so
5b264c6000-5b264c8000 r--p 00004000 /system/lib64/platformsdk/libdialog_request_callback.z.so
5b264c8000-5b264c9000 rw-p 00005000 /system/lib64/platformsdk/libdialog_request_callback.z.so
5b26500000-5b26544000 r--p 00000000 /system/lib64/platformsdk/libsoftbus_client.z.so
5b26544000-5b265e3000 r-xp 00043000 /system/lib64/platformsdk/libsoftbus_client.z.so
5b265e3000-5b265ea000 r--p 000e1000 /system/lib64/platformsdk/libsoftbus_client.z.so
5b265ea000-5b265eb000 rw-p 000e7000 /system/lib64/platformsdk/libsoftbus_client.z.so
5b265eb000-5b265ec000 rw-p 00000000 [anon:libsoftbus_client.z.so.bss]
5b26600000-5b2660b000 r--p 00000000 /system/lib64/platformsdk/libappkit_manager_helper.z.so
5b2660b000-5b26618000 r-xp 0000a000 /system/lib64/platformsdk/libappkit_manager_helper.z.so
5b26618000-5b2661a000 r--p 00016000 /system/lib64/platformsdk/libappkit_manager_helper.z.so
5b2661a000-5b2661b000 rw-p 00017000 /system/lib64/platformsdk/libappkit_manager_helper.z.so
5b26640000-5b26657000 r--p 00000000 /system/lib64/platformsdk/libaccessibility_common.z.so
5b26657000-5b26670000 r-xp 00016000 /system/lib64/platformsdk/libaccessibility_common.z.so
5b26670000-5b26671000 r--p 0002e000 /system/lib64/platformsdk/libaccessibility_common.z.so
5b26671000-5b26672000 rw-p 0002e000 /system/lib64/platformsdk/libaccessibility_common.z.so
5b26672000-5b26673000 rw-p 00000000 [anon:libaccessibility_common.z.so.bss]
5b26680000-5b2669f000 r--p 00000000 /system/lib64/libvsync.z.so
5b2669f000-5b266d6000 r-xp 0001e000 /system/lib64/libvsync.z.so
5b266d6000-5b266dc000 r--p 00054000 /system/lib64/libvsync.z.so
5b266dc000-5b266dd000 rw-p 00059000 /system/lib64/libvsync.z.so
5b26700000-5b26701000 r--p 00000000 /system/lib64/platformsdk/libintl_register.z.so
5b26701000-5b26702000 r-xp 00000000 /system/lib64/platformsdk/libintl_register.z.so
5b26702000-5b26703000 r--p 00000000 /system/lib64/platformsdk/libintl_register.z.so
5b26703000-5b26704000 rw-p 00000000 /system/lib64/platformsdk/libintl_register.z.so
5b26740000-5b26743000 r--p 00000000 /system/lib64/libhiprofiler_preload_client.z.so
5b26743000-5b26749000 r-xp 00002000 /system/lib64/libhiprofiler_preload_client.z.so
5b26749000-5b2674b000 r--p 00007000 /system/lib64/libhiprofiler_preload_client.z.so
5b2674b000-5b2674c000 rw-p 00008000 /system/lib64/libhiprofiler_preload_client.z.so
5b26780000-5b26783000 r--p 00000000 /system/lib64/platformsdk/libability_start_options.z.so
5b26783000-5b26788000 r-xp 00002000 /system/lib64/platformsdk/libability_start_options.z.so
5b26788000-5b2678a000 r--p 00006000 /system/lib64/platformsdk/libability_start_options.z.so
5b2678a000-5b2678b000 rw-p 00007000 /system/lib64/platformsdk/libability_start_options.z.so
5b267c0000-5b26804000 r--p 00000000 /system/lib64/platformsdk/libmedia_foundation.z.so
5b26804000-5b26878000 r-xp 00043000 /system/lib64/platformsdk/libmedia_foundation.z.so
5b26878000-5b26880000 r--p 000b6000 /system/lib64/platformsdk/libmedia_foundation.z.so
5b26880000-5b26882000 rw-p 000bd000 /system/lib64/platformsdk/libmedia_foundation.z.so
5b268c0000-5b2692a000 r--p 00000000 /system/lib64/chipset-sdk-sp/libprotobuf_lite.z.so
5b2692a000-5b269f4000 r-xp 00069000 /system/lib64/chipset-sdk-sp/libprotobuf_lite.z.so
5b269f4000-5b269f9000 r--p 00132000 /system/lib64/chipset-sdk-sp/libprotobuf_lite.z.so
5b269f9000-5b269fa000 rw-p 00136000 /system/lib64/chipset-sdk-sp/libprotobuf_lite.z.so
5b269fa000-5b269fd000 rw-p 00000000 [anon:libprotobuf_lite.z.so.bss]
5b26a00000-5b26a01000 r--p 00000000 /system/lib64/platformsdk/libhiperf_local.z.so
5b26a01000-5b26a03000 r-xp 00000000 /system/lib64/platformsdk/libhiperf_local.z.so
5b26a03000-5b26a04000 r--p 00001000 /system/lib64/platformsdk/libhiperf_local.z.so
5b26a04000-5b26a05000 rw-p 00001000 /system/lib64/platformsdk/libhiperf_local.z.so
5b26a40000-5b26a42000 r--p 00000000 /system/lib64/platformsdk/libdatabase_utils.z.so
5b26a42000-5b26a46000 r-xp 00001000 /system/lib64/platformsdk/libdatabase_utils.z.so
5b26a46000-5b26a47000 r--p 00004000 /system/lib64/platformsdk/libdatabase_utils.z.so
5b26a47000-5b26a48000 rw-p 00004000 /system/lib64/platformsdk/libdatabase_utils.z.so
5b26a80000-5b26aba000 r--p 00000000 /system/lib64/platformsdk/libimage_accessor.z.so
5b26aba000-5b26ba2000 r-xp 00039000 /system/lib64/platformsdk/libimage_accessor.z.so
5b26ba2000-5b26ba9000 r--p 00120000 /system/lib64/platformsdk/libimage_accessor.z.so
5b26ba9000-5b26baa000 rw-p 00126000 /system/lib64/platformsdk/libimage_accessor.z.so
5b26baa000-5b26bac000 rw-p 00000000 [anon:libimage_accessor.z.so.bss]
5b26bc0000-5b26bcd000 r--p 00000000 /system/lib64/platformsdk/libdevicestatus_util.z.so
5b26bcd000-5b26bec000 r-xp 0000c000 /system/lib64/platformsdk/libdevicestatus_util.z.so
5b26bec000-5b26bee000 r--p 0002a000 /system/lib64/platformsdk/libdevicestatus_util.z.so
5b26bee000-5b26bef000 rw-p 0002b000 /system/lib64/platformsdk/libdevicestatus_util.z.so
5b26c00000-5b26c07000 r--p 00000000 /system/lib64/platformsdk/libconsole.z.so
5b26c07000-5b26c13000 r-xp 00006000 /system/lib64/platformsdk/libconsole.z.so
5b26c13000-5b26c15000 r--p 00011000 /system/lib64/platformsdk/libconsole.z.so
5b26c15000-5b26c16000 rw-p 00012000 /system/lib64/platformsdk/libconsole.z.so
5b26c40000-5b26c42000 r--p 00000000 /system/lib64/platformsdk/libruntime_utils.z.so
5b26c42000-5b26c46000 r-xp 00001000 /system/lib64/platformsdk/libruntime_utils.z.so
5b26c46000-5b26c47000 r--p 00004000 /system/lib64/platformsdk/libruntime_utils.z.so
5b26c47000-5b26c48000 rw-p 00004000 /system/lib64/platformsdk/libruntime_utils.z.so
5b26c80000-5b26c84000 r--p 00000000 /system/lib64/platformsdk/libdistributeddata_client_sync.z.so
5b26c84000-5b26c93000 r-xp 00003000 /system/lib64/platformsdk/libdistributeddata_client_sync.z.so
5b26c93000-5b26c95000 r--p 00011000 /system/lib64/platformsdk/libdistributeddata_client_sync.z.so
5b26c95000-5b26c96000 rw-p 00012000 /system/lib64/platformsdk/libdistributeddata_client_sync.z.so
5b26cc0000-5b26cca000 r--p 00000000 /system/lib64/libdvsync.z.so
5b26cca000-5b26cd9000 r-xp 00009000 /system/lib64/libdvsync.z.so
5b26cd9000-5b26cdb000 r--p 00017000 /system/lib64/libdvsync.z.so
5b26cdb000-5b26cdc000 rw-p 00018000 /system/lib64/libdvsync.z.so
5b26d00000-5b26d75000 r--p 00000000 /system/lib64/platformsdk/libabilitykit_native.z.so
5b26d75000-5b26e05000 r-xp 00074000 /system/lib64/platformsdk/libabilitykit_native.z.so
5b26e05000-5b26e15000 r--p 00103000 /system/lib64/platformsdk/libabilitykit_native.z.so
5b26e15000-5b26e16000 rw-p 00112000 /system/lib64/platformsdk/libabilitykit_native.z.so
5b26e16000-5b26e18000 rw-p 00000000 [anon:libabilitykit_native.z.so.bss]
5b26e40000-5b26e59000 r--p 00000000 /system/lib64/libnstackx_congestion.z.so
5b26e59000-5b26e85000 r-xp 00018000 /system/lib64/libnstackx_congestion.z.so
5b26e85000-5b26e87000 r--p 00043000 /system/lib64/libnstackx_congestion.z.so
5b26e87000-5b26e88000 rw-p 00044000 /system/lib64/libnstackx_congestion.z.so
5b26ec0000-5b26ec2000 r--p 00000000 /system/lib64/libhispeed_image.so
5b26ec2000-5b26edf000 r-xp 00001000 /system/lib64/libhispeed_image.so
5b26edf000-5b26ee0000 r--p 0001d000 /system/lib64/libhispeed_image.so
5b26ee0000-5b26ee1000 rw-p 0001d000 /system/lib64/libhispeed_image.so
5b26f00000-5b26f11000 r--p 00000000 /system/lib64/chipset-sdk/libturbojpeg.z.so
5b26f11000-5b26f6a000 r-xp 00010000 /system/lib64/chipset-sdk/libturbojpeg.z.so
5b26f6a000-5b26f6c000 r--p 00068000 /system/lib64/chipset-sdk/libturbojpeg.z.so
5b26f6c000-5b26f6d000 rw-p 00069000 /system/lib64/chipset-sdk/libturbojpeg.z.so
5b26f80000-5b26f84000 r--p 00000000 /system/lib64/platformsdk/libimageformatagent.z.so
5b26f84000-5b26f8d000 r-xp 00003000 /system/lib64/platformsdk/libimageformatagent.z.so
5b26f8d000-5b26f8e000 r--p 0000b000 /system/lib64/platformsdk/libimageformatagent.z.so
5b26f8e000-5b26f8f000 rw-p 0000b000 /system/lib64/platformsdk/libimageformatagent.z.so
5b26f8f000-5b26f90000 rw-p 00000000 [anon:libimageformatagent.z.so.bss]
5b26f90000-5b27190000 r--s 00000000 /dev/__parameters__/u:object_r:persist_param:s0
5b27190000-5b27410000 rw-p 00000000 [anon:native_heap:jemalloc]
5b27440000-5b2746b000 r--p 00000000 /system/lib64/platformsdk/libaudio_policy_client.z.so
5b2746b000-5b274b6000 r-xp 0002a000 /system/lib64/platformsdk/libaudio_policy_client.z.so
5b274b6000-5b274c2000 r--p 00074000 /system/lib64/platformsdk/libaudio_policy_client.z.so
5b274c2000-5b274c3000 rw-p 0007f000 /system/lib64/platformsdk/libaudio_policy_client.z.so
5b274c3000-5b274c4000 rw-p 00000000 [anon:libaudio_policy_client.z.so.bss]
5b27500000-5b27523000 r--p 00000000 /system/lib64/libhistreamer_plugin_base.z.so
5b27523000-5b2755a000 r-xp 00022000 /system/lib64/libhistreamer_plugin_base.z.so
5b2755a000-5b2755d000 r--p 00058000 /system/lib64/libhistreamer_plugin_base.z.so
5b2755d000-5b2755e000 rw-p 0005a000 /system/lib64/libhistreamer_plugin_base.z.so
5b27580000-5b27584000 r--p 00000000 /system/lib64/platformsdk/libpip_web.z.so
5b27584000-5b2758c000 r-xp 00003000 /system/lib64/platformsdk/libpip_web.z.so
5b2758c000-5b2758d000 r--p 0000a000 /system/lib64/platformsdk/libpip_web.z.so
5b2758d000-5b2758e000 rw-p 0000a000 /system/lib64/platformsdk/libpip_web.z.so
5b2758e000-5b275e3000 r--p 00000000 /system/framework/audio_framework_taihe_abc.abc
5b27600000-5b27601000 ---p 00000000 [anon:native_heap:jemalloc meta]
5b27601000-5b27c00000 rw-p 00000000 [anon:native_heap:jemalloc meta]
5b27c00000-5b27c01000 ---p 00000000 [anon:native_heap:jemalloc meta]
5b27c01000-5b29a82000 r--s 00000000 /system/usr/icu/icudt74l.dat
5b29ac0000-5b29b13000 r--p 00000000 /system/lib64/libav_codec_media_engine_modules.z.so
5b29b13000-5b29bd1000 r-xp 00052000 /system/lib64/libav_codec_media_engine_modules.z.so
5b29bd1000-5b29bd8000 r--p 0010f000 /system/lib64/libav_codec_media_engine_modules.z.so
5b29bd8000-5b29bd9000 rw-p 00115000 /system/lib64/libav_codec_media_engine_modules.z.so
5b29c00000-5b29c0b000 r--p 00000000 /system/lib64/libperfmonitor.z.so
5b29c0b000-5b29c29000 r-xp 0000a000 /system/lib64/libperfmonitor.z.so
5b29c29000-5b29c2b000 r--p 00027000 /system/lib64/libperfmonitor.z.so
5b29c2b000-5b29c2c000 rw-p 00028000 /system/lib64/libperfmonitor.z.so
5b29c2c000-5b29c2d000 rw-p 00000000 [anon:libperfmonitor.z.so.bss]
5b29c40000-5b29c54000 r--p 00000000 /system/lib64/platformsdk/libmedia_service_utils.z.so
5b29c54000-5b29c80000 r-xp 00013000 /system/lib64/platformsdk/libmedia_service_utils.z.so
5b29c80000-5b29c83000 r--p 0003e000 /system/lib64/platformsdk/libmedia_service_utils.z.so
5b29c83000-5b29c84000 rw-p 00040000 /system/lib64/platformsdk/libmedia_service_utils.z.so
5b29c84000-5b29c85000 rw-p 00000000 [anon:libmedia_service_utils.z.so.bss]
5b29cc0000-5b29cdb000 r--p 00000000 /system/lib64/platformsdk/libsoundpool_client.z.so
5b29cdb000-5b29d15000 r-xp 0001a000 /system/lib64/platformsdk/libsoundpool_client.z.so
5b29d15000-5b29d18000 r--p 00053000 /system/lib64/platformsdk/libsoundpool_client.z.so
5b29d18000-5b29d19000 rw-p 00055000 /system/lib64/platformsdk/libsoundpool_client.z.so
5b29d19000-5b29d1a000 rw-p 00000000 [anon:libsoundpool_client.z.so.bss]
5b29d40000-5b29d77000 r--p 00000000 /system/lib64/platformsdk/libdrawing_napi_impl.z.so
5b29d77000-5b29e1d000 r-xp 00036000 /system/lib64/platformsdk/libdrawing_napi_impl.z.so
5b29e1d000-5b29e26000 r--p 000db000 /system/lib64/platformsdk/libdrawing_napi_impl.z.so
5b29e26000-5b29e27000 rw-p 000e3000 /system/lib64/platformsdk/libdrawing_napi_impl.z.so
5b29e27000-5b29e28000 rw-p 00000000 [anon:libdrawing_napi_impl.z.so.bss]
5b29e40000-5b29e62000 r--p 00000000 /system/lib64/platformsdk/libpasteboard_client.z.so
5b29e62000-5b29ec2000 r-xp 00021000 /system/lib64/platformsdk/libpasteboard_client.z.so
5b29ec2000-5b29ed1000 r--p 00080000 /system/lib64/platformsdk/libpasteboard_client.z.so
5b29ed1000-5b29ed2000 rw-p 0008e000 /system/lib64/platformsdk/libpasteboard_client.z.so
5b29ed2000-5b29ed3000 rw-p 00000000 [anon:libpasteboard_client.z.so.bss]
5b29f00000-5b29f08000 r--p 00000000 /system/lib64/platformsdk/libnet_security_config_if.z.so
5b29f08000-5b29f11000 r-xp 00007000 /system/lib64/platformsdk/libnet_security_config_if.z.so
5b29f11000-5b29f13000 r--p 0000f000 /system/lib64/platformsdk/libnet_security_config_if.z.so
5b29f13000-5b29f14000 rw-p 00010000 /system/lib64/platformsdk/libnet_security_config_if.z.so
5b29f40000-5b29f42000 r--p 00000000 /system/lib64/platformsdk/libext2_uuid.z.so
5b29f42000-5b29f45000 r-xp 00001000 /system/lib64/platformsdk/libext2_uuid.z.so
5b29f45000-5b29f46000 r--p 00003000 /system/lib64/platformsdk/libext2_uuid.z.so
5b29f46000-5b29f47000 rw-p 00003000 /system/lib64/platformsdk/libext2_uuid.z.so
5b29f80000-5b29f89000 r--p 00000000 /system/lib64/platformsdk/libextra_config_napi.z.so
5b29f89000-5b29f99000 r-xp 00008000 /system/lib64/platformsdk/libextra_config_napi.z.so
5b29f99000-5b29f9a000 r--p 00017000 /system/lib64/platformsdk/libextra_config_napi.z.so
5b29f9a000-5b29f9b000 rw-p 00017000 /system/lib64/platformsdk/libextra_config_napi.z.so
5b29f9b000-5b29f9c000 rw-p 00000000 [anon:libextra_config_napi.z.so.bss]
5b29fc0000-5b29fca000 r--p 00000000 /system/lib64/platformsdk/libaudio_definitions.z.so
5b29fca000-5b29fe1000 r-xp 00009000 /system/lib64/platformsdk/libaudio_definitions.z.so
5b29fe1000-5b29fe4000 r--p 0001f000 /system/lib64/platformsdk/libaudio_definitions.z.so
5b29fe4000-5b29fe5000 rw-p 00021000 /system/lib64/platformsdk/libaudio_definitions.z.so
5b2a000000-5b2a010000 r--p 00000000 /system/lib64/platformsdk/libnet_manager_common.z.so
5b2a010000-5b2a026000 r-xp 0000f000 /system/lib64/platformsdk/libnet_manager_common.z.so
5b2a026000-5b2a029000 r--p 00024000 /system/lib64/platformsdk/libnet_manager_common.z.so
5b2a029000-5b2a02a000 rw-p 00026000 /system/lib64/platformsdk/libnet_manager_common.z.so
5b2a040000-5b2a04a000 r--p 00000000 /system/lib64/libpasteboard_framework.z.so
5b2a04a000-5b2a062000 r-xp 00009000 /system/lib64/libpasteboard_framework.z.so
5b2a062000-5b2a065000 r--p 00020000 /system/lib64/libpasteboard_framework.z.so
5b2a065000-5b2a066000 rw-p 00022000 /system/lib64/libpasteboard_framework.z.so
5b2a080000-5b2a087000 r--p 00000000 /system/lib64/platformsdk/libdata_ability_helper.z.so
5b2a087000-5b2a08e000 r-xp 00006000 /system/lib64/platformsdk/libdata_ability_helper.z.so
5b2a08e000-5b2a08f000 r--p 0000c000 /system/lib64/platformsdk/libdata_ability_helper.z.so
5b2a08f000-5b2a090000 rw-p 0000c000 /system/lib64/platformsdk/libdata_ability_helper.z.so
5b2a0c0000-5b2a0c3000 r--p 00000000 /system/lib64/libpurgeable_pixelmap_builder.z.so
5b2a0c3000-5b2a0c8000 r-xp 00002000 /system/lib64/libpurgeable_pixelmap_builder.z.so
5b2a0c8000-5b2a0c9000 r--p 00006000 /system/lib64/libpurgeable_pixelmap_builder.z.so
5b2a0c9000-5b2a0ca000 rw-p 00006000 /system/lib64/libpurgeable_pixelmap_builder.z.so
5b2a100000-5b2a106000 r--p 00000000 /system/lib64/platformsdk/libmedia_monitor_client.z.so
5b2a106000-5b2a113000 r-xp 00005000 /system/lib64/platformsdk/libmedia_monitor_client.z.so
5b2a113000-5b2a116000 r--p 00011000 /system/lib64/platformsdk/libmedia_monitor_client.z.so
5b2a116000-5b2a117000 rw-p 00013000 /system/lib64/platformsdk/libmedia_monitor_client.z.so
5b2a140000-5b2a14c000 r--p 00000000 /system/lib64/platformsdk/libvibrator_native.z.so
5b2a14c000-5b2a163000 r-xp 0000b000 /system/lib64/platformsdk/libvibrator_native.z.so
5b2a163000-5b2a166000 r--p 00021000 /system/lib64/platformsdk/libvibrator_native.z.so
5b2a166000-5b2a167000 rw-p 00023000 /system/lib64/platformsdk/libvibrator_native.z.so
5b2a180000-5b2a184000 r--p 00000000 /system/lib64/libmedia_ipc_common.z.so
5b2a184000-5b2a18a000 r-xp 00003000 /system/lib64/libmedia_ipc_common.z.so
5b2a18a000-5b2a18b000 r--p 00008000 /system/lib64/libmedia_ipc_common.z.so
5b2a18b000-5b2a18c000 rw-p 00008000 /system/lib64/libmedia_ipc_common.z.so
5b2a1c0000-5b2a224000 r--p 00000000 /system/lib64/platformsdk/libav_codec_client.z.so
5b2a224000-5b2a2e2000 r-xp 00063000 /system/lib64/platformsdk/libav_codec_client.z.so
5b2a2e2000-5b2a2ee000 r--p 00120000 /system/lib64/platformsdk/libav_codec_client.z.so
5b2a2ee000-5b2a2f0000 rw-p 0012b000 /system/lib64/platformsdk/libav_codec_client.z.so
5b2a2f0000-5b2a2f1000 rw-p 00000000 [anon:libav_codec_client.z.so.bss]
5b2a300000-5b2a305000 r--p 00000000 /system/lib64/platformsdk/libmedia_monitor_common.z.so
5b2a305000-5b2a30c000 r-xp 00004000 /system/lib64/platformsdk/libmedia_monitor_common.z.so
5b2a30c000-5b2a30d000 r--p 0000a000 /system/lib64/platformsdk/libmedia_monitor_common.z.so
5b2a30d000-5b2a30e000 rw-p 0000a000 /system/lib64/platformsdk/libmedia_monitor_common.z.so
5b2a340000-5b2a346000 r--p 00000000 /system/lib64/ndk/libpixelmap.so
5b2a346000-5b2a351000 r-xp 00005000 /system/lib64/ndk/libpixelmap.so
5b2a351000-5b2a352000 r--p 0000f000 /system/lib64/ndk/libpixelmap.so
5b2a352000-5b2a353000 rw-p 0000f000 /system/lib64/ndk/libpixelmap.so
5b2a380000-5b2a38a000 r--p 00000000 /system/lib64/platformsdk/libdisplaymgr.z.so
5b2a38a000-5b2a39b000 r-xp 00009000 /system/lib64/platformsdk/libdisplaymgr.z.so
5b2a39b000-5b2a39f000 r--p 00019000 /system/lib64/platformsdk/libdisplaymgr.z.so
5b2a39f000-5b2a3a0000 rw-p 0001c000 /system/lib64/platformsdk/libdisplaymgr.z.so
5b2a3c0000-5b2a3d4000 r--p 00000000 /system/lib64/platformsdk/libfmskit_native.z.so
5b2a3d4000-5b2a3ff000 r-xp 00013000 /system/lib64/platformsdk/libfmskit_native.z.so
5b2a3ff000-5b2a402000 r--p 0003d000 /system/lib64/platformsdk/libfmskit_native.z.so
5b2a402000-5b2a403000 rw-p 0003f000 /system/lib64/platformsdk/libfmskit_native.z.so
5b2a403000-5b2a404000 rw-p 00000000 [anon:libfmskit_native.z.so.bss]
5b2a440000-5b2a476000 r--p 00000000 /system/lib64/platformsdk/libmedia_client.z.so
5b2a476000-5b2a54f000 r-xp 00035000 /system/lib64/platformsdk/libmedia_client.z.so
5b2a54f000-5b2a563000 r--p 0010d000 /system/lib64/platformsdk/libmedia_client.z.so
5b2a563000-5b2a564000 rw-p 00120000 /system/lib64/platformsdk/libmedia_client.z.so
5b2a564000-5b2a566000 rw-p 00000000 [anon:libmedia_client.z.so.bss]
5b2a580000-5b2a581000 r--p 00000000 /system/lib64/libarktarget_options.z.so
5b2a581000-5b2a582000 r-xp 00000000 /system/lib64/libarktarget_options.z.so
5b2a582000-5b2a584000 r--p 00000000 /system/lib64/libarktarget_options.z.so
5b2a584000-5b2a585000 rw-p 00001000 /system/lib64/libarktarget_options.z.so
5b2a5c0000-5b2a63e000 r--p 00000000 /system/lib64/platformsdk/libscene_session_manager.z.so
5b2a63e000-5b2a7c3000 r-xp 0007d000 /system/lib64/platformsdk/libscene_session_manager.z.so
5b2a7c3000-5b2a7e6000 r--p 00201000 /system/lib64/platformsdk/libscene_session_manager.z.so
5b2a7e6000-5b2a7e7000 rw-p 00223000 /system/lib64/platformsdk/libscene_session_manager.z.so
5b2a7e7000-5b2a7e9000 rw-p 00000000 [anon:libscene_session_manager.z.so.bss]
5b2a800000-5b2a809000 r--p 00000000 /system/lib64/platformsdk/libwindow_extension_client.z.so
5b2a809000-5b2a814000 r-xp 00008000 /system/lib64/platformsdk/libwindow_extension_client.z.so
5b2a814000-5b2a818000 r--p 00012000 /system/lib64/platformsdk/libwindow_extension_client.z.so
5b2a818000-5b2a819000 rw-p 00015000 /system/lib64/platformsdk/libwindow_extension_client.z.so
5b2a840000-5b2a845000 r--p 00000000 /system/lib64/platformsdk/librdb_data_share_adapter.z.so
5b2a845000-5b2a84f000 r-xp 00004000 /system/lib64/platformsdk/librdb_data_share_adapter.z.so
5b2a84f000-5b2a850000 r--p 0000d000 /system/lib64/platformsdk/librdb_data_share_adapter.z.so
5b2a850000-5b2a851000 rw-p 0000d000 /system/lib64/platformsdk/librdb_data_share_adapter.z.so
5b2a880000-5b2a888000 r--p 00000000 /system/lib64/libmedia_library_common.z.so
5b2a888000-5b2a89c000 r-xp 00007000 /system/lib64/libmedia_library_common.z.so
5b2a89c000-5b2a89d000 r--p 0001a000 /system/lib64/libmedia_library_common.z.so
5b2a89d000-5b2a89e000 rw-p 0001a000 /system/lib64/libmedia_library_common.z.so
5b2a89e000-5b2a89f000 rw-p 00000000 [anon:libmedia_library_common.z.so.bss]
5b2a8c0000-5b2a8da000 r--p 00000000 /system/lib64/platformsdk/libui_session.z.so
5b2a8da000-5b2a8f9000 r-xp 00019000 /system/lib64/platformsdk/libui_session.z.so
5b2a8f9000-5b2a8ff000 r--p 00037000 /system/lib64/platformsdk/libui_session.z.so
5b2a8ff000-5b2a900000 rw-p 0003c000 /system/lib64/platformsdk/libui_session.z.so
5b2a900000-5b2a907000 r--p 00000000 /system/lib64/platformsdk/libauto_fill_manager.z.so
5b2a907000-5b2a90d000 r-xp 00006000 /system/lib64/platformsdk/libauto_fill_manager.z.so
5b2a90d000-5b2a90e000 r--p 0000b000 /system/lib64/platformsdk/libauto_fill_manager.z.so
5b2a90e000-5b2a90f000 rw-p 0000b000 /system/lib64/platformsdk/libauto_fill_manager.z.so
5b2a940000-5b2a954000 r--p 00000000 /system/lib64/libarktsbase.so
5b2a954000-5b2a98b000 r-xp 00013000 /system/lib64/libarktsbase.so
5b2a98b000-5b2a98e000 r--p 00049000 /system/lib64/libarktsbase.so
5b2a98e000-5b2a98f000 rw-p 0004b000 /system/lib64/libarktsbase.so
5b2a98f000-5b2a999000 rw-p 00000000 [anon:libarktsbase.so.bss]
5b2a9c0000-5b2a9dd000 r--p 00000000 /system/lib64/platformsdk/libpasteboard_data.z.so
5b2a9dd000-5b2aa40000 r-xp 0001c000 /system/lib64/platformsdk/libpasteboard_data.z.so
5b2aa40000-5b2aa47000 r--p 0007e000 /system/lib64/platformsdk/libpasteboard_data.z.so
5b2aa47000-5b2aa48000 rw-p 00084000 /system/lib64/platformsdk/libpasteboard_data.z.so
5b2aa80000-5b2aa89000 r--p 00000000 /system/lib64/platformsdk/libaudio_foundation.z.so
5b2aa89000-5b2aa99000 r-xp 00008000 /system/lib64/platformsdk/libaudio_foundation.z.so
5b2aa99000-5b2aa9b000 r--p 00017000 /system/lib64/platformsdk/libaudio_foundation.z.so
5b2aa9b000-5b2aa9c000 rw-p 00018000 /system/lib64/platformsdk/libaudio_foundation.z.so
5b2aac0000-5b2aac2000 r--p 00000000 /system/lib64/platformsdk/libxpower_event_js.z.so
5b2aac2000-5b2aac4000 r-xp 00001000 /system/lib64/platformsdk/libxpower_event_js.z.so
5b2aac4000-5b2aac5000 r--p 00002000 /system/lib64/platformsdk/libxpower_event_js.z.so
5b2aac5000-5b2aac6000 rw-p 00002000 /system/lib64/platformsdk/libxpower_event_js.z.so
5b2ab00000-5b2ab15000 r--p 00000000 /system/lib64/platformsdk/libdrm_framework.z.so
5b2ab15000-5b2ab31000 r-xp 00014000 /system/lib64/platformsdk/libdrm_framework.z.so
5b2ab31000-5b2ab38000 r--p 0002f000 /system/lib64/platformsdk/libdrm_framework.z.so
5b2ab38000-5b2ab39000 rw-p 00035000 /system/lib64/platformsdk/libdrm_framework.z.so
5b2ab39000-5b2ab3a000 rw-p 00000000 [anon:libdrm_framework.z.so.bss]
5b2ab40000-5b2ab62000 r--p 00000000 /system/lib64/libarktsfile.so
5b2ab62000-5b2abb4000 r-xp 00021000 /system/lib64/libarktsfile.so
5b2abb4000-5b2abb7000 r--p 00072000 /system/lib64/libarktsfile.so
5b2abb7000-5b2abb8000 rw-p 00074000 /system/lib64/libarktsfile.so
5b2abc0000-5b2abdf000 r--p 00000000 /system/lib64/libudmf_data_napi.z.so
5b2abdf000-5b2ac3c000 r-xp 0001e000 /system/lib64/libudmf_data_napi.z.so
5b2ac3c000-5b2ac43000 r--p 0007a000 /system/lib64/libudmf_data_napi.z.so
5b2ac43000-5b2ac44000 rw-p 00080000 /system/lib64/libudmf_data_napi.z.so
5b2ac44000-5b2ac45000 rw-p 00000000 [anon:libudmf_data_napi.z.so.bss]
5b2ac80000-5b2aca3000 r--p 00000000 /system/lib64/libaudio_client_idl_interface.z.so
5b2aca3000-5b2acf5000 r-xp 00022000 /system/lib64/libaudio_client_idl_interface.z.so
5b2acf5000-5b2ad00000 r--p 00073000 /system/lib64/libaudio_client_idl_interface.z.so
5b2ad00000-5b2ad01000 rw-p 0007d000 /system/lib64/libaudio_client_idl_interface.z.so
5b2ad01000-5b2ad02000 rw-p 00000000 [anon:libaudio_client_idl_interface.z.so.bss]
5b2ad40000-5b2ad5a000 r--p 00000000 /system/lib64/libmedia_library_manager.z.so
5b2ad5a000-5b2ada2000 r-xp 00019000 /system/lib64/libmedia_library_manager.z.so
5b2ada2000-5b2ada5000 r--p 00060000 /system/lib64/libmedia_library_manager.z.so
5b2ada5000-5b2ada6000 rw-p 00062000 /system/lib64/libmedia_library_manager.z.so
5b2ada6000-5b2ada7000 rw-p 00000000 [anon:libmedia_library_manager.z.so.bss]
5b2adc0000-5b2add6000 r--p 00000000 /system/lib64/ndk/libudmf.so
5b2add6000-5b2ae00000 r-xp 00015000 /system/lib64/ndk/libudmf.so
5b2ae00000-5b2ae05000 r--p 0003e000 /system/lib64/ndk/libudmf.so
5b2ae05000-5b2ae06000 rw-p 00042000 /system/lib64/ndk/libudmf.so
5b2ae40000-5b2ae45000 r--p 00000000 /system/lib64/platformsdk/libvibrator_agent.z.so
5b2ae45000-5b2ae4b000 r-xp 00004000 /system/lib64/platformsdk/libvibrator_agent.z.so
5b2ae4b000-5b2ae4d000 r--p 00009000 /system/lib64/platformsdk/libvibrator_agent.z.so
5b2ae4d000-5b2ae4e000 rw-p 0000a000 /system/lib64/platformsdk/libvibrator_agent.z.so
5b2ae80000-5b2ae86000 r--p 00000000 /system/lib64/platformsdk/libui_service_mgr.z.so
5b2ae86000-5b2ae8d000 r-xp 00005000 /system/lib64/platformsdk/libui_service_mgr.z.so
5b2ae8d000-5b2ae8f000 r--p 0000b000 /system/lib64/platformsdk/libui_service_mgr.z.so
5b2ae8f000-5b2ae90000 rw-p 0000c000 /system/lib64/platformsdk/libui_service_mgr.z.so
5b2ae90000-5b2ae91000 rw-p 00000000 [anon:libui_service_mgr.z.so.bss]
5b2aec0000-5b2aec7000 r--p 00000000 /system/lib64/libarkaotmanager.so
5b2aec7000-5b2aedc000 r-xp 00006000 /system/lib64/libarkaotmanager.so
5b2aedc000-5b2aedd000 r--p 0001a000 /system/lib64/libarkaotmanager.so
5b2aedd000-5b2aede000 rw-p 0001a000 /system/lib64/libarkaotmanager.so
5b2af00000-5b2af0b000 r--p 00000000 /system/lib64/libav_codec_service_dfx.z.so
5b2af0b000-5b2af22000 r-xp 0000a000 /system/lib64/libav_codec_service_dfx.z.so
5b2af22000-5b2af23000 r--p 00020000 /system/lib64/libav_codec_service_dfx.z.so
5b2af23000-5b2af24000 rw-p 00020000 /system/lib64/libav_codec_service_dfx.z.so
5b2af24000-5b2af25000 rw-p 00000000 [anon:libav_codec_service_dfx.z.so.bss]
5b2af40000-5b2b198000 r--p 00000000 /system/lib64/libarkruntime.so
5b2b198000-5b2ba72000 r-xp 00257000 /system/lib64/libarkruntime.so
5b2ba72000-5b2baa0000 r--p 00b30000 /system/lib64/libarkruntime.so
5b2baa0000-5b2baa8000 rw-p 00b5d000 /system/lib64/libarkruntime.so
5b2baa8000-5b2bab3000 rw-p 00000000 [anon:libarkruntime.so.bss]
5b2bac0000-5b2bac3000 r--p 00000000 /system/lib64/ndk/libability_base_want.so
5b2bac3000-5b2baca000 r-xp 00002000 /system/lib64/ndk/libability_base_want.so
5b2baca000-5b2bacc000 r--p 00008000 /system/lib64/ndk/libability_base_want.so
5b2bacc000-5b2bacd000 rw-p 00009000 /system/lib64/ndk/libability_base_want.so
5b2bb00000-5b2bb08000 r--p 00000000 /system/lib64/libaudio_schedule.z.so
5b2bb08000-5b2bb15000 r-xp 00007000 /system/lib64/libaudio_schedule.z.so
5b2bb15000-5b2bb16000 r--p 00013000 /system/lib64/libaudio_schedule.z.so
5b2bb16000-5b2bb17000 rw-p 00013000 /system/lib64/libaudio_schedule.z.so
5b2bb17000-5b2bb18000 rw-p 00000000 [anon:libaudio_schedule.z.so.bss]
5b2bb40000-5b2bb54000 r--p 00000000 /system/lib64/platformsdk/libace_form_render.z.so
5b2bb54000-5b2bb77000 r-xp 00013000 /system/lib64/platformsdk/libace_form_render.z.so
5b2bb77000-5b2bb7d000 r--p 00035000 /system/lib64/platformsdk/libace_form_render.z.so
5b2bb7d000-5b2bb7e000 rw-p 0003a000 /system/lib64/platformsdk/libace_form_render.z.so
5b2bb7e000-5b2bb7f000 rw-p 00000000 [anon:libace_form_render.z.so.bss]
5b2bb80000-5b2bbb8000 r--p 00000000 /system/lib64/platformsdk/libimage_effect_impl.so
5b2bbb8000-5b2bc3a000 r-xp 00037000 /system/lib64/platformsdk/libimage_effect_impl.so
5b2bc3a000-5b2bc40000 r--p 000b8000 /system/lib64/platformsdk/libimage_effect_impl.so
5b2bc40000-5b2bc41000 rw-p 000bd000 /system/lib64/platformsdk/libimage_effect_impl.so
5b2bc41000-5b2bc42000 rw-p 00000000 [anon:libimage_effect_impl.so.bss]
5b2bc80000-5b2bc8a000 r--p 00000000 /system/lib64/libani_helpers.z.so
5b2bc8a000-5b2bc9f000 r-xp 00009000 /system/lib64/libani_helpers.z.so
5b2bc9f000-5b2bca0000 r--p 0001d000 /system/lib64/libani_helpers.z.so
5b2bca0000-5b2bca1000 rw-p 0001d000 /system/lib64/libani_helpers.z.so
5b2bcc0000-5b2bccb000 r--p 00000000 /system/lib64/platformsdk/libsandbox_helper_native.z.so
5b2bccb000-5b2bce4000 r-xp 0000a000 /system/lib64/platformsdk/libsandbox_helper_native.z.so
5b2bce4000-5b2bce6000 r--p 00022000 /system/lib64/platformsdk/libsandbox_helper_native.z.so
5b2bce6000-5b2bce7000 rw-p 00023000 /system/lib64/platformsdk/libsandbox_helper_native.z.so
5b2bd00000-5b2bd08000 r--p 00000000 /system/lib64/platformsdk/libmiscdevice_utils.z.so
5b2bd08000-5b2bd12000 r-xp 00007000 /system/lib64/platformsdk/libmiscdevice_utils.z.so
5b2bd12000-5b2bd14000 r--p 00010000 /system/lib64/platformsdk/libmiscdevice_utils.z.so
5b2bd14000-5b2bd15000 rw-p 00011000 /system/lib64/platformsdk/libmiscdevice_utils.z.so
5b2bd40000-5b2bd4f000 r--p 00000000 /system/lib64/libarktsziparchive.so
5b2bd4f000-5b2bd83000 r-xp 0000e000 /system/lib64/libarktsziparchive.so
5b2bd83000-5b2bd85000 r--p 00041000 /system/lib64/libarktsziparchive.so
5b2bd85000-5b2bd86000 rw-p 00042000 /system/lib64/libarktsziparchive.so
5b2bdc0000-5b2bdc4000 r--p 00000000 /system/lib64/platformsdk/librdb_data_ability_adapter.z.so
5b2bdc4000-5b2bdce000 r-xp 00003000 /system/lib64/platformsdk/librdb_data_ability_adapter.z.so
5b2bdce000-5b2bdd0000 r--p 0000c000 /system/lib64/platformsdk/librdb_data_ability_adapter.z.so
5b2bdd0000-5b2bdd1000 rw-p 0000d000 /system/lib64/platformsdk/librdb_data_ability_adapter.z.so
5b2be00000-5b2be31000 r--p 00000000 /system/lib64/lib3dWidgetAdapter.z.so
5b2be31000-5b2bec9000 r-xp 00030000 /system/lib64/lib3dWidgetAdapter.z.so
5b2bec9000-5b2bed0000 r--p 000c7000 /system/lib64/lib3dWidgetAdapter.z.so
5b2bed0000-5b2bed1000 rw-p 000cd000 /system/lib64/lib3dWidgetAdapter.z.so
5b2bed1000-5b2bedc000 rw-p 00000000 [anon:lib3dWidgetAdapter.z.so.bss]
5b2bf00000-5b2c933000 r--p 00000000 /system/lib64/platformsdk/libace_compatible.z.so
5b2c933000-5b2fd76000 r-xp 00a32000 /system/lib64/platformsdk/libace_compatible.z.so
5b2fd76000-5b3013f000 r--p 03e74000 /system/lib64/platformsdk/libace_compatible.z.so
5b3013f000-5b30337000 rw-p 0423c000 /system/lib64/platformsdk/libace_compatible.z.so
5b30337000-5b30403000 rw-p 00000000 [anon:libace_compatible.z.so.bss]
5b30440000-5b304a6000 r--p 00000000 /system/lib64/platformsdk/libaudio_client.z.so
5b304a6000-5b3050f000 r-xp 00065000 /system/lib64/platformsdk/libaudio_client.z.so
5b3050f000-5b3051a000 r--p 000cd000 /system/lib64/platformsdk/libaudio_client.z.so
5b3051a000-5b3051b000 rw-p 000d7000 /system/lib64/platformsdk/libaudio_client.z.so
5b3051b000-5b3051f000 rw-p 00000000 [anon:libaudio_client.z.so.bss]
5b30540000-5b30564000 r--p 00000000 /system/lib64/libaudio_policy_client_idl_interface.z.so
5b30564000-5b305cc000 r-xp 00023000 /system/lib64/libaudio_policy_client_idl_interface.z.so
5b305cc000-5b305dd000 r--p 0008a000 /system/lib64/libaudio_policy_client_idl_interface.z.so
5b305dd000-5b305de000 rw-p 0009a000 /system/lib64/libaudio_policy_client_idl_interface.z.so
5b305de000-5b305df000 rw-p 00000000 [anon:libaudio_policy_client_idl_interface.z.so.bss]
5b30600000-5b30632000 r--p 00000000 /system/lib64/platformsdk/libaudio_common.z.so
5b30632000-5b30683000 r-xp 00031000 /system/lib64/platformsdk/libaudio_common.z.so
5b30683000-5b30688000 r--p 00081000 /system/lib64/platformsdk/libaudio_common.z.so
5b30688000-5b30689000 rw-p 00085000 /system/lib64/platformsdk/libaudio_common.z.so
5b30689000-5b3068c000 rw-p 00000000 [anon:libaudio_common.z.so.bss]
5b306c0000-5b306c7000 r--p 00000000 /system/lib64/platformsdk/libfmskit_provider_client.z.so
5b306c7000-5b306d1000 r-xp 00006000 /system/lib64/platformsdk/libfmskit_provider_client.z.so
5b306d1000-5b306d3000 r--p 0000f000 /system/lib64/platformsdk/libfmskit_provider_client.z.so
5b306d3000-5b306d4000 rw-p 00010000 /system/lib64/platformsdk/libfmskit_provider_client.z.so
5b306d4000-5b306d5000 rw-p 00000000 [anon:libfmskit_provider_client.z.so.bss]
5b30700000-5b3071c000 r--p 00000000 /system/lib64/platformsdk/libaudio_utils.z.so
5b3071c000-5b30762000 r-xp 0001b000 /system/lib64/platformsdk/libaudio_utils.z.so
5b30762000-5b30764000 r--p 00060000 /system/lib64/platformsdk/libaudio_utils.z.so
5b30764000-5b30765000 rw-p 00061000 /system/lib64/platformsdk/libaudio_utils.z.so
5b30765000-5b30766000 rw-p 00000000 [anon:libaudio_utils.z.so.bss]
5b30780000-5b30831000 r--p 00000000 /system/lib64/libarktscompiler.so
5b30831000-5b30a48000 r-xp 000b0000 /system/lib64/libarktscompiler.so
5b30a48000-5b30a69000 r--p 002c6000 /system/lib64/libarktscompiler.so
5b30a69000-5b30a6a000 rw-p 002e6000 /system/lib64/libarktscompiler.so
5b30a6a000-5b30a6e000 rw-p 00000000 [anon:libarktscompiler.so.bss]
5b30a80000-5b30a9c000 r--p 00000000 /system/lib64/platformsdk/libaudio_renderer.z.so
5b30a9c000-5b30ac6000 r-xp 0001b000 /system/lib64/platformsdk/libaudio_renderer.z.so
5b30ac6000-5b30aca000 r--p 00044000 /system/lib64/platformsdk/libaudio_renderer.z.so
5b30aca000-5b30acb000 rw-p 00047000 /system/lib64/platformsdk/libaudio_renderer.z.so
5b30b00000-5b30b29000 r--p 00000000 /system/lib64/platformsdk/libtext_napi_impl.z.so
5b30b29000-5b30b86000 r-xp 00028000 /system/lib64/platformsdk/libtext_napi_impl.z.so
5b30b86000-5b30b8b000 r--p 00084000 /system/lib64/platformsdk/libtext_napi_impl.z.so
5b30b8b000-5b30b8d000 rw-p 00088000 /system/lib64/platformsdk/libtext_napi_impl.z.so
5b30bc0000-5b30bc3000 r--p 00000000 /system/lib64/libav_codec_service_utils.z.so
5b30bc3000-5b30bc8000 r-xp 00002000 /system/lib64/libav_codec_service_utils.z.so
5b30bc8000-5b30bc9000 r--p 00006000 /system/lib64/libav_codec_service_utils.z.so
5b30bc9000-5b30bca000 rw-p 00006000 /system/lib64/libav_codec_service_utils.z.so
5b30c00000-5b30c02000 r--p 00000000 /system/lib64/platformsdk/libsonic.z.so
5b30c02000-5b30c06000 r-xp 00001000 /system/lib64/platformsdk/libsonic.z.so
5b30c06000-5b30c07000 r--p 00004000 /system/lib64/platformsdk/libsonic.z.so
5b30c07000-5b30c08000 rw-p 00004000 /system/lib64/platformsdk/libsonic.z.so
5b30c40000-5b30c5b000 r--p 00000000 /system/lib64/platformsdk/libaccessibilityclient.z.so
5b30c5b000-5b30c85000 r-xp 0001a000 /system/lib64/platformsdk/libaccessibilityclient.z.so
5b30c85000-5b30c8b000 r--p 00043000 /system/lib64/platformsdk/libaccessibilityclient.z.so
5b30c8b000-5b30c8c000 rw-p 00048000 /system/lib64/platformsdk/libaccessibilityclient.z.so
5b30cc0000-5b30cc4000 r--p 00000000 /system/lib64/ndk/libpip_ndk.so
5b30cc4000-5b30ccc000 r-xp 00003000 /system/lib64/ndk/libpip_ndk.so
5b30ccc000-5b30ccd000 r--p 0000a000 /system/lib64/ndk/libpip_ndk.so
5b30ccd000-5b30cce000 rw-p 0000a000 /system/lib64/ndk/libpip_ndk.so
5b30d00000-5b30d06000 r--p 00000000 /system/lib64/libaudio_engine_plugins.z.so
5b30d06000-5b30d16000 r-xp 00005000 /system/lib64/libaudio_engine_plugins.z.so
5b30d16000-5b30d18000 r--p 00014000 /system/lib64/libaudio_engine_plugins.z.so
5b30d18000-5b30d19000 rw-p 00015000 /system/lib64/libaudio_engine_plugins.z.so
5b30d40000-5b30e01000 r--p 00000000 /system/lib64/libarkencoder.so
5b30e01000-5b31005000 r-xp 000c0000 /system/lib64/libarkencoder.so
5b31005000-5b3101e000 r--p 002c3000 /system/lib64/libarkencoder.so
5b3101e000-5b31020000 rw-p 002db000 /system/lib64/libarkencoder.so
5b31020000-5b31033000 rw-p 00000000 [anon:libarkencoder.so.bss]
5b31040000-5b310b4000 r--p 00000000 /system/lib64/platformsdk/libmedia_library.z.so
5b310b4000-5b311b3000 r-xp 00073000 /system/lib64/platformsdk/libmedia_library.z.so
5b311b3000-5b311ba000 r--p 00171000 /system/lib64/platformsdk/libmedia_library.z.so
5b311ba000-5b311bb000 rw-p 00177000 /system/lib64/platformsdk/libmedia_library.z.so
5b311bb000-5b311d0000 rw-p 00000000 [anon:libmedia_library.z.so.bss]
5b31200000-5b3120f000 r--p 00000000 /system/lib64/platformsdk/libaudio_haptic.z.so
5b3120f000-5b31228000 r-xp 0000e000 /system/lib64/platformsdk/libaudio_haptic.z.so
5b31228000-5b3122a000 r--p 00026000 /system/lib64/platformsdk/libaudio_haptic.z.so
5b3122a000-5b3122b000 rw-p 00027000 /system/lib64/platformsdk/libaudio_haptic.z.so
5b3122b000-5b3122c000 rw-p 00000000 [anon:libaudio_haptic.z.so.bss]
5b31240000-5b31257000 r--p 00000000 /system/lib64/platformsdk/libaudio_capturer.z.so
5b31257000-5b3127f000 r-xp 00016000 /system/lib64/platformsdk/libaudio_capturer.z.so
5b3127f000-5b31283000 r--p 0003d000 /system/lib64/platformsdk/libaudio_capturer.z.so
5b31283000-5b31284000 rw-p 00040000 /system/lib64/platformsdk/libaudio_capturer.z.so
5b312c0000-5b312c6000 r--p 00000000 /system/lib64/libuiservice_manager_interface_set.z.so
5b312c6000-5b312ce000 r-xp 00005000 /system/lib64/libuiservice_manager_interface_set.z.so
5b312ce000-5b312d2000 r--p 0000c000 /system/lib64/libuiservice_manager_interface_set.z.so
5b312d2000-5b312d3000 rw-p 0000f000 /system/lib64/libuiservice_manager_interface_set.z.so
5b312d3000-5b314d3000 r--s 00000000 /dev/__parameters__/u:object_r:ohos_boot_param:s0
5b31500000-5b31504000 r--p 00000000 /vendor/lib64/passthrough/indirect/libosalbase.z.so
5b31504000-5b3150a000 r-xp 00003000 /vendor/lib64/passthrough/indirect/libosalbase.z.so
5b3150a000-5b3150b000 r--p 00008000 /vendor/lib64/passthrough/indirect/libosalbase.z.so
5b3150b000-5b3150c000 rw-p 00008000 /vendor/lib64/passthrough/indirect/libosalbase.z.so
5b31540000-5b31543000 r--p 00000000 /vendor/lib64/passthrough/libgralloc_priv.z.so
5b31543000-5b31547000 r-xp 00002000 /vendor/lib64/passthrough/libgralloc_priv.z.so
5b31547000-5b31548000 r--p 00005000 /vendor/lib64/passthrough/libgralloc_priv.z.so
5b31548000-5b31549000 rw-p 00005000 /vendor/lib64/passthrough/libgralloc_priv.z.so
5b31580000-5b32319000 r--p 00000000 /vendor/lib64/passthrough/indirect/libbishenggpucompiler_v200.so.15
5b32319000-5b33c3a000 r-xp 00d98000 /vendor/lib64/passthrough/indirect/libbishenggpucompiler_v200.so.15
5b33c3a000-5b34056000 r--p 026b8000 /vendor/lib64/passthrough/indirect/libbishenggpucompiler_v200.so.15
5b34056000-5b340a4000 rw-p 02ad3000 /vendor/lib64/passthrough/indirect/libbishenggpucompiler_v200.so.15
5b340a4000-5b340f8000 rw-p 00000000 [anon:libbishenggpucompiler_v200.so.15.bss]
5b34100000-5b34101000 r--p 00000000 /system/lib64/chipset-sdk-sp/libdmabufheap.z.so
5b34101000-5b34104000 r-xp 00000000 /system/lib64/chipset-sdk-sp/libdmabufheap.z.so
5b34104000-5b34105000 r--p 00002000 /system/lib64/chipset-sdk-sp/libdmabufheap.z.so
5b34105000-5b34106000 rw-p 00002000 /system/lib64/chipset-sdk-sp/libdmabufheap.z.so
5b34140000-5b342a0000 r--p 00000000 /vendor/lib64/passthrough/libhvgr_v200.so
5b342a0000-5b34340000 r--p 00160000 /vendor/lib64/passthrough/libhvgr_v200.so
5b34340000-5b345c7000 r-xp 00200000 /vendor/lib64/passthrough/libhvgr_v200.so
5b345c7000-5b34740000 r--p 00487000 /vendor/lib64/passthrough/libhvgr_v200.so
5b34740000-5b347ca000 r--p 00600000 /vendor/lib64/passthrough/libhvgr_v200.so
5b347ca000-5b349c9000 r--p 0068a000 /vendor/lib64/passthrough/libhvgr_v200.so
5b349c9000-5b349cf000 rw-p 00689000 /vendor/lib64/passthrough/libhvgr_v200.so
5b349cf000-5b349d2000 rw-p 00000000 [anon:libhvgr_v200.so.bss]
5b34a00000-5b34a14000 r--p 00000000 /vendor/lib64/libdisplay_buffer_vdi_impl.z.so
5b34a14000-5b34a3f000 r-xp 00013000 /vendor/lib64/libdisplay_buffer_vdi_impl.z.so
5b34a3f000-5b34a41000 r--p 0003d000 /vendor/lib64/libdisplay_buffer_vdi_impl.z.so
5b34a41000-5b34a42000 rw-p 0003e000 /vendor/lib64/libdisplay_buffer_vdi_impl.z.so
5b34a42000-5b38942000 rw-p 00000000 [anon:native_heap:jemalloc]
5b38980000-5b38999000 r--p 00000000 /system/lib64/libaccessibleability.z.so
5b38999000-5b389bf000 r-xp 00018000 /system/lib64/libaccessibleability.z.so
5b389bf000-5b389c5000 r--p 0003d000 /system/lib64/libaccessibleability.z.so
5b389c5000-5b389c6000 rw-p 00042000 /system/lib64/libaccessibleability.z.so
5b38a00000-5b38a30000 r--p 00000000 /system/lib64/platformsdk/libani_common.z.so
5b38a30000-5b38a69000 r-xp 0002f000 /system/lib64/platformsdk/libani_common.z.so
5b38a69000-5b38a6d000 r--p 00067000 /system/lib64/platformsdk/libani_common.z.so
5b38a6d000-5b38a6e000 rw-p 0006a000 /system/lib64/platformsdk/libani_common.z.so
5b38a6e000-5b38a6f000 rw-p 00000000 [anon:libani_common.z.so.bss]
5b38a80000-5b38a84000 r--p 00000000 /system/lib64/platformsdk/libani_window_animation_utils.z.so
5b38a84000-5b38a8a000 r-xp 00003000 /system/lib64/platformsdk/libani_window_animation_utils.z.so
5b38a8a000-5b38a8c000 r--p 00008000 /system/lib64/platformsdk/libani_window_animation_utils.z.so
5b38a8c000-5b38a8d000 rw-p 00009000 /system/lib64/platformsdk/libani_window_animation_utils.z.so
5b38ac0000-5b38af7000 r--p 00000000 /system/lib64/librpc_taihe.z.so
5b38af7000-5b38b4d000 r-xp 00036000 /system/lib64/librpc_taihe.z.so
5b38b4d000-5b38b52000 r--p 0008b000 /system/lib64/librpc_taihe.z.so
5b38b52000-5b38b53000 rw-p 0008f000 /system/lib64/librpc_taihe.z.so
5b38b53000-5b38b57000 rw-p 00000000 [anon:librpc_taihe.z.so.bss]
5b38b80000-5b38bc1000 r--p 00000000 /system/lib64/extensionability/libaccessibility_extension_module.z.so
5b38bc1000-5b38c43000 r-xp 00040000 /system/lib64/extensionability/libaccessibility_extension_module.z.so
5b38c43000-5b38c48000 r--p 000c1000 /system/lib64/extensionability/libaccessibility_extension_module.z.so
5b38c48000-5b38c4a000 rw-p 000c5000 /system/lib64/extensionability/libaccessibility_extension_module.z.so
5b38c4a000-5b38c4b000 rw-p 00000000 [anon:libaccessibility_extension_module.z.so.bss]
5b38c80000-5b38c81000 r--p 00000000 /system/lib64/libresourceManager_ani.z.so
5b38c81000-5b38c84000 r-xp 00000000 /system/lib64/libresourceManager_ani.z.so
5b38c84000-5b38c85000 r--p 00002000 /system/lib64/libresourceManager_ani.z.so
5b38c85000-5b38c86000 rw-p 00002000 /system/lib64/libresourceManager_ani.z.so
5b38cc0000-5b38cd7000 r--p 00000000 /system/lib64/libbms_ani_common.z.so
5b38cd7000-5b38cff000 r-xp 00016000 /system/lib64/libbms_ani_common.z.so
5b38cff000-5b38d00000 r--p 0003d000 /system/lib64/libbms_ani_common.z.so
5b38d00000-5b38d01000 rw-p 0003d000 /system/lib64/libbms_ani_common.z.so
5b38d01000-5b38d02000 rw-p 00000000 [anon:libbms_ani_common.z.so.bss]
5b38d40000-5b38d47000 r--p 00000000 /system/lib64/libaccount_logout_extension.z.so
5b38d47000-5b38d51000 r-xp 00006000 /system/lib64/libaccount_logout_extension.z.so
5b38d51000-5b38d53000 r--p 0000f000 /system/lib64/libaccount_logout_extension.z.so
5b38d53000-5b38d54000 rw-p 00010000 /system/lib64/libaccount_logout_extension.z.so
5b38d80000-5b38d81000 r--p 00000000 /system/lib64/extensionability/libaccount_logout_extension_module.z.so
5b38d81000-5b38d83000 r-xp 00000000 /system/lib64/extensionability/libaccount_logout_extension_module.z.so
5b38d83000-5b38d84000 r--p 00001000 /system/lib64/extensionability/libaccount_logout_extension_module.z.so
5b38d84000-5b38d85000 rw-p 00001000 /system/lib64/extensionability/libaccount_logout_extension_module.z.so
5b38dc0000-5b38dc1000 r--p 00000000 /system/lib64/extensionability/libaction_extension_module.z.so
5b38dc1000-5b38dc3000 r-xp 00000000 /system/lib64/extensionability/libaction_extension_module.z.so
5b38dc3000-5b38dc4000 r--p 00001000 /system/lib64/extensionability/libaction_extension_module.z.so
5b38dc4000-5b38dc5000 rw-p 00001000 /system/lib64/extensionability/libaction_extension_module.z.so
5b38e00000-5b38e05000 r--p 00000000 /system/lib64/libaction_extension.z.so
5b38e05000-5b38e09000 r-xp 00004000 /system/lib64/libaction_extension.z.so
5b38e09000-5b38e0b000 r--p 00007000 /system/lib64/libaction_extension.z.so
5b38e0b000-5b38e0c000 rw-p 00008000 /system/lib64/libaction_extension.z.so
5b38e40000-5b38e48000 r--p 00000000 /system/lib64/libadsservice_extension.z.so
5b38e48000-5b38e4f000 r-xp 00007000 /system/lib64/libadsservice_extension.z.so
5b38e4f000-5b38e51000 r--p 0000d000 /system/lib64/libadsservice_extension.z.so
5b38e51000-5b38e52000 rw-p 0000e000 /system/lib64/libadsservice_extension.z.so
5b38e80000-5b38e82000 r--p 00000000 /system/lib64/extensionability/libadsservice_extension_module.z.so
5b38e82000-5b38e85000 r-xp 00001000 /system/lib64/extensionability/libadsservice_extension_module.z.so
5b38e85000-5b38e86000 r--p 00003000 /system/lib64/extensionability/libadsservice_extension_module.z.so
5b38e86000-5b38e87000 rw-p 00003000 /system/lib64/extensionability/libadsservice_extension_module.z.so
5b38ec0000-5b38ec2000 r--p 00000000 /system/lib64/extensionability/libagent_extension_module.z.so
5b38ec2000-5b38ec5000 r-xp 00001000 /system/lib64/extensionability/libagent_extension_module.z.so
5b38ec5000-5b38ec6000 r--p 00003000 /system/lib64/extensionability/libagent_extension_module.z.so
5b38ec6000-5b38ec7000 rw-p 00003000 /system/lib64/extensionability/libagent_extension_module.z.so
5b38f00000-5b38f06000 r--p 00000000 /system/lib64/libagent_extension.z.so
5b38f06000-5b38f0b000 r-xp 00005000 /system/lib64/libagent_extension.z.so
5b38f0b000-5b38f0c000 r--p 00009000 /system/lib64/libagent_extension.z.so
5b38f0c000-5b38f0d000 rw-p 00009000 /system/lib64/libagent_extension.z.so
5b38f0d000-5b38f0e000 rw-p 00000000 [anon:libagent_extension.z.so.bss]
5b38f40000-5b38f45000 r--p 00000000 /system/lib64/libagent_ui_extension.z.so
5b38f45000-5b38f4a000 r-xp 00004000 /system/lib64/libagent_ui_extension.z.so
5b38f4a000-5b38f4b000 r--p 00008000 /system/lib64/libagent_ui_extension.z.so
5b38f4b000-5b38f4c000 rw-p 00008000 /system/lib64/libagent_ui_extension.z.so
5b38f4c000-5b38f4d000 rw-p 00000000 [anon:libagent_ui_extension.z.so.bss]
5b38f80000-5b38f82000 r--p 00000000 /system/lib64/extensionability/libagent_ui_extension_module.z.so
5b38f82000-5b38f85000 r-xp 00001000 /system/lib64/extensionability/libagent_ui_extension_module.z.so
5b38f85000-5b38f86000 r--p 00003000 /system/lib64/extensionability/libagent_ui_extension_module.z.so
5b38f86000-5b38f87000 rw-p 00003000 /system/lib64/extensionability/libagent_ui_extension_module.z.so
5b38fc0000-5b38fc2000 r--p 00000000 /system/lib64/extensionability/libapp_service_extension_module.z.so
5b38fc2000-5b38fc5000 r-xp 00001000 /system/lib64/extensionability/libapp_service_extension_module.z.so
5b38fc5000-5b38fc6000 r--p 00003000 /system/lib64/extensionability/libapp_service_extension_module.z.so
5b38fc6000-5b38fc7000 rw-p 00003000 /system/lib64/extensionability/libapp_service_extension_module.z.so
5b39000000-5b39020000 r--p 00000000 /system/lib64/platformsdk/libservice_extension.z.so
5b39020000-5b3903b000 r-xp 0001f000 /system/lib64/platformsdk/libservice_extension.z.so
5b3903b000-5b39040000 r--p 00039000 /system/lib64/platformsdk/libservice_extension.z.so
5b39040000-5b39041000 rw-p 0003d000 /system/lib64/platformsdk/libservice_extension.z.so
5b39080000-5b39091000 r--p 00000000 /system/lib64/platformsdk/libapp_service_extension.z.so
5b39091000-5b390a0000 r-xp 00010000 /system/lib64/platformsdk/libapp_service_extension.z.so
5b390a0000-5b390a3000 r--p 0001e000 /system/lib64/platformsdk/libapp_service_extension.z.so
5b390a3000-5b390a4000 rw-p 00020000 /system/lib64/platformsdk/libapp_service_extension.z.so
5b390c0000-5b390ce000 r--p 00000000 /system/lib64/platformsdk/librequest_action.z.so
5b390ce000-5b390ec000 r-xp 0000d000 /system/lib64/platformsdk/librequest_action.z.so
5b390ec000-5b390ee000 r--p 0002a000 /system/lib64/platformsdk/librequest_action.z.so
5b390ee000-5b390ef000 rw-p 0002b000 /system/lib64/platformsdk/librequest_action.z.so
5b39100000-5b3910e000 r--p 00000000 /system/lib64/platformsdk/libassetaccelfwkclient.z.so
5b3910e000-5b39123000 r-xp 0000d000 /system/lib64/platformsdk/libassetaccelfwkclient.z.so
5b39123000-5b39126000 r--p 00021000 /system/lib64/platformsdk/libassetaccelfwkclient.z.so
5b39126000-5b39127000 rw-p 00023000 /system/lib64/platformsdk/libassetaccelfwkclient.z.so
5b39140000-5b39157000 r--p 00000000 /system/lib64/platformsdk/librequest_native.z.so
5b39157000-5b39180000 r-xp 00016000 /system/lib64/platformsdk/librequest_native.z.so
5b39180000-5b39184000 r--p 0003e000 /system/lib64/platformsdk/librequest_native.z.so
5b39184000-5b39185000 rw-p 00041000 /system/lib64/platformsdk/librequest_native.z.so
5b39185000-5b39186000 rw-p 00000000 [anon:librequest_native.z.so.bss]
5b391c0000-5b391cd000 r--p 00000000 /system/lib64/extensionability/libassetaccelextension.z.so
5b391cd000-5b391e4000 r-xp 0000c000 /system/lib64/extensionability/libassetaccelextension.z.so
5b391e4000-5b391e8000 r--p 00022000 /system/lib64/extensionability/libassetaccelextension.z.so
5b391e8000-5b391e9000 rw-p 00025000 /system/lib64/extensionability/libassetaccelextension.z.so
5b39200000-5b3920e000 r--p 00000000 /system/lib64/extensionability/libassetcacheextension.z.so
5b3920e000-5b39225000 r-xp 0000d000 /system/lib64/extensionability/libassetcacheextension.z.so
5b39225000-5b39229000 r--p 00023000 /system/lib64/extensionability/libassetcacheextension.z.so
5b39229000-5b3922a000 rw-p 00026000 /system/lib64/extensionability/libassetcacheextension.z.so
5b39240000-5b39242000 r--p 00000000 /system/lib64/extensionability/libauto_fill_extension_module.z.so
5b39242000-5b39243000 r-xp 00001000 /system/lib64/extensionability/libauto_fill_extension_module.z.so
5b39243000-5b39244000 r--p 00001000 /system/lib64/extensionability/libauto_fill_extension_module.z.so
5b39244000-5b39245000 rw-p 00001000 /system/lib64/extensionability/libauto_fill_extension_module.z.so
5b39280000-5b39292000 r--p 00000000 /system/lib64/libauto_fill_extension.z.so
5b39292000-5b392a1000 r-xp 00011000 /system/lib64/libauto_fill_extension.z.so
5b392a1000-5b392a3000 r--p 0001f000 /system/lib64/libauto_fill_extension.z.so
5b392a3000-5b392a4000 rw-p 00020000 /system/lib64/libauto_fill_extension.z.so
5b392a4000-5b392a5000 rw-p 00000000 [anon:libauto_fill_extension.z.so.bss]
5b392c0000-5b392e5000 r--p 00000000 /system/lib64/platformsdk/libbackup_utils.z.so
5b392e5000-5b39348000 r-xp 00024000 /system/lib64/platformsdk/libbackup_utils.z.so
5b39348000-5b3934c000 r--p 00086000 /system/lib64/platformsdk/libbackup_utils.z.so
5b3934c000-5b3934d000 rw-p 00089000 /system/lib64/platformsdk/libbackup_utils.z.so
5b3934d000-5b39353000 rw-p 00000000 [anon:libbackup_utils.z.so.bss]
5b39380000-5b3939f000 r--p 00000000 /system/lib64/platformsdk/libbackup_kit_inner.z.so
5b3939f000-5b393de000 r-xp 0001e000 /system/lib64/platformsdk/libbackup_kit_inner.z.so
5b393de000-5b393e6000 r--p 0005c000 /system/lib64/platformsdk/libbackup_kit_inner.z.so
5b393e6000-5b393e7000 rw-p 00063000 /system/lib64/platformsdk/libbackup_kit_inner.z.so
5b393e7000-5b393e8000 rw-p 00000000 [anon:libbackup_kit_inner.z.so.bss]
5b39400000-5b39430000 r--p 00000000 /system/lib64/extensionability/libbackup_extension_ability_native.z.so
5b39430000-5b394a0000 r-xp 0002f000 /system/lib64/extensionability/libbackup_extension_ability_native.z.so
5b394a0000-5b394a7000 r--p 0009e000 /system/lib64/extensionability/libbackup_extension_ability_native.z.so
5b394a7000-5b394a8000 rw-p 000a4000 /system/lib64/extensionability/libbackup_extension_ability_native.z.so
5b394a8000-5b394ab000 rw-p 00000000 [anon:libbackup_extension_ability_native.z.so.bss]
5b394c0000-5b394c2000 r--p 00000000 /system/lib64/extensionability/libcaller_info_query_extension_module.z.so
5b394c2000-5b394c5000 r-xp 00001000 /system/lib64/extensionability/libcaller_info_query_extension_module.z.so
5b394c5000-5b394c6000 r--p 00003000 /system/lib64/extensionability/libcaller_info_query_extension_module.z.so
5b394c6000-5b394c7000 rw-p 00003000 /system/lib64/extensionability/libcaller_info_query_extension_module.z.so
5b39500000-5b3950e000 r--p 00000000 /system/lib64/libcaller_info_query_extension.z.so
5b3950e000-5b3951d000 r-xp 0000d000 /system/lib64/libcaller_info_query_extension.z.so
5b3951d000-5b39521000 r--p 0001b000 /system/lib64/libcaller_info_query_extension.z.so
5b39521000-5b39522000 rw-p 0001e000 /system/lib64/libcaller_info_query_extension.z.so
5b39540000-5b39557000 r--p 00000000 /system/lib64/libcontent_embed_document.so
5b39557000-5b39580000 r-xp 00016000 /system/lib64/libcontent_embed_document.so
5b39580000-5b39583000 r--p 0003e000 /system/lib64/libcontent_embed_document.so
5b39583000-5b39584000 rw-p 00040000 /system/lib64/libcontent_embed_document.so
5b39584000-5b39585000 rw-p 00000000 [anon:libcontent_embed_document.so.bss]
5b395c0000-5b395d2000 r--p 00000000 /system/lib64/libcontent_embed_extension.z.so
5b395d2000-5b395e7000 r-xp 00011000 /system/lib64/libcontent_embed_extension.z.so
5b395e7000-5b395ec000 r--p 00025000 /system/lib64/libcontent_embed_extension.z.so
5b395ec000-5b395ed000 rw-p 00029000 /system/lib64/libcontent_embed_extension.z.so
5b39600000-5b39602000 r--p 00000000 /system/lib64/extensionability/libcontent_embed_extension_module.z.so
5b39602000-5b39605000 r-xp 00001000 /system/lib64/extensionability/libcontent_embed_extension_module.z.so
5b39605000-5b39606000 r--p 00003000 /system/lib64/extensionability/libcontent_embed_extension_module.z.so
5b39606000-5b39607000 rw-p 00003000 /system/lib64/extensionability/libcontent_embed_extension_module.z.so
5b39640000-5b39641000 r--p 00000000 /system/lib64/extensionability/libdatashare_ext_ability_module.z.so
5b39641000-5b39644000 r-xp 00000000 /system/lib64/extensionability/libdatashare_ext_ability_module.z.so
5b39644000-5b39645000 r--p 00002000 /system/lib64/extensionability/libdatashare_ext_ability_module.z.so
5b39645000-5b39646000 rw-p 00002000 /system/lib64/extensionability/libdatashare_ext_ability_module.z.so
5b39680000-5b396af000 r--p 00000000 /system/lib64/libdatashare_ani_rs.so
5b396af000-5b39736000 r-xp 0002e000 /system/lib64/libdatashare_ani_rs.so
5b39736000-5b3973c000 r--p 000b4000 /system/lib64/libdatashare_ani_rs.so
5b3973c000-5b3973d000 rw-p 000b9000 /system/lib64/libdatashare_ani_rs.so
5b3973d000-5b3973e000 rw-p 00000000 [anon:libdatashare_ani_rs.so.bss]
5b39740000-5b3974c000 r--p 00000000 /system/lib64/libdatashare_jscommon.z.so
5b3974c000-5b39769000 r-xp 0000b000 /system/lib64/libdatashare_jscommon.z.so
5b39769000-5b3976b000 r--p 00027000 /system/lib64/libdatashare_jscommon.z.so
5b3976b000-5b3976c000 rw-p 00028000 /system/lib64/libdatashare_jscommon.z.so
5b39780000-5b397a3000 r--p 00000000 /system/lib64/platformsdk/libdatashare_provider.z.so
5b397a3000-5b397ed000 r-xp 00022000 /system/lib64/platformsdk/libdatashare_provider.z.so
5b397ed000-5b397f3000 r--p 0006b000 /system/lib64/platformsdk/libdatashare_provider.z.so
5b397f3000-5b397f4000 rw-p 00070000 /system/lib64/platformsdk/libdatashare_provider.z.so
5b397f4000-5b397f5000 rw-p 00000000 [anon:libdatashare_provider.z.so.bss]
5b39800000-5b39805000 r--p 00000000 /system/lib64/platformsdk/libdistributed_sched_utils.z.so
5b39805000-5b3980c000 r-xp 00004000 /system/lib64/platformsdk/libdistributed_sched_utils.z.so
5b3980c000-5b3980e000 r--p 0000a000 /system/lib64/platformsdk/libdistributed_sched_utils.z.so
5b3980e000-5b3980f000 rw-p 0000b000 /system/lib64/platformsdk/libdistributed_sched_utils.z.so
5b39840000-5b39858000 r--p 00000000 /system/lib64/extensionability/libdistributed_extension_ability_native.z.so
5b39858000-5b39873000 r-xp 00017000 /system/lib64/extensionability/libdistributed_extension_ability_native.z.so
5b39873000-5b39877000 r--p 00031000 /system/lib64/extensionability/libdistributed_extension_ability_native.z.so
5b39877000-5b39878000 rw-p 00034000 /system/lib64/extensionability/libdistributed_extension_ability_native.z.so
5b39878000-5b39879000 rw-p 00000000 [anon:libdistributed_extension_ability_native.z.so.bss]
5b39880000-5b39882000 r--p 00000000 /system/lib64/extensionability/libembedded_ui_extension_module.z.so
5b39882000-5b39885000 r-xp 00001000 /system/lib64/extensionability/libembedded_ui_extension_module.z.so
5b39885000-5b39886000 r--p 00003000 /system/lib64/extensionability/libembedded_ui_extension_module.z.so
5b39886000-5b39887000 rw-p 00003000 /system/lib64/extensionability/libembedded_ui_extension_module.z.so
5b398c0000-5b398c5000 r--p 00000000 /system/lib64/libembedded_ui_extension.z.so
5b398c5000-5b398ca000 r-xp 00004000 /system/lib64/libembedded_ui_extension.z.so
5b398ca000-5b398cc000 r--p 00008000 /system/lib64/libembedded_ui_extension.z.so
5b398cc000-5b398cd000 rw-p 00009000 /system/lib64/libembedded_ui_extension.z.so
5b39900000-5b3990a000 r--p 00000000 /system/lib64/platformsdk/libsg_collect_sdk.z.so
5b3990a000-5b3991f000 r-xp 00009000 /system/lib64/platformsdk/libsg_collect_sdk.z.so
5b3991f000-5b39925000 r--p 0001d000 /system/lib64/platformsdk/libsg_collect_sdk.z.so
5b39925000-5b39926000 rw-p 00022000 /system/lib64/platformsdk/libsg_collect_sdk.z.so
5b39940000-5b39966000 r--p 00000000 /system/lib64/platformsdk/libedmservice_kits.z.so
5b39966000-5b399b9000 r-xp 00025000 /system/lib64/platformsdk/libedmservice_kits.z.so
5b399b9000-5b399bf000 r--p 00077000 /system/lib64/platformsdk/libedmservice_kits.z.so
5b399bf000-5b399c0000 rw-p 0007c000 /system/lib64/platformsdk/libedmservice_kits.z.so
5b399c0000-5b399c2000 rw-p 00000000 [anon:libedmservice_kits.z.so.bss]
5b39a00000-5b39a19000 r--p 00000000 /system/lib64/platformsdk/libnet_conn_manager_if.z.so
5b39a19000-5b39a3d000 r-xp 00018000 /system/lib64/platformsdk/libnet_conn_manager_if.z.so
5b39a3d000-5b39a48000 r--p 0003b000 /system/lib64/platformsdk/libnet_conn_manager_if.z.so
5b39a48000-5b39a49000 rw-p 00045000 /system/lib64/platformsdk/libnet_conn_manager_if.z.so
5b39a80000-5b39a85000 r--p 00000000 /system/lib64/libedm_external_adapters.z.so
5b39a85000-5b39a8d000 r-xp 00004000 /system/lib64/libedm_external_adapters.z.so
5b39a8d000-5b39a8e000 r--p 0000b000 /system/lib64/libedm_external_adapters.z.so
5b39a8e000-5b39a8f000 rw-p 0000b000 /system/lib64/libedm_external_adapters.z.so
5b39ac0000-5b39ad2000 r--p 00000000 /system/lib64/platformsdk/libusbsrv_client.z.so
5b39ad2000-5b39af1000 r-xp 00011000 /system/lib64/platformsdk/libusbsrv_client.z.so
5b39af1000-5b39af6000 r--p 0002f000 /system/lib64/platformsdk/libusbsrv_client.z.so
5b39af6000-5b39af7000 rw-p 00033000 /system/lib64/platformsdk/libusbsrv_client.z.so
5b39b00000-5b39b08000 r--p 00000000 /system/lib64/platformsdk/libnapi_edm_common.z.so
5b39b08000-5b39b15000 r-xp 00007000 /system/lib64/platformsdk/libnapi_edm_common.z.so
5b39b15000-5b39b16000 r--p 00013000 /system/lib64/platformsdk/libnapi_edm_common.z.so
5b39b16000-5b39b17000 rw-p 00013000 /system/lib64/platformsdk/libnapi_edm_common.z.so
5b39b40000-5b39b4e000 r--p 00000000 /system/lib64/platformsdk/libedm_commom.z.so
5b39b4e000-5b39b70000 r-xp 0000d000 /system/lib64/platformsdk/libedm_commom.z.so
5b39b70000-5b39b73000 r--p 0002e000 /system/lib64/platformsdk/libedm_commom.z.so
5b39b73000-5b39b74000 rw-p 00030000 /system/lib64/platformsdk/libedm_commom.z.so
5b39b80000-5b39b8b000 r--p 00000000 /system/lib64/libenterprise_admin_extension.z.so
5b39b8b000-5b39b9e000 r-xp 0000a000 /system/lib64/libenterprise_admin_extension.z.so
5b39b9e000-5b39ba2000 r--p 0001c000 /system/lib64/libenterprise_admin_extension.z.so
5b39ba2000-5b39ba3000 rw-p 0001f000 /system/lib64/libenterprise_admin_extension.z.so
5b39bc0000-5b39bc2000 r--p 00000000 /system/lib64/extensionability/libenterprise_admin_extension_module.z.so
5b39bc2000-5b39bc5000 r-xp 00001000 /system/lib64/extensionability/libenterprise_admin_extension_module.z.so
5b39bc5000-5b39bc6000 r--p 00003000 /system/lib64/extensionability/libenterprise_admin_extension_module.z.so
5b39bc6000-5b39bc7000 rw-p 00003000 /system/lib64/extensionability/libenterprise_admin_extension_module.z.so
5b39c00000-5b39c08000 r--p 00000000 /system/lib64/libplugin_kits.z.so
5b39c08000-5b39c1a000 r-xp 00007000 /system/lib64/libplugin_kits.z.so
5b39c1a000-5b39c1c000 r--p 00018000 /system/lib64/libplugin_kits.z.so
5b39c1c000-5b39c1d000 rw-p 00019000 /system/lib64/libplugin_kits.z.so
5b39c1d000-5b39c1e000 rw-p 00000000 [anon:libplugin_kits.z.so.bss]
5b39c40000-5b39c4a000 r--p 00000000 /system/lib64/extensionability/libfaultlogextension.z.so
5b39c4a000-5b39c56000 r-xp 00009000 /system/lib64/extensionability/libfaultlogextension.z.so
5b39c56000-5b39c5a000 r--p 00014000 /system/lib64/extensionability/libfaultlogextension.z.so
5b39c5a000-5b39c5b000 rw-p 00017000 /system/lib64/extensionability/libfaultlogextension.z.so
5b39c80000-5b39c8d000 r--p 00000000 /system/lib64/extensionability/libfence_extension_ability.z.so
5b39c8d000-5b39c99000 r-xp 0000c000 /system/lib64/extensionability/libfence_extension_ability.z.so
5b39c99000-5b39c9c000 r--p 00017000 /system/lib64/extensionability/libfence_extension_ability.z.so
5b39c9c000-5b39c9d000 rw-p 00019000 /system/lib64/extensionability/libfence_extension_ability.z.so
5b39cc0000-5b39ce4000 r--p 00000000 /system/lib64/platformsdk/libfile_access_extension_ability_kit.z.so
5b39ce4000-5b39d57000 r-xp 00023000 /system/lib64/platformsdk/libfile_access_extension_ability_kit.z.so
5b39d57000-5b39d63000 r--p 00095000 /system/lib64/platformsdk/libfile_access_extension_ability_kit.z.so
5b39d63000-5b39d64000 rw-p 000a0000 /system/lib64/platformsdk/libfile_access_extension_ability_kit.z.so
5b39d64000-5b39d66000 rw-p 00000000 [anon:libfile_access_extension_ability_kit.z.so.bss]
5b39d80000-5b39d82000 r--p 00000000 /system/lib64/extensionability/libfile_access_extension_ability_module.z.so
5b39d82000-5b39d86000 r-xp 00001000 /system/lib64/extensionability/libfile_access_extension_ability_module.z.so
5b39d86000-5b39d87000 r--p 00004000 /system/lib64/extensionability/libfile_access_extension_ability_module.z.so
5b39d87000-5b39d88000 rw-p 00004000 /system/lib64/extensionability/libfile_access_extension_ability_module.z.so
5b39dc0000-5b39dcb000 r--p 00000000 /system/lib64/libform_edit_extension.z.so
5b39dcb000-5b39dd9000 r-xp 0000a000 /system/lib64/libform_edit_extension.z.so
5b39dd9000-5b39ddb000 r--p 00017000 /system/lib64/libform_edit_extension.z.so
5b39ddb000-5b39ddc000 rw-p 00018000 /system/lib64/libform_edit_extension.z.so
5b39e00000-5b39e02000 r--p 00000000 /system/lib64/extensionability/libform_edit_extension_module.z.so
5b39e02000-5b39e05000 r-xp 00001000 /system/lib64/extensionability/libform_edit_extension_module.z.so
5b39e05000-5b39e06000 r--p 00003000 /system/lib64/extensionability/libform_edit_extension_module.z.so
5b39e06000-5b39e07000 rw-p 00003000 /system/lib64/extensionability/libform_edit_extension_module.z.so
5b39e40000-5b39e41000 r--p 00000000 /system/lib64/extensionability/libform_extension_module.z.so
5b39e41000-5b39e43000 r-xp 00000000 /system/lib64/extensionability/libform_extension_module.z.so
5b39e43000-5b39e44000 r--p 00001000 /system/lib64/extensionability/libform_extension_module.z.so
5b39e44000-5b39e45000 rw-p 00001000 /system/lib64/extensionability/libform_extension_module.z.so
5b39e80000-5b39e87000 r--p 00000000 /system/lib64/platformsdk/libformutil_napi.z.so
5b39e87000-5b39e9a000 r-xp 00006000 /system/lib64/platformsdk/libformutil_napi.z.so
5b39e9a000-5b39e9b000 r--p 00018000 /system/lib64/platformsdk/libformutil_napi.z.so
5b39e9b000-5b39e9c000 rw-p 00018000 /system/lib64/platformsdk/libformutil_napi.z.so
5b39e9c000-5b39e9d000 rw-p 00000000 [anon:libformutil_napi.z.so.bss]
5b39ec0000-5b39ed7000 r--p 00000000 /system/lib64/libform_extension.z.so
5b39ed7000-5b39ef7000 r-xp 00016000 /system/lib64/libform_extension.z.so
5b39ef7000-5b39efb000 r--p 00035000 /system/lib64/libform_extension.z.so
5b39efb000-5b39efc000 rw-p 00038000 /system/lib64/libform_extension.z.so
5b39f00000-5b39f22000 r--p 00000000 /system/lib64/libinputmethod_extension.z.so
5b39f22000-5b39f50000 r-xp 00021000 /system/lib64/libinputmethod_extension.z.so
5b39f50000-5b39f56000 r--p 0004e000 /system/lib64/libinputmethod_extension.z.so
5b39f56000-5b39f57000 rw-p 00053000 /system/lib64/libinputmethod_extension.z.so
5b39f57000-5b39f58000 rw-p 00000000 [anon:libinputmethod_extension.z.so.bss]
5b39f80000-5b39f82000 r--p 00000000 /system/lib64/extensionability/libinputmethod_extension_module.z.so
5b39f82000-5b39f85000 r-xp 00001000 /system/lib64/extensionability/libinputmethod_extension_module.z.so
5b39f85000-5b39f86000 r--p 00003000 /system/lib64/extensionability/libinputmethod_extension_module.z.so
5b39f86000-5b39f87000 rw-p 00003000 /system/lib64/extensionability/libinputmethod_extension_module.z.so
5b39fc0000-5b39fef000 r--p 00000000 /system/lib64/platformsdk/libinputmethod_ability.z.so
5b39fef000-5b3a052000 r-xp 0002e000 /system/lib64/platformsdk/libinputmethod_ability.z.so
5b3a052000-5b3a05f000 r--p 00090000 /system/lib64/platformsdk/libinputmethod_ability.z.so
5b3a05f000-5b3a060000 rw-p 0009c000 /system/lib64/platformsdk/libinputmethod_ability.z.so
5b3a060000-5b3a061000 rw-p 00000000 [anon:libinputmethod_ability.z.so.bss]
5b3a080000-5b3a085000 r--p 00000000 /system/lib64/libinsight_intent_ui_extension.z.so
5b3a085000-5b3a08a000 r-xp 00004000 /system/lib64/libinsight_intent_ui_extension.z.so
5b3a08a000-5b3a08b000 r--p 00008000 /system/lib64/libinsight_intent_ui_extension.z.so
5b3a08b000-5b3a08c000 rw-p 00008000 /system/lib64/libinsight_intent_ui_extension.z.so
5b3a0c0000-5b3a0c2000 r--p 00000000 /system/lib64/extensionability/libinsight_intent_ui_extension_module.z.so
5b3a0c2000-5b3a0c3000 r-xp 00001000 /system/lib64/extensionability/libinsight_intent_ui_extension_module.z.so
5b3a0c3000-5b3a0c4000 r--p 00001000 /system/lib64/extensionability/libinsight_intent_ui_extension_module.z.so
5b3a0c4000-5b3a0c5000 rw-p 00001000 /system/lib64/extensionability/libinsight_intent_ui_extension_module.z.so
5b3a100000-5b3a102000 r--p 00000000 /system/lib64/extensionability/liblive_form_extension_module.z.so
5b3a102000-5b3a105000 r-xp 00001000 /system/lib64/extensionability/liblive_form_extension_module.z.so
5b3a105000-5b3a106000 r--p 00003000 /system/lib64/extensionability/liblive_form_extension_module.z.so
5b3a106000-5b3a107000 rw-p 00003000 /system/lib64/extensionability/liblive_form_extension_module.z.so
5b3a140000-5b3a14c000 r--p 00000000 /system/lib64/liblive_form_extension.z.so
5b3a14c000-5b3a15d000 r-xp 0000b000 /system/lib64/liblive_form_extension.z.so
5b3a15d000-5b3a15f000 r--p 0001b000 /system/lib64/liblive_form_extension.z.so
5b3a15f000-5b3a160000 rw-p 0001c000 /system/lib64/liblive_form_extension.z.so
5b3a160000-5b3a161000 rw-p 00000000 [anon:liblive_form_extension.z.so.bss]
5b3a180000-5b3a18b000 r--p 00000000 /system/lib64/extensionability/libliveview_lockscreen_extension.z.so
5b3a18b000-5b3a197000 r-xp 0000a000 /system/lib64/extensionability/libliveview_lockscreen_extension.z.so
5b3a197000-5b3a199000 r--p 00015000 /system/lib64/extensionability/libliveview_lockscreen_extension.z.so
5b3a199000-5b3a19a000 rw-p 00016000 /system/lib64/extensionability/libliveview_lockscreen_extension.z.so
5b3a19a000-5b3a19b000 rw-p 00000000 [anon:libliveview_lockscreen_extension.z.so.bss]
5b3a1c0000-5b3a1d1000 r--p 00000000 /system/lib64/libnotification_subscriber_extension.z.so
5b3a1d1000-5b3a1e7000 r-xp 00010000 /system/lib64/libnotification_subscriber_extension.z.so
5b3a1e7000-5b3a1ea000 r--p 00025000 /system/lib64/libnotification_subscriber_extension.z.so
5b3a1ea000-5b3a1eb000 rw-p 00027000 /system/lib64/libnotification_subscriber_extension.z.so
5b3a200000-5b3a204000 r--p 00000000 /system/lib64/libnotification_subscriber_ipc.z.so
5b3a204000-5b3a209000 r-xp 00003000 /system/lib64/libnotification_subscriber_ipc.z.so
5b3a209000-5b3a20b000 r--p 00007000 /system/lib64/libnotification_subscriber_ipc.z.so
5b3a20b000-5b3a20c000 rw-p 00008000 /system/lib64/libnotification_subscriber_ipc.z.so
5b3a240000-5b3a2d5000 r--p 00000000 /system/lib64/libans_innerkits.z.so
5b3a2d5000-5b3a3e0000 r-xp 00094000 /system/lib64/libans_innerkits.z.so
5b3a3e0000-5b3a3fa000 r--p 0019e000 /system/lib64/libans_innerkits.z.so
5b3a3fa000-5b3a3fc000 rw-p 001b7000 /system/lib64/libans_innerkits.z.so
5b3a400000-5b3a403000 r--p 00000000 /system/lib64/extensionability/libnotification_subscriber_extension_module.z.so
5b3a403000-5b3a406000 r-xp 00002000 /system/lib64/extensionability/libnotification_subscriber_extension_module.z.so
5b3a406000-5b3a407000 r--p 00004000 /system/lib64/extensionability/libnotification_subscriber_extension_module.z.so
5b3a407000-5b3a408000 rw-p 00004000 /system/lib64/extensionability/libnotification_subscriber_extension_module.z.so
5b3a440000-5b3a44c000 r--p 00000000 /system/lib64/libpartner_agent_extension.z.so
5b3a44c000-5b3a457000 r-xp 0000b000 /system/lib64/libpartner_agent_extension.z.so
5b3a457000-5b3a45a000 r--p 00015000 /system/lib64/libpartner_agent_extension.z.so
5b3a45a000-5b3a45b000 rw-p 00017000 /system/lib64/libpartner_agent_extension.z.so
5b3a480000-5b3a484000 r--p 00000000 /system/lib64/libpartner_device_agent_proxy.z.so
5b3a484000-5b3a489000 r-xp 00003000 /system/lib64/libpartner_device_agent_proxy.z.so
5b3a489000-5b3a48b000 r--p 00007000 /system/lib64/libpartner_device_agent_proxy.z.so
5b3a48b000-5b3a48c000 rw-p 00008000 /system/lib64/libpartner_device_agent_proxy.z.so
5b3a4c0000-5b3a4c4000 r--p 00000000 /system/lib64/libpartner_agent_extension_ipc.z.so
5b3a4c4000-5b3a4c8000 r-xp 00003000 /system/lib64/libpartner_agent_extension_ipc.z.so
5b3a4c8000-5b3a4cb000 r--p 00006000 /system/lib64/libpartner_agent_extension_ipc.z.so
5b3a4cb000-5b3a4cc000 rw-p 00008000 /system/lib64/libpartner_agent_extension_ipc.z.so
5b3a500000-5b3a503000 r--p 00000000 /system/lib64/extensionability/libpartner_agent_extension_module.z.so
5b3a503000-5b3a506000 r-xp 00002000 /system/lib64/extensionability/libpartner_agent_extension_module.z.so
5b3a506000-5b3a507000 r--p 00004000 /system/lib64/extensionability/libpartner_agent_extension_module.z.so
5b3a507000-5b3a508000 rw-p 00004000 /system/lib64/extensionability/libpartner_agent_extension_module.z.so
5b3a540000-5b3a542000 r--p 00000000 /system/lib64/extensionability/libphoto_editor_extension_module.z.so
5b3a542000-5b3a545000 r-xp 00001000 /system/lib64/extensionability/libphoto_editor_extension_module.z.so
5b3a545000-5b3a546000 r--p 00003000 /system/lib64/extensionability/libphoto_editor_extension_module.z.so
5b3a546000-5b3a547000 rw-p 00003000 /system/lib64/extensionability/libphoto_editor_extension_module.z.so
5b3a580000-5b3a58d000 r--p 00000000 /system/lib64/libphoto_editor_extension.z.so
5b3a58d000-5b3a59d000 r-xp 0000c000 /system/lib64/libphoto_editor_extension.z.so
5b3a59d000-5b3a59f000 r--p 0001b000 /system/lib64/libphoto_editor_extension.z.so
5b3a59f000-5b3a5a0000 rw-p 0001c000 /system/lib64/libphoto_editor_extension.z.so
5b3a5c0000-5b3a5f2000 r--p 00000000 /system/lib64/chipset-sdk/libssl_openssl.z.so
5b3a5f2000-5b3a643000 r-xp 00031000 /system/lib64/chipset-sdk/libssl_openssl.z.so
5b3a643000-5b3a64e000 r--p 00081000 /system/lib64/chipset-sdk/libssl_openssl.z.so
5b3a64e000-5b3a653000 rw-p 0008b000 /system/lib64/chipset-sdk/libssl_openssl.z.so
5b3a680000-5b3a6a3000 r--p 00000000 /system/lib64/libcups.z.so
5b3a6a3000-5b3a704000 r-xp 00022000 /system/lib64/libcups.z.so
5b3a704000-5b3a70c000 r--p 00082000 /system/lib64/libcups.z.so
5b3a70c000-5b3a70d000 rw-p 00089000 /system/lib64/libcups.z.so
5b3a740000-5b3a759000 r--p 00000000 /system/lib64/platformsdk/libprint_models.z.so
5b3a759000-5b3a7a8000 r-xp 00018000 /system/lib64/platformsdk/libprint_models.z.so
5b3a7a8000-5b3a7ac000 r--p 00066000 /system/lib64/platformsdk/libprint_models.z.so
5b3a7ac000-5b3a7ad000 rw-p 00069000 /system/lib64/platformsdk/libprint_models.z.so
5b3a7ad000-5b3a7b5000 rw-p 00000000 [anon:libprint_models.z.so.bss]
5b3a7c0000-5b3a7dd000 r--p 00000000 /system/lib64/platformsdk/libprint_client.z.so
5b3a7dd000-5b3a81a000 r-xp 0001c000 /system/lib64/platformsdk/libprint_client.z.so
5b3a81a000-5b3a824000 r--p 00058000 /system/lib64/platformsdk/libprint_client.z.so
5b3a824000-5b3a825000 rw-p 00062000 /system/lib64/platformsdk/libprint_client.z.so
5b3a825000-5b3a82c000 rw-p 00000000 [anon:libprint_client.z.so.bss]
5b3a840000-5b3a842000 r--p 00000000 /system/lib64/extensionability/libprint_extension_module.z.so
5b3a842000-5b3a845000 r-xp 00001000 /system/lib64/extensionability/libprint_extension_module.z.so
5b3a845000-5b3a846000 r--p 00003000 /system/lib64/extensionability/libprint_extension_module.z.so
5b3a846000-5b3a847000 rw-p 00003000 /system/lib64/extensionability/libprint_extension_module.z.so
5b3a880000-5b3a899000 r--p 00000000 /system/lib64/libprint_extension_framework.z.so
5b3a899000-5b3a8c0000 r-xp 00018000 /system/lib64/libprint_extension_framework.z.so
5b3a8c0000-5b3a8c4000 r--p 0003e000 /system/lib64/libprint_extension_framework.z.so
5b3a8c4000-5b3a8c5000 rw-p 00041000 /system/lib64/libprint_extension_framework.z.so
5b3a8c5000-5b3a8ca000 rw-p 00000000 [anon:libprint_extension_framework.z.so.bss]
5b3a900000-5b3a912000 r--p 00000000 /system/lib64/platformsdk/libprint_helper.z.so
5b3a912000-5b3a941000 r-xp 00011000 /system/lib64/platformsdk/libprint_helper.z.so
5b3a941000-5b3a944000 r--p 0003f000 /system/lib64/platformsdk/libprint_helper.z.so
5b3a944000-5b3a945000 rw-p 00041000 /system/lib64/platformsdk/libprint_helper.z.so
5b3a945000-5b3a951000 rw-p 00000000 [anon:libprint_helper.z.so.bss]
5b3a980000-5b3a98c000 r--p 00000000 /system/lib64/libpush_fwk_base.z.so
5b3a98c000-5b3a999000 r-xp 0000b000 /system/lib64/libpush_fwk_base.z.so
5b3a999000-5b3a99b000 r--p 00017000 /system/lib64/libpush_fwk_base.z.so
5b3a99b000-5b3a99c000 rw-p 00018000 /system/lib64/libpush_fwk_base.z.so
5b3a9c0000-5b3a9d1000 r--p 00000000 /system/lib64/libdevice_cert_mgr_sdk.z.so
5b3a9d1000-5b3a9e2000 r-xp 00010000 /system/lib64/libdevice_cert_mgr_sdk.z.so
5b3a9e2000-5b3a9eb000 r--p 00020000 /system/lib64/libdevice_cert_mgr_sdk.z.so
5b3a9eb000-5b3a9ec000 rw-p 00028000 /system/lib64/libdevice_cert_mgr_sdk.z.so
5b3aa00000-5b3aa08000 r--p 00000000 /system/lib64/extensionability/libpush_extension.z.so
5b3aa08000-5b3aa10000 r-xp 00007000 /system/lib64/extensionability/libpush_extension.z.so
5b3aa10000-5b3aa12000 r--p 0000e000 /system/lib64/extensionability/libpush_extension.z.so
5b3aa12000-5b3aa13000 rw-p 0000f000 /system/lib64/extensionability/libpush_extension.z.so
5b3aa13000-5b3aa14000 rw-p 00000000 [anon:libpush_extension.z.so.bss]
5b3aa40000-5b3aa66000 r--p 00000000 /system/lib64/libpush_utils_common.z.so
5b3aa66000-5b3aa9d000 r-xp 00025000 /system/lib64/libpush_utils_common.z.so
5b3aa9d000-5b3aaa2000 r--p 0005b000 /system/lib64/libpush_utils_common.z.so
5b3aaa2000-5b3aaa3000 rw-p 0005f000 /system/lib64/libpush_utils_common.z.so
5b3aaa3000-5b3aaa4000 rw-p 00000000 [anon:libpush_utils_common.z.so.bss]
5b3aac0000-5b3aac9000 r--p 00000000 /system/lib64/extensionability/libremote_location_extension.z.so
5b3aac9000-5b3aad0000 r-xp 00008000 /system/lib64/extensionability/libremote_location_extension.z.so
5b3aad0000-5b3aad2000 r--p 0000e000 /system/lib64/extensionability/libremote_location_extension.z.so
5b3aad2000-5b3aad3000 rw-p 0000f000 /system/lib64/extensionability/libremote_location_extension.z.so
5b3aad3000-5b3aad4000 rw-p 00000000 [anon:libremote_location_extension.z.so.bss]
5b3ab00000-5b3ab0c000 r--p 00000000 /system/lib64/extensionability/libremote_notification_extension.z.so
5b3ab0c000-5b3ab19000 r-xp 0000b000 /system/lib64/extensionability/libremote_notification_extension.z.so
5b3ab19000-5b3ab1c000 r--p 00017000 /system/lib64/extensionability/libremote_notification_extension.z.so
5b3ab1c000-5b3ab1d000 rw-p 00019000 /system/lib64/extensionability/libremote_notification_extension.z.so
5b3ab1d000-5b3ab1e000 rw-p 00000000 [anon:libremote_notification_extension.z.so.bss]
5b3ab40000-5b3ab41000 r--p 00000000 /system/lib64/extensionability/libservice_extension_module.z.so
5b3ab41000-5b3ab43000 r-xp 00000000 /system/lib64/extensionability/libservice_extension_module.z.so
5b3ab43000-5b3ab44000 r--p 00001000 /system/lib64/extensionability/libservice_extension_module.z.so
5b3ab44000-5b3ab45000 rw-p 00001000 /system/lib64/extensionability/libservice_extension_module.z.so
5b3ab80000-5b3ab85000 r--p 00000000 /system/lib64/libshare_extension.z.so
5b3ab85000-5b3ab89000 r-xp 00004000 /system/lib64/libshare_extension.z.so
5b3ab89000-5b3ab8b000 r--p 00007000 /system/lib64/libshare_extension.z.so
5b3ab8b000-5b3ab8c000 rw-p 00008000 /system/lib64/libshare_extension.z.so
5b3abc0000-5b3abc1000 r--p 00000000 /system/lib64/extensionability/libshare_extension_module.z.so
5b3abc1000-5b3abc3000 r-xp 00000000 /system/lib64/extensionability/libshare_extension_module.z.so
5b3abc3000-5b3abc4000 r--p 00001000 /system/lib64/extensionability/libshare_extension_module.z.so
5b3abc4000-5b3abc5000 rw-p 00001000 /system/lib64/extensionability/libshare_extension_module.z.so
5b3ac00000-5b3ac04000 r--p 00000000 /system/lib64/libstatic_subscriber_ipc.z.so
5b3ac04000-5b3ac07000 r-xp 00003000 /system/lib64/libstatic_subscriber_ipc.z.so
5b3ac07000-5b3ac09000 r--p 00005000 /system/lib64/libstatic_subscriber_ipc.z.so
5b3ac09000-5b3ac0a000 rw-p 00006000 /system/lib64/libstatic_subscriber_ipc.z.so
5b3ac0a000-5b3ac0b000 rw-p 00000000 [anon:libstatic_subscriber_ipc.z.so.bss]
5b3ac40000-5b3ac43000 r--p 00000000 /system/lib64/extensionability/libstatic_subscriber_extension_module.z.so
5b3ac43000-5b3ac46000 r-xp 00002000 /system/lib64/extensionability/libstatic_subscriber_extension_module.z.so
5b3ac46000-5b3ac47000 r--p 00004000 /system/lib64/extensionability/libstatic_subscriber_extension_module.z.so
5b3ac47000-5b3ac48000 rw-p 00004000 /system/lib64/extensionability/libstatic_subscriber_extension_module.z.so
5b3ac80000-5b3ac8c000 r--p 00000000 /system/lib64/libstatic_subscriber_extension.z.so
5b3ac8c000-5b3ac96000 r-xp 0000b000 /system/lib64/libstatic_subscriber_extension.z.so
5b3ac96000-5b3ac99000 r--p 00014000 /system/lib64/libstatic_subscriber_extension.z.so
5b3ac99000-5b3ac9a000 rw-p 00016000 /system/lib64/libstatic_subscriber_extension.z.so
5b3acc0000-5b3acc4000 r--p 00000000 /system/lib64/extensionability/libstatusbar_view_extension.z.so
5b3acc4000-5b3acca000 r-xp 00003000 /system/lib64/extensionability/libstatusbar_view_extension.z.so
5b3acca000-5b3accc000 r--p 00008000 /system/lib64/extensionability/libstatusbar_view_extension.z.so
5b3accc000-5b3accd000 rw-p 00009000 /system/lib64/extensionability/libstatusbar_view_extension.z.so
5b3ad00000-5b3ad06000 r--p 00000000 /system/lib64/libtime_guard_extension.z.so
5b3ad06000-5b3ad0e000 r-xp 00005000 /system/lib64/libtime_guard_extension.z.so
5b3ad0e000-5b3ad11000 r--p 0000c000 /system/lib64/libtime_guard_extension.z.so
5b3ad11000-5b3ad12000 rw-p 0000e000 /system/lib64/libtime_guard_extension.z.so
5b3ad40000-5b3ad43000 r--p 00000000 /system/lib64/extensionability/libtime_guard_extension_module.z.so
5b3ad43000-5b3ad47000 r-xp 00002000 /system/lib64/extensionability/libtime_guard_extension_module.z.so
5b3ad47000-5b3ad49000 r--p 00005000 /system/lib64/extensionability/libtime_guard_extension_module.z.so
5b3ad49000-5b3ad4a000 rw-p 00006000 /system/lib64/extensionability/libtime_guard_extension_module.z.so
5b3ad80000-5b3ad81000 r--p 00000000 /system/lib64/extensionability/libui_extension_module.z.so
5b3ad81000-5b3ad83000 r-xp 00000000 /system/lib64/extensionability/libui_extension_module.z.so
5b3ad83000-5b3ad84000 r--p 00001000 /system/lib64/extensionability/libui_extension_module.z.so
5b3ad84000-5b3ad85000 rw-p 00001000 /system/lib64/extensionability/libui_extension_module.z.so
5b3adc0000-5b3adc2000 r--p 00000000 /system/lib64/extensionability/libui_service_extension_module.z.so
5b3adc2000-5b3adc5000 r-xp 00001000 /system/lib64/extensionability/libui_service_extension_module.z.so
5b3adc5000-5b3adc6000 r--p 00003000 /system/lib64/extensionability/libui_service_extension_module.z.so
5b3adc6000-5b3adc7000 rw-p 00003000 /system/lib64/extensionability/libui_service_extension_module.z.so
5b3ae00000-5b3ae17000 r--p 00000000 /system/lib64/libui_service_extension.z.so
5b3ae17000-5b3ae2c000 r-xp 00016000 /system/lib64/libui_service_extension.z.so
5b3ae2c000-5b3ae30000 r--p 0002a000 /system/lib64/libui_service_extension.z.so
5b3ae30000-5b3ae31000 rw-p 0002d000 /system/lib64/libui_service_extension.z.so
5b3ae31000-5b3ae32000 rw-p 00000000 [anon:libui_service_extension.z.so.bss]
5b3ae40000-5b3ae42000 r--p 00000000 /system/lib64/extensionability/libuser_auth_extension_module.z.so
5b3ae42000-5b3ae45000 r-xp 00001000 /system/lib64/extensionability/libuser_auth_extension_module.z.so
5b3ae45000-5b3ae46000 r--p 00003000 /system/lib64/extensionability/libuser_auth_extension_module.z.so
5b3ae46000-5b3ae47000 rw-p 00003000 /system/lib64/extensionability/libuser_auth_extension_module.z.so
5b3ae80000-5b3ae85000 r--p 00000000 /system/lib64/libuser_auth_extension.z.so
5b3ae85000-5b3ae8b000 r-xp 00004000 /system/lib64/libuser_auth_extension.z.so
5b3ae8b000-5b3ae8d000 r--p 00009000 /system/lib64/libuser_auth_extension.z.so
5b3ae8d000-5b3ae8e000 rw-p 0000a000 /system/lib64/libuser_auth_extension.z.so
5b3aec0000-5b3aec7000 r--p 00000000 /system/lib64/extensionability/libvoip_extension.z.so
5b3aec7000-5b3aecd000 r-xp 00006000 /system/lib64/extensionability/libvoip_extension.z.so
5b3aecd000-5b3aed0000 r--p 0000b000 /system/lib64/extensionability/libvoip_extension.z.so
5b3aed0000-5b3aed1000 rw-p 0000d000 /system/lib64/extensionability/libvoip_extension.z.so
5b3af00000-5b3af0a000 r--p 00000000 /system/lib64/platformsdk/libnapi_utils.z.so
5b3af0a000-5b3af14000 r-xp 00009000 /system/lib64/platformsdk/libnapi_utils.z.so
5b3af14000-5b3af16000 r--p 00012000 /system/lib64/platformsdk/libnapi_utils.z.so
5b3af16000-5b3af17000 rw-p 00013000 /system/lib64/platformsdk/libnapi_utils.z.so
5b3af40000-5b3af42000 r--p 00000000 /system/lib64/extensionability/libvpn_extension_module.z.so
5b3af42000-5b3af45000 r-xp 00001000 /system/lib64/extensionability/libvpn_extension_module.z.so
5b3af45000-5b3af46000 r--p 00003000 /system/lib64/extensionability/libvpn_extension_module.z.so
5b3af46000-5b3af47000 rw-p 00003000 /system/lib64/extensionability/libvpn_extension_module.z.so
5b3af80000-5b3af8f000 r--p 00000000 /system/lib64/libvpn_extension.z.so
5b3af8f000-5b3af9d000 r-xp 0000e000 /system/lib64/libvpn_extension.z.so
5b3af9d000-5b3afa0000 r--p 0001b000 /system/lib64/libvpn_extension.z.so
5b3afa0000-5b3afa1000 rw-p 0001d000 /system/lib64/libvpn_extension.z.so
5b3afc0000-5b3afcf000 r--p 00000000 /system/lib64/libwallpaperextensionability.z.so
5b3afcf000-5b3afe1000 r-xp 0000e000 /system/lib64/libwallpaperextensionability.z.so
5b3afe1000-5b3afe4000 r--p 0001f000 /system/lib64/libwallpaperextensionability.z.so
5b3afe4000-5b3afe5000 rw-p 00021000 /system/lib64/libwallpaperextensionability.z.so
5b3afe5000-5b3afe6000 rw-p 00000000 [anon:libwallpaperextensionability.z.so.bss]
5b3b000000-5b3b002000 r--p 00000000 /system/lib64/extensionability/libwallpaper_extension_module.z.so
5b3b002000-5b3b005000 r-xp 00001000 /system/lib64/extensionability/libwallpaper_extension_module.z.so
5b3b005000-5b3b006000 r--p 00003000 /system/lib64/extensionability/libwallpaper_extension_module.z.so
5b3b006000-5b3b007000 rw-p 00003000 /system/lib64/extensionability/libwallpaper_extension_module.z.so
5b3b040000-5b3b046000 r--p 00000000 /system/lib64/platformsdk/libwallpaper_utils.z.so
5b3b046000-5b3b04b000 r-xp 00005000 /system/lib64/platformsdk/libwallpaper_utils.z.so
5b3b04b000-5b3b04d000 r--p 00009000 /system/lib64/platformsdk/libwallpaper_utils.z.so
5b3b04d000-5b3b04e000 rw-p 0000a000 /system/lib64/platformsdk/libwallpaper_utils.z.so
5b3b080000-5b3b08e000 r--p 00000000 /system/lib64/platformsdk/libwallpapermanager.z.so
5b3b08e000-5b3b09e000 r-xp 0000d000 /system/lib64/platformsdk/libwallpapermanager.z.so
5b3b09e000-5b3b0a4000 r--p 0001c000 /system/lib64/platformsdk/libwallpapermanager.z.so
5b3b0a4000-5b3b0a5000 rw-p 00021000 /system/lib64/platformsdk/libwallpapermanager.z.so
5b3b0c0000-5b3b0c2000 r--p 00000000 /system/lib64/extensionability/libweb_native_messaging_extension_module.z.so
5b3b0c2000-5b3b0c5000 r-xp 00001000 /system/lib64/extensionability/libweb_native_messaging_extension_module.z.so
5b3b0c5000-5b3b0c6000 r--p 00003000 /system/lib64/extensionability/libweb_native_messaging_extension_module.z.so
5b3b0c6000-5b3b0c7000 rw-p 00003000 /system/lib64/extensionability/libweb_native_messaging_extension_module.z.so
5b3b100000-5b3b109000 r--p 00000000 /system/lib64/platformsdk/libweb_native_messaging_kit.z.so
5b3b109000-5b3b113000 r-xp 00008000 /system/lib64/platformsdk/libweb_native_messaging_kit.z.so
5b3b113000-5b3b119000 r--p 00011000 /system/lib64/platformsdk/libweb_native_messaging_kit.z.so
5b3b119000-5b3b11a000 rw-p 00016000 /system/lib64/platformsdk/libweb_native_messaging_kit.z.so
5b3b140000-5b3b148000 r--p 00000000 /system/lib64/ndk/libohweb.so
5b3b148000-5b3b156000 r-xp 00007000 /system/lib64/ndk/libohweb.so
5b3b156000-5b3b157000 r--p 00014000 /system/lib64/ndk/libohweb.so
5b3b157000-5b3b158000 rw-p 00014000 /system/lib64/ndk/libohweb.so
5b3b180000-5b3b189000 r--p 00000000 /system/lib64/libwebview_common.z.so
5b3b189000-5b3b190000 r-xp 00008000 /system/lib64/libwebview_common.z.so
5b3b190000-5b3b191000 r--p 0000e000 /system/lib64/libwebview_common.z.so
5b3b191000-5b3b192000 rw-p 0000e000 /system/lib64/libwebview_common.z.so
5b3b192000-5b3b193000 rw-p 00000000 [anon:libwebview_common.z.so.bss]
5b3b1c0000-5b3b1d1000 r--p 00000000 /system/lib64/libweb_extension.z.so
5b3b1d1000-5b3b1e7000 r-xp 00010000 /system/lib64/libweb_extension.z.so
5b3b1e7000-5b3b1eb000 r--p 00025000 /system/lib64/libweb_extension.z.so
5b3b1eb000-5b3b1ec000 rw-p 00028000 /system/lib64/libweb_extension.z.so
5b3b200000-5b3b202000 r--p 00000000 /system/lib64/extensionability/libwindow_extension_module.z.so
5b3b202000-5b3b205000 r-xp 00001000 /system/lib64/extensionability/libwindow_extension_module.z.so
5b3b205000-5b3b206000 r--p 00003000 /system/lib64/extensionability/libwindow_extension_module.z.so
5b3b206000-5b3b207000 rw-p 00003000 /system/lib64/extensionability/libwindow_extension_module.z.so
5b3b240000-5b3b250000 r--p 00000000 /system/lib64/libwindow_extension.z.so
5b3b250000-5b3b262000 r-xp 0000f000 /system/lib64/libwindow_extension.z.so
5b3b262000-5b3b266000 r--p 00020000 /system/lib64/libwindow_extension.z.so
5b3b266000-5b3b267000 rw-p 00023000 /system/lib64/libwindow_extension.z.so
5b3b280000-5b3b28e000 r--p 00000000 /system/lib64/platformsdk/libworkschedclient.z.so
5b3b28e000-5b3b2a3000 r-xp 0000d000 /system/lib64/platformsdk/libworkschedclient.z.so
5b3b2a3000-5b3b2a6000 r--p 00021000 /system/lib64/platformsdk/libworkschedclient.z.so
5b3b2a6000-5b3b2a7000 rw-p 00023000 /system/lib64/platformsdk/libworkschedclient.z.so
5b3b2c0000-5b3b2d3000 r--p 00000000 /system/lib64/extensionability/libworkschedextension.z.so
5b3b2d3000-5b3b2f0000 r-xp 00012000 /system/lib64/extensionability/libworkschedextension.z.so
5b3b2f0000-5b3b2f5000 r--p 0002e000 /system/lib64/extensionability/libworkschedextension.z.so
5b3b2f5000-5b3b2f7000 rw-p 00032000 /system/lib64/extensionability/libworkschedextension.z.so
5b3b2f7000-5b3b5f7000 r--s 00000000 /dev/__parameters__/u:object_r:startup_appspawn_param:s0
5b3b600000-5b3b603000 r--p 00000000 /system/lib64/libframe_ui_intf.z.so
5b3b603000-5b3b606000 r-xp 00002000 /system/lib64/libframe_ui_intf.z.so
5b3b606000-5b3b607000 r--p 00004000 /system/lib64/libframe_ui_intf.z.so
5b3b607000-5b3b608000 rw-p 00004000 /system/lib64/libframe_ui_intf.z.so
5b3b640000-5b3b647000 r--p 00000000 /system/lib64/chipset-sdk/libthp_proxy_1.0.z.so
5b3b647000-5b3b64d000 r-xp 00006000 /system/lib64/chipset-sdk/libthp_proxy_1.0.z.so
5b3b64d000-5b3b650000 r--p 0000b000 /system/lib64/chipset-sdk/libthp_proxy_1.0.z.so
5b3b650000-5b3b651000 rw-p 0000d000 /system/lib64/chipset-sdk/libthp_proxy_1.0.z.so
5b3b680000-5b3b689000 r--p 00000000 /system/lib64/chipset-sdk/libtp_proxy_1.1.z.so
5b3b689000-5b3b691000 r-xp 00008000 /system/lib64/chipset-sdk/libtp_proxy_1.1.z.so
5b3b691000-5b3b693000 r--p 0000f000 /system/lib64/chipset-sdk/libtp_proxy_1.1.z.so
5b3b693000-5b3b694000 rw-p 00010000 /system/lib64/chipset-sdk/libtp_proxy_1.1.z.so
5b3b694000-5b3b695000 rw-p 00000000 [anon:libtp_proxy_1.1.z.so.bss]
5b3b6c0000-5b3b6cc000 r--p 00000000 /system/lib64/chipset-sdk/libtp_proxy_1.0.z.so
5b3b6cc000-5b3b6dd000 r-xp 0000b000 /system/lib64/chipset-sdk/libtp_proxy_1.0.z.so
5b3b6dd000-5b3b6df000 r--p 0001b000 /system/lib64/chipset-sdk/libtp_proxy_1.0.z.so
5b3b6df000-5b3b6e0000 rw-p 0001c000 /system/lib64/chipset-sdk/libtp_proxy_1.0.z.so
5b3b6e0000-5b3b6e1000 rw-p 00000000 [anon:libtp_proxy_1.0.z.so.bss]
5b3b700000-5b3b703000 r--p 00000000 /system/lib64/libthp_extra_innerapi.z.so
5b3b703000-5b3b706000 r-xp 00002000 /system/lib64/libthp_extra_innerapi.z.so
5b3b706000-5b3b708000 r--p 00004000 /system/lib64/libthp_extra_innerapi.z.so
5b3b708000-5b3b709000 rw-p 00005000 /system/lib64/libthp_extra_innerapi.z.so
5b3b740000-5b3b741000 r--p 00000000 /system/lib64/seccomp/libapp_filter.z.so
5b3b741000-5b3b744000 r-xp 00000000 /system/lib64/seccomp/libapp_filter.z.so
5b3b744000-5b3b745000 r--p 00002000 /system/lib64/seccomp/libapp_filter.z.so
5b3b745000-5b3b746000 rw-p 00002000 /system/lib64/seccomp/libapp_filter.z.so
5b3b780000-5b3b781000 r--p 00000000 /system/lib64/libhidebug.so
5b3b781000-5b3b782000 r-xp 00000000 /system/lib64/libhidebug.so
5b3b782000-5b3b784000 r--p 00000000 /system/lib64/libhidebug.so
5b3b784000-5b3b785000 rw-p 00001000 /system/lib64/libhidebug.so
5b3b785000-5b3b7d9000 r--p 00000000 /system/fonts/HarmonyOS_Sans.ttf
5b3b800000-5b3b801000 ---p 00000000 [anon:native_heap:jemalloc meta]
5b3b801000-5b3ba00000 rw-p 00000000 [anon:native_heap:jemalloc meta]
5b3ba00000-5b3ba01000 ---p 00000000 [anon:native_heap:jemalloc meta]
5b3ba01000-5b3bc01000 rw-p 00000000 [anon:native_heap:jemalloc]
5b3bc40000-5b3bc43000 r--p 00000000 /system/lib64/platformsdk/libhdc_register.z.so
5b3bc43000-5b3bc47000 r-xp 00002000 /system/lib64/platformsdk/libhdc_register.z.so
5b3bc47000-5b3bc48000 r--p 00005000 /system/lib64/platformsdk/libhdc_register.z.so
5b3bc48000-5b3bc49000 rw-p 00005000 /system/lib64/platformsdk/libhdc_register.z.so
5b3bc80000-5b3bcc0000 r--p 00000000 /system/lib64/platformsdk/libextplugin.z.so
5b3bcc0000-5b3bd6e000 r-xp 0003f000 /system/lib64/platformsdk/libextplugin.z.so
5b3bd6e000-5b3bd73000 r--p 000ec000 /system/lib64/platformsdk/libextplugin.z.so
5b3bd73000-5b3bd74000 rw-p 000f0000 /system/lib64/platformsdk/libextplugin.z.so
5b3bd74000-5b3bd77000 rw-p 00000000 [anon:libextplugin.z.so.bss]
5b3bd80000-5b3bd8c000 r--p 00000000 /system/lib64/platformsdk/libheifimpl.z.so
5b3bd8c000-5b3bd9c000 r-xp 0000b000 /system/lib64/platformsdk/libheifimpl.z.so
5b3bd9c000-5b3bd9e000 r--p 0001a000 /system/lib64/platformsdk/libheifimpl.z.so
5b3bd9e000-5b3bd9f000 rw-p 0001b000 /system/lib64/platformsdk/libheifimpl.z.so
5b3bdc0000-5b3bdda000 r--p 00000000 /system/lib64/platformsdk/libjpegplugin.z.so
5b3bdda000-5b3be4d000 r-xp 00019000 /system/lib64/platformsdk/libjpegplugin.z.so
5b3be4d000-5b3be4f000 r--p 0008b000 /system/lib64/platformsdk/libjpegplugin.z.so
5b3be4f000-5b3be50000 rw-p 0008c000 /system/lib64/platformsdk/libjpegplugin.z.so
5b3be50000-5b3be52000 rw-p 00000000 [anon:libjpegplugin.z.so.bss]
5b3be80000-5b3be88000 r--p 00000000 /system/lib64/platformsdk/libtextureEncoderCL.z.so
5b3be88000-5b3be8d000 r-xp 00007000 /system/lib64/platformsdk/libtextureEncoderCL.z.so
5b3be8d000-5b3be8e000 r--p 0000b000 /system/lib64/platformsdk/libtextureEncoderCL.z.so
5b3be8e000-5b3be8f000 rw-p 0000b000 /system/lib64/platformsdk/libtextureEncoderCL.z.so
5b3be8f000-5b3bef2000 rw-s 00000000 anon_inode:dev/ashmem/EXTRawData
5b3bf0a000-5b3bf0b000 r--p 00000000 /system/lib64/module/arkcompiler/stub.an
5b3bf0b000-5b3cd28000 r-xp 00001000 /system/lib64/module/arkcompiler/stub.an
5b3cd28000-5b3cf09000 r--p 00e1e000 /system/lib64/module/arkcompiler/stub.an
5b3cf40000-5b3cf41000 r--p 00000000 /system/lib64/libhispeed_string.so
5b3cf41000-5b3cf44000 r-xp 00000000 /system/lib64/libhispeed_string.so
5b3cf44000-5b3cf45000 r--p 00002000 /system/lib64/libhispeed_string.so
5b3cf45000-5b3cf46000 rw-p 00002000 /system/lib64/libhispeed_string.so
5b3cf46000-5b3cfbb000 rw-p 00000000 /system/etc/abc/framework/stateMgmt.abc
5b3cfbb000-5b3d0fb000 rw-p 00000000 [anon:ArkTS Code:391648847747]
5b3d100000-5b3d121000 r--p 00000000 /system/lib64/libarkui_checkbox.z.so
5b3d121000-5b3d185000 r-xp 00020000 /system/lib64/libarkui_checkbox.z.so
5b3d185000-5b3d191000 r--p 00083000 /system/lib64/libarkui_checkbox.z.so
5b3d191000-5b3d192000 rw-p 0008e000 /system/lib64/libarkui_checkbox.z.so
5b3d192000-5b3d193000 rw-p 00000000 [anon:libarkui_checkbox.z.so.bss]
5b3d1c0000-5b3d1d5000 r--p 00000000 /system/lib64/libarkui_rating.z.so
5b3d1d5000-5b3d20a000 r-xp 00014000 /system/lib64/libarkui_rating.z.so
5b3d20a000-5b3d211000 r--p 00048000 /system/lib64/libarkui_rating.z.so
5b3d211000-5b3d212000 rw-p 0004e000 /system/lib64/libarkui_rating.z.so
5b3d240000-5b3d25b000 r--p 00000000 /system/lib64/libarkui_gauge.z.so
5b3d25b000-5b3d2a9000 r-xp 0001a000 /system/lib64/libarkui_gauge.z.so
5b3d2a9000-5b3d2b2000 r--p 00067000 /system/lib64/libarkui_gauge.z.so
5b3d2b2000-5b3d2b3000 rw-p 0006f000 /system/lib64/libarkui_gauge.z.so
5b3d2b3000-5b3d2b4000 rw-p 00000000 [anon:libarkui_gauge.z.so.bss]
5b3d2c0000-5b3d2cd000 r--p 00000000 /system/lib64/libarkui_linearsplit.z.so
5b3d2cd000-5b3d2ee000 r-xp 0000c000 /system/lib64/libarkui_linearsplit.z.so
5b3d2ee000-5b3d2f2000 r--p 0002c000 /system/lib64/libarkui_linearsplit.z.so
5b3d2f2000-5b3d2f3000 rw-p 0002f000 /system/lib64/libarkui_linearsplit.z.so
5b3d300000-5b3d31a000 r--p 00000000 /system/lib64/libarkui_radio.z.so
5b3d31a000-5b3d35b000 r-xp 00019000 /system/lib64/libarkui_radio.z.so
5b3d35b000-5b3d363000 r--p 00059000 /system/lib64/libarkui_radio.z.so
5b3d363000-5b3d364000 rw-p 00060000 /system/lib64/libarkui_radio.z.so
5b3d364000-5b3d365000 rw-p 00000000 [anon:libarkui_radio.z.so.bss]
5b3d380000-5b3d3aa000 r--p 00000000 /system/lib64/libarkui_slider.z.so
5b3d3aa000-5b3d434000 r-xp 00029000 /system/lib64/libarkui_slider.z.so
5b3d434000-5b3d441000 r--p 000b2000 /system/lib64/libarkui_slider.z.so
5b3d441000-5b3d442000 rw-p 000be000 /system/lib64/libarkui_slider.z.so
5b3d442000-5b3d443000 rw-p 00000000 [anon:libarkui_slider.z.so.bss]
5b3d480000-5b3d4ac000 r--p 00000000 /system/lib64/libarkui_timepicker.z.so
5b3d4ac000-5b3d53c000 r-xp 0002b000 /system/lib64/libarkui_timepicker.z.so
5b3d53c000-5b3d54c000 r--p 000ba000 /system/lib64/libarkui_timepicker.z.so
5b3d54c000-5b3d54d000 rw-p 000c9000 /system/lib64/libarkui_timepicker.z.so
5b3d54d000-5b3d54f000 rw-p 00000000 [anon:libarkui_timepicker.z.so.bss]
5b3d580000-5b3d594000 r--p 00000000 /system/lib64/libarkui_folderstack.z.so
5b3d594000-5b3d5b7000 r-xp 00013000 /system/lib64/libarkui_folderstack.z.so
5b3d5b7000-5b3d5c2000 r--p 00035000 /system/lib64/libarkui_folderstack.z.so
5b3d5c2000-5b3d5c3000 rw-p 0003f000 /system/lib64/libarkui_folderstack.z.so
5b3d5c3000-5b3d5c4000 rw-p 00000000 [anon:libarkui_folderstack.z.so.bss]
5b3d600000-5b3d617000 r--p 00000000 /system/lib64/libarkui_stepper.z.so
5b3d617000-5b3d64d000 r-xp 00016000 /system/lib64/libarkui_stepper.z.so
5b3d64d000-5b3d658000 r--p 0004b000 /system/lib64/libarkui_stepper.z.so
5b3d658000-5b3d659000 rw-p 00055000 /system/lib64/libarkui_stepper.z.so
5b3d659000-5b3d65a000 rw-p 00000000 [anon:libarkui_stepper.z.so.bss]
5b3d680000-5b3d6a9000 r--p 00000000 /system/lib64/libarkui_indexer.z.so
5b3d6a9000-5b3d737000 r-xp 00028000 /system/lib64/libarkui_indexer.z.so
5b3d737000-5b3d744000 r--p 000b5000 /system/lib64/libarkui_indexer.z.so
5b3d744000-5b3d745000 rw-p 000c1000 /system/lib64/libarkui_indexer.z.so
5b3d745000-5b3d746000 rw-p 00000000 [anon:libarkui_indexer.z.so.bss]
5b3d780000-5b3d795000 r--p 00000000 /system/lib64/libarkui_sidebar.z.so
5b3d795000-5b3d7da000 r-xp 00014000 /system/lib64/libarkui_sidebar.z.so
5b3d7da000-5b3d7de000 r--p 00058000 /system/lib64/libarkui_sidebar.z.so
5b3d7de000-5b3d7e0000 rw-p 0005b000 /system/lib64/libarkui_sidebar.z.so
5b3d800000-5b3d821000 r--p 00000000 /system/lib64/libarkui_calendarpicker.z.so
5b3d821000-5b3d89b000 r-xp 00020000 /system/lib64/libarkui_calendarpicker.z.so
5b3d89b000-5b3d8a8000 r--p 00099000 /system/lib64/libarkui_calendarpicker.z.so
5b3d8a8000-5b3d8a9000 rw-p 000a5000 /system/lib64/libarkui_calendarpicker.z.so
5b3d8a9000-5b3d8aa000 rw-p 00000000 [anon:libarkui_calendarpicker.z.so.bss]
5b3d8c0000-5b3d8cb000 r--p 00000000 /system/lib64/platformsdk/libets_environment.z.so
5b3d8cb000-5b3d8e2000 r-xp 0000a000 /system/lib64/platformsdk/libets_environment.z.so
5b3d8e2000-5b3d8e3000 r--p 00020000 /system/lib64/platformsdk/libets_environment.z.so
5b3d8e3000-5b3d8e4000 rw-p 00020000 /system/lib64/platformsdk/libets_environment.z.so
5b3d8e4000-5b3d8e5000 rw-p 00000000 [anon:libets_environment.z.so.bss]
5b3d900000-5b3d909000 r--p 00000000 /system/lib64/module/libets_interop_js_napi.z.so
5b3d909000-5b3d926000 r-xp 00008000 /system/lib64/module/libets_interop_js_napi.z.so
5b3d926000-5b3d927000 r--p 00024000 /system/lib64/module/libets_interop_js_napi.z.so
5b3d927000-5b3d928000 rw-p 00024000 /system/lib64/module/libets_interop_js_napi.z.so
5b3d940000-5b3d952000 r--p 00000000 /system/lib64/platformsdk/librawplugin.z.so
5b3d952000-5b3d9be000 r-xp 00011000 /system/lib64/platformsdk/librawplugin.z.so
5b3d9be000-5b3d9c0000 r--p 0007c000 /system/lib64/platformsdk/librawplugin.z.so
5b3d9c0000-5b3d9c1000 rw-p 0007d000 /system/lib64/platformsdk/librawplugin.z.so
5b3da00000-5b3da01000 r--p 00000000 /system/lib64/ndk/libability_access_control.so
5b3da01000-5b3da04000 r-xp 00000000 /system/lib64/ndk/libability_access_control.so
5b3da04000-5b3da05000 r--p 00002000 /system/lib64/ndk/libability_access_control.so
5b3da05000-5b3da06000 rw-p 00002000 /system/lib64/ndk/libability_access_control.so
5b3da40000-5b3da42000 r--p 00000000 /system/lib64/ndk/libtelephony_radio.so
5b3da42000-5b3da45000 r-xp 00001000 /system/lib64/ndk/libtelephony_radio.so
5b3da45000-5b3da46000 r--p 00003000 /system/lib64/ndk/libtelephony_radio.so
5b3da46000-5b3da47000 rw-p 00003000 /system/lib64/ndk/libtelephony_radio.so
5b3da80000-5b3da8c000 r--p 00000000 /system/lib64/libasset_sdk.dylib.so
5b3da8c000-5b3da9b000 r-xp 0000b000 /system/lib64/libasset_sdk.dylib.so
5b3da9b000-5b3da9d000 r--p 00019000 /system/lib64/libasset_sdk.dylib.so
5b3da9d000-5b3da9e000 rw-p 0001a000 /system/lib64/libasset_sdk.dylib.so
5b3da9e000-5b3da9f000 rw-p 00000000 [anon:libasset_sdk.dylib.so.bss]
5b3dac0000-5b3dac2000 r--p 00000000 /system/lib64/platformsdk/libhuks_ndk.z.so
5b3dac2000-5b3dac6000 r-xp 00001000 /system/lib64/platformsdk/libhuks_ndk.z.so
5b3dac6000-5b3dac7000 r--p 00004000 /system/lib64/platformsdk/libhuks_ndk.z.so
5b3dac7000-5b3dac8000 rw-p 00004000 /system/lib64/platformsdk/libhuks_ndk.z.so
5b3db00000-5b3db05000 r--p 00000000 /system/lib64/ndk/libohfileuri.so
5b3db05000-5b3db0f000 r-xp 00004000 /system/lib64/ndk/libohfileuri.so
5b3db0f000-5b3db10000 r--p 0000d000 /system/lib64/ndk/libohfileuri.so
5b3db10000-5b3db11000 rw-p 0000d000 /system/lib64/ndk/libohfileuri.so
5b3db11000-5b3db12000 rw-p 00000000 [anon:libohfileuri.so.bss]
5b3db40000-5b3db58000 r--p 00000000 /system/lib64/libutils_rust.dylib.so
5b3db58000-5b3db6c000 r-xp 00017000 /system/lib64/libutils_rust.dylib.so
5b3db6c000-5b3db6e000 r--p 0002a000 /system/lib64/libutils_rust.dylib.so
5b3db6e000-5b3db6f000 rw-p 0002b000 /system/lib64/libutils_rust.dylib.so
5b3db80000-5b3db82000 r--p 00000000 /system/lib64/ndk/libdeviceinfo_ndk.z.so
5b3db82000-5b3db83000 r-xp 00001000 /system/lib64/ndk/libdeviceinfo_ndk.z.so
5b3db83000-5b3db85000 r--p 00001000 /system/lib64/ndk/libdeviceinfo_ndk.z.so
5b3db85000-5b3db86000 rw-p 00002000 /system/lib64/ndk/libdeviceinfo_ndk.z.so
5b3dbc0000-5b3dbc9000 r--p 00000000 /system/lib64/ndk/libnet_connection.so
5b3dbc9000-5b3dbd4000 r-xp 00008000 /system/lib64/ndk/libnet_connection.so
5b3dbd4000-5b3dbd6000 r--p 00012000 /system/lib64/ndk/libnet_connection.so
5b3dbd6000-5b3dbd7000 rw-p 00013000 /system/lib64/ndk/libnet_connection.so
5b3dc00000-5b3dc06000 r--p 00000000 /system/lib64/libhiappevent_ndk.z.so
5b3dc06000-5b3dc0f000 r-xp 00005000 /system/lib64/libhiappevent_ndk.z.so
5b3dc0f000-5b3dc11000 r--p 0000d000 /system/lib64/libhiappevent_ndk.z.so
5b3dc11000-5b3dc12000 rw-p 0000e000 /system/lib64/libhiappevent_ndk.z.so
5b3dc40000-5b3dc4a000 r--p 00000000 /system/lib64/libnative_avscreen_capture.so
5b3dc4a000-5b3dc5c000 r-xp 00009000 /system/lib64/libnative_avscreen_capture.so
5b3dc5c000-5b3dc5d000 r--p 0001a000 /system/lib64/libnative_avscreen_capture.so
5b3dc5d000-5b3dc5e000 rw-p 0001a000 /system/lib64/libnative_avscreen_capture.so
5b3dc5e000-5b3dc5f000 rw-p 00000000 [anon:libnative_avscreen_capture.so.bss]
5b3dc80000-5b3dc8d000 r--p 00000000 /system/lib64/ndk/libnative_drm.so
5b3dc8d000-5b3dca0000 r-xp 0000c000 /system/lib64/ndk/libnative_drm.so
5b3dca0000-5b3dca2000 r--p 0001e000 /system/lib64/ndk/libnative_drm.so
5b3dca2000-5b3dca3000 rw-p 0001f000 /system/lib64/ndk/libnative_drm.so
5b3dcc0000-5b3dcd4000 r--p 00000000 /system/lib64/ndk/libohinput.so
5b3dcd4000-5b3dcfe000 r-xp 00013000 /system/lib64/ndk/libohinput.so
5b3dcfe000-5b3dd00000 r--p 0003c000 /system/lib64/ndk/libohinput.so
5b3dd00000-5b3dd01000 rw-p 0003d000 /system/lib64/ndk/libohinput.so
5b3dd01000-5b3dd02000 rw-p 00000000 [anon:libohinput.so.bss]
5b3dd40000-5b3dd44000 r--p 00000000 /system/lib64/libnative_media_venc.so
5b3dd44000-5b3dd4c000 r-xp 00003000 /system/lib64/libnative_media_venc.so
5b3dd4c000-5b3dd4d000 r--p 0000a000 /system/lib64/libnative_media_venc.so
5b3dd4d000-5b3dd4e000 rw-p 0000a000 /system/lib64/libnative_media_venc.so
5b3dd4e000-5b3dd4f000 rw-p 00000000 [anon:libnative_media_venc.so.bss]
5b3dd80000-5b3dd88000 r--p 00000000 /system/lib64/ndk/libohpreferences.so
5b3dd88000-5b3dd98000 r-xp 00007000 /system/lib64/ndk/libohpreferences.so
5b3dd98000-5b3dd99000 r--p 00016000 /system/lib64/ndk/libohpreferences.so
5b3dd99000-5b3dd9a000 rw-p 00016000 /system/lib64/ndk/libohpreferences.so
5b3ddc0000-5b3ddc1000 r--p 00000000 /system/lib64/ndk/libasset_ndk.z.so
5b3ddc1000-5b3ddc4000 r-xp 00000000 /system/lib64/ndk/libasset_ndk.z.so
5b3ddc4000-5b3ddc5000 r--p 00002000 /system/lib64/ndk/libasset_ndk.z.so
5b3ddc5000-5b3ddc6000 rw-p 00002000 /system/lib64/ndk/libasset_ndk.z.so
5b3de40000-5b3df40000 rw-p 00000000 [anon:ark-Code Space]
5b3df40000-5b3e040000 rw-p 00000000 [anon:ark-Compiler Space]
5b3e040000-5b3e042000 rw-p 00000000 [anon:ark-Native Stacks Space]
5b3e042000-5b3e043000 ---p 00000000 [anon:ark-Native Stacks Space]
5b3e043000-5b3e082000 rw-p 00000000 [anon:ark-Native Stacks Space]
5b3e082000-5b3e083000 ---p 00000000 [anon:ark-Native Stacks Space]
5b3e083000-5b3e0c2000 rw-p 00000000 [anon:ark-Native Stacks Space]
5b3e0c2000-5b3e0c3000 ---p 00000000 [anon:ark-Native Stacks Space]
5b3e0c3000-5b3e280000 rw-p 00000000 [anon:ark-Native Stacks Space]
5b3e280000-5b41280000 rw-p 00000000 [anon:ark-Frames Space]
5b41280000-5b412c0000 rw-p 00000000 [anon:ark-Internal Space]
5b412c0000-5b442c0000 rw-p 00000000 [anon:ark-Frames Space]
5b442c0000-5b44300000 rw-p 00000000 [anon:ark-Internal Space]
5b44300000-5b44306000 r--p 00000000 /system/lib64/ndk/libpasteboard.so
5b44306000-5b44310000 r-xp 00005000 /system/lib64/ndk/libpasteboard.so
5b44310000-5b44313000 r--p 0000e000 /system/lib64/ndk/libpasteboard.so
5b44313000-5b44314000 rw-p 00010000 /system/lib64/ndk/libpasteboard.so
5b44340000-5b44348000 r--p 00000000 /system/lib64/libnative_media_core.so
5b44348000-5b44355000 r-xp 00007000 /system/lib64/libnative_media_core.so
5b44355000-5b44357000 r--p 00013000 /system/lib64/libnative_media_core.so
5b44357000-5b44358000 rw-p 00014000 /system/lib64/libnative_media_core.so
5b44380000-5b4438b000 r--p 00000000 /system/lib64/libnative_image.so
5b4438b000-5b44398000 r-xp 0000a000 /system/lib64/libnative_image.so
5b44398000-5b4439a000 r--p 00016000 /system/lib64/libnative_image.so
5b4439a000-5b4439b000 rw-p 00017000 /system/lib64/libnative_image.so
5b443c0000-5b443c8000 r--p 00000000 /system/lib64/ndk/libohcommonevent.so
5b443c8000-5b443d0000 r-xp 00007000 /system/lib64/ndk/libohcommonevent.so
5b443d0000-5b443d1000 r--p 0000e000 /system/lib64/ndk/libohcommonevent.so
5b443d1000-5b443d2000 rw-p 0000e000 /system/lib64/ndk/libohcommonevent.so
5b44400000-5b44402000 r--p 00000000 /system/lib64/platformsdk/libnet_ssl.z.so
5b44402000-5b44405000 r-xp 00001000 /system/lib64/platformsdk/libnet_ssl.z.so
5b44405000-5b44406000 r--p 00003000 /system/lib64/platformsdk/libnet_ssl.z.so
5b44406000-5b44407000 rw-p 00003000 /system/lib64/platformsdk/libnet_ssl.z.so
5b44440000-5b44444000 r--p 00000000 /system/lib64/libnative_media_vdec.so
5b44444000-5b4444b000 r-xp 00003000 /system/lib64/libnative_media_vdec.so
5b4444b000-5b4444d000 r--p 00009000 /system/lib64/libnative_media_vdec.so
5b4444d000-5b4444e000 rw-p 0000a000 /system/lib64/libnative_media_vdec.so
5b44480000-5b44481000 r--p 00000000 /system/lib64/libasset_sdk.z.so
5b44481000-5b44484000 r-xp 00000000 /system/lib64/libasset_sdk.z.so
5b44484000-5b44485000 r--p 00002000 /system/lib64/libasset_sdk.z.so
5b44485000-5b44486000 rw-p 00002000 /system/lib64/libasset_sdk.z.so
5b444c0000-5b444cb000 r--p 00000000 /system/lib64/ndk/libability_runtime.so
5b444cb000-5b444d6000 r-xp 0000a000 /system/lib64/ndk/libability_runtime.so
5b444d6000-5b444d8000 r--p 00014000 /system/lib64/ndk/libability_runtime.so
5b444d8000-5b444d9000 rw-p 00015000 /system/lib64/ndk/libability_runtime.so
5b44500000-5b44502000 r--p 00000000 /system/lib64/libnative_rdb_ndk_utils.z.so
5b44502000-5b44506000 r-xp 00001000 /system/lib64/libnative_rdb_ndk_utils.z.so
5b44506000-5b44507000 r--p 00004000 /system/lib64/libnative_rdb_ndk_utils.z.so
5b44507000-5b44508000 rw-p 00004000 /system/lib64/libnative_rdb_ndk_utils.z.so
5b44540000-5b44544000 r--p 00000000 /system/lib64/ndk/libnative_media_acodec.so
5b44544000-5b44549000 r-xp 00003000 /system/lib64/ndk/libnative_media_acodec.so
5b44549000-5b4454b000 r--p 00007000 /system/lib64/ndk/libnative_media_acodec.so
5b4454b000-5b4454c000 rw-p 00008000 /system/lib64/ndk/libnative_media_acodec.so
5b44580000-5b44581000 r--p 00000000 /system/lib64/ndk/libqos.so
5b44581000-5b44583000 r-xp 00000000 /system/lib64/ndk/libqos.so
5b44583000-5b44584000 r--p 00001000 /system/lib64/ndk/libqos.so
5b44584000-5b44585000 rw-p 00001000 /system/lib64/ndk/libqos.so
5b445c0000-5b445c2000 r--p 00000000 /system/lib64/ndk/libpixelmap_ndk.z.so
5b445c2000-5b445c6000 r-xp 00001000 /system/lib64/ndk/libpixelmap_ndk.z.so
5b445c6000-5b445c7000 r--p 00004000 /system/lib64/ndk/libpixelmap_ndk.z.so
5b445c7000-5b445c8000 rw-p 00004000 /system/lib64/ndk/libpixelmap_ndk.z.so
5b44600000-5b44601000 r--p 00000000 /system/lib64/ndk/libohbattery_info.so
5b44601000-5b44604000 r-xp 00000000 /system/lib64/ndk/libohbattery_info.so
5b44604000-5b44605000 r--p 00002000 /system/lib64/ndk/libohbattery_info.so
5b44605000-5b44606000 rw-p 00002000 /system/lib64/ndk/libohbattery_info.so
5b44640000-5b4464a000 r--p 00000000 /system/lib64/ndk/libnative_window_manager.so
5b4464a000-5b44663000 r-xp 00009000 /system/lib64/ndk/libnative_window_manager.so
5b44663000-5b44666000 r--p 00021000 /system/lib64/ndk/libnative_window_manager.so
5b44666000-5b44667000 rw-p 00023000 /system/lib64/ndk/libnative_window_manager.so
5b44680000-5b44694000 r--p 00000000 /data/storage/el1/bundle/arkwebcore/libs/arm64/libadapter_ndk_stub.so
5b44694000-5b446b6000 r-xp 00013000 /data/storage/el1/bundle/arkwebcore/libs/arm64/libadapter_ndk_stub.so
5b446b6000-5b446b9000 r--p 00034000 /data/storage/el1/bundle/arkwebcore/libs/arm64/libadapter_ndk_stub.so
5b446b9000-5b446ba000 rw-p 00036000 /data/storage/el1/bundle/arkwebcore/libs/arm64/libadapter_ndk_stub.so
5b446ba000-5b446bc000 rw-p 00000000 [anon:libadapter_ndk_stub.so.bss]
5b446c0000-5b446c8000 r--p 00000000 /system/lib64/ndk/libimage_source.so
5b446c8000-5b446d5000 r-xp 00007000 /system/lib64/ndk/libimage_source.so
5b446d5000-5b446d7000 r--p 00013000 /system/lib64/ndk/libimage_source.so
5b446d7000-5b446d8000 rw-p 00014000 /system/lib64/ndk/libimage_source.so
5b44700000-5b44702000 r--p 00000000 /system/lib64/ndk/libnet_ssl.so
5b44702000-5b44706000 r-xp 00001000 /system/lib64/ndk/libnet_ssl.so
5b44706000-5b44707000 r--p 00004000 /system/lib64/ndk/libnet_ssl.so
5b44707000-5b44708000 rw-p 00004000 /system/lib64/ndk/libnet_ssl.so
5b44740000-5b44745000 r--p 00000000 /system/lib64/ndk/libpicture.so
5b44745000-5b4474e000 r-xp 00004000 /system/lib64/ndk/libpicture.so
5b4474e000-5b4474f000 r--p 0000c000 /system/lib64/ndk/libpicture.so
5b4474f000-5b44750000 rw-p 0000c000 /system/lib64/ndk/libpicture.so
5b44780000-5b44783000 r--p 00000000 /system/lib64/libnative_vsync.so
5b44783000-5b44787000 r-xp 00002000 /system/lib64/libnative_vsync.so
5b44787000-5b44788000 r--p 00005000 /system/lib64/libnative_vsync.so
5b44788000-5b44789000 rw-p 00005000 /system/lib64/libnative_vsync.so
5b447c0000-5b447c2000 r--p 00000000 /system/lib64/ndk/libnative_media_avcencinfo.so
5b447c2000-5b447c6000 r-xp 00001000 /system/lib64/ndk/libnative_media_avcencinfo.so
5b447c6000-5b447c7000 r--p 00004000 /system/lib64/ndk/libnative_media_avcencinfo.so
5b447c7000-5b447c8000 rw-p 00004000 /system/lib64/ndk/libnative_media_avcencinfo.so
5b44800000-5b44801000 r--p 00000000 /system/lib64/ndk/libtelephony_data.so
5b44801000-5b44804000 r-xp 00000000 /system/lib64/ndk/libtelephony_data.so
5b44804000-5b44805000 r--p 00002000 /system/lib64/ndk/libtelephony_data.so
5b44805000-5b44806000 rw-p 00002000 /system/lib64/ndk/libtelephony_data.so
5b44840000-5b44842000 r--p 00000000 /system/lib64/libavcodec_hiappevent.so
5b44842000-5b44846000 r-xp 00001000 /system/lib64/libavcodec_hiappevent.so
5b44846000-5b44847000 r--p 00004000 /system/lib64/libavcodec_hiappevent.so
5b44847000-5b44848000 rw-p 00004000 /system/lib64/libavcodec_hiappevent.so
5b44880000-5b44884000 r--p 00000000 /system/lib64/ndk/libimage_packer.so
5b44884000-5b4488a000 r-xp 00003000 /system/lib64/ndk/libimage_packer.so
5b4488a000-5b4488b000 r--p 00008000 /system/lib64/ndk/libimage_packer.so
5b4488b000-5b4488c000 rw-p 00008000 /system/lib64/ndk/libimage_packer.so
5b448c0000-5b448c1000 r--p 00000000 /system/lib64/ndk/libnative_color_space_manager.so
5b448c1000-5b448c3000 r-xp 00000000 /system/lib64/ndk/libnative_color_space_manager.so
5b448c3000-5b448c4000 r--p 00001000 /system/lib64/ndk/libnative_color_space_manager.so
5b448c4000-5b448c5000 rw-p 00001000 /system/lib64/ndk/libnative_color_space_manager.so
5b44900000-5b44918000 r--p 00000000 /system/lib64/ndk/libohavsession.so
5b44918000-5b44939000 r-xp 00017000 /system/lib64/ndk/libohavsession.so
5b44939000-5b4493b000 r--p 00037000 /system/lib64/ndk/libohavsession.so
5b4493b000-5b4493c000 rw-p 00038000 /system/lib64/ndk/libohavsession.so
5b44940000-5b44942000 r--p 00000000 /system/lib64/ndk/libohsensor.so
5b44942000-5b44946000 r-xp 00001000 /system/lib64/ndk/libohsensor.so
5b44946000-5b44947000 r--p 00004000 /system/lib64/ndk/libohsensor.so
5b44947000-5b44948000 rw-p 00004000 /system/lib64/ndk/libohsensor.so
5b44980000-5b44a0c000 r--p 00000000 /data/storage/el1/bundle/arkwebcore/libs/arm64/libffmpeg.so
5b44a0c000-5b44bb7000 r-xp 0008b000 /data/storage/el1/bundle/arkwebcore/libs/arm64/libffmpeg.so
5b44bb7000-5b44bdf000 r--p 00235000 /data/storage/el1/bundle/arkwebcore/libs/arm64/libffmpeg.so
5b44bdf000-5b44be0000 rw-p 0025c000 /data/storage/el1/bundle/arkwebcore/libs/arm64/libffmpeg.so
5b44be0000-5b44cbf000 rw-p 00000000 [anon:libffmpeg.so.bss]
5b44cc0000-5b44cf0000 r--p 00000000 /system/lib64/libnative_drawing_ndk.z.so
5b44cf0000-5b44d3f000 r-xp 0002f000 /system/lib64/libnative_drawing_ndk.z.so
5b44d3f000-5b44d41000 r--p 0007d000 /system/lib64/libnative_drawing_ndk.z.so
5b44d41000-5b44d42000 rw-p 0007e000 /system/lib64/libnative_drawing_ndk.z.so
5b44d42000-5b44d43000 rw-p 00000000 [anon:libnative_drawing.so.bss]
5b44d80000-5b44d81000 r--p 00000000 /system/lib64/ndk/libtime_service_ndk.so
5b44d81000-5b44d84000 r-xp 00000000 /system/lib64/ndk/libtime_service_ndk.so
5b44d84000-5b44d85000 r--p 00002000 /system/lib64/ndk/libtime_service_ndk.so
5b44d85000-5b44d86000 rw-p 00002000 /system/lib64/ndk/libtime_service_ndk.so
5b44dc0000-5b44dd4000 r--p 00000000 /system/lib64/libipc.dylib.so
5b44dd4000-5b44de7000 r-xp 00013000 /system/lib64/libipc.dylib.so
5b44de7000-5b44dea000 r--p 00025000 /system/lib64/libipc.dylib.so
5b44dea000-5b44deb000 rw-p 00027000 /system/lib64/libipc.dylib.so
5b44e00000-5b44e0c000 r--p 00000000 /system/lib64/libsamgr.dylib.so
5b44e0c000-5b44e1c000 r-xp 0000b000 /system/lib64/libsamgr.dylib.so
5b44e1c000-5b44e21000 r--p 0001a000 /system/lib64/libsamgr.dylib.so
5b44e21000-5b44e22000 rw-p 0001e000 /system/lib64/libsamgr.dylib.so
5b44e22000-5b44e23000 rw-p 00000000 [anon:libsamgr.dylib.so.bss]
5b44e40000-5b44e45000 r--p 00000000 /system/lib64/libasset_sdk_ffi.z.so
5b44e45000-5b44e4f000 r-xp 00004000 /system/lib64/libasset_sdk_ffi.z.so
5b44e4f000-5b44e50000 r--p 0000d000 /system/lib64/libasset_sdk_ffi.z.so
5b44e50000-5b44e51000 rw-p 0000d000 /system/lib64/libasset_sdk_ffi.z.so
5b44e51000-5b44e52000 rw-p 00000000 [anon:libasset_sdk_ffi.z.so.bss]
5b44e80000-5b44e8e000 r--p 00000000 /system/lib64/ndk/libohinputmethod.so
5b44e8e000-5b44ea5000 r-xp 0000d000 /system/lib64/ndk/libohinputmethod.so
5b44ea5000-5b44ea8000 r--p 00023000 /system/lib64/ndk/libohinputmethod.so
5b44ea8000-5b44ea9000 rw-p 00025000 /system/lib64/ndk/libohinputmethod.so
5b44ec0000-5b44ec3000 r--p 00000000 /system/lib64/ndk/libimage_common.so
5b44ec3000-5b44ec8000 r-xp 00002000 /system/lib64/ndk/libimage_common.so
5b44ec8000-5b44eca000 r--p 00006000 /system/lib64/ndk/libimage_common.so
5b44eca000-5b44ecb000 rw-p 00007000 /system/lib64/ndk/libimage_common.so
5b44f00000-5b44f02000 r--p 00000000 /system/lib64/ndk/libhitrace_ndk.z.so
5b44f02000-5b44f03000 r-xp 00001000 /system/lib64/ndk/libhitrace_ndk.z.so
5b44f03000-5b44f05000 r--p 00001000 /system/lib64/ndk/libhitrace_ndk.z.so
5b44f05000-5b44f06000 rw-p 00002000 /system/lib64/ndk/libhitrace_ndk.z.so
5b44f40000-5b44f47000 r--p 00000000 /system/lib64/ndk/libnative_display_manager.so
5b44f47000-5b44f53000 r-xp 00006000 /system/lib64/ndk/libnative_display_manager.so
5b44f53000-5b44f55000 r--p 00011000 /system/lib64/ndk/libnative_display_manager.so
5b44f55000-5b44f56000 rw-p 00012000 /system/lib64/ndk/libnative_display_manager.so
5b44f80000-5b44f85000 r--p 00000000 /system/lib64/ndk/libohhicollie.so
5b44f85000-5b44f8a000 r-xp 00004000 /system/lib64/ndk/libohhicollie.so
5b44f8a000-5b44f8c000 r--p 00008000 /system/lib64/ndk/libohhicollie.so
5b44f8c000-5b44f8d000 rw-p 00009000 /system/lib64/ndk/libohhicollie.so
5b44fc0000-5b44fde000 r--p 00000000 /system/lib64/ndk/libohaudio.so
5b44fde000-5b45008000 r-xp 0001d000 /system/lib64/ndk/libohaudio.so
5b45008000-5b4500b000 r--p 00046000 /system/lib64/ndk/libohaudio.so
5b4500b000-5b4500c000 rw-p 00048000 /system/lib64/ndk/libohaudio.so
5b4500c000-5b4500d000 rw-p 00000000 [anon:libohaudio.so.bss]
5b45040000-5b45048000 r--p 00000000 /system/lib64/libnative_media_codecbase.so
5b45048000-5b4504f000 r-xp 00007000 /system/lib64/libnative_media_codecbase.so
5b4504f000-5b45050000 r--p 0000d000 /system/lib64/libnative_media_codecbase.so
5b45050000-5b45052000 rw-p 0000d000 /system/lib64/libnative_media_codecbase.so
5b45052000-5b45053000 rw-p 00000000 [anon:libnative_media_codecbase.so.bss]
5b45080000-5b4508e000 r--p 00000000 /system/lib64/libavplayer.so
5b4508e000-5b450aa000 r-xp 0000d000 /system/lib64/libavplayer.so
5b450aa000-5b450ac000 r--p 00028000 /system/lib64/libavplayer.so
5b450ac000-5b450ad000 rw-p 00029000 /system/lib64/libavplayer.so
5b450ad000-5b450ae000 rw-p 00000000 [anon:libavplayer.so.bss]
5b450c0000-5b450ce000 r--p 00000000 /system/lib64/libbundle_ndk.z.so
5b450ce000-5b450ea000 r-xp 0000d000 /system/lib64/libbundle_ndk.z.so
5b450ea000-5b450ec000 r--p 00028000 /system/lib64/libbundle_ndk.z.so
5b450ec000-5b450ed000 rw-p 00029000 /system/lib64/libbundle_ndk.z.so
5b45100000-5b45116000 r--p 00000000 /system/lib64/ndk/libnative_rdb_ndk.z.so
5b45116000-5b45143000 r-xp 00015000 /system/lib64/ndk/libnative_rdb_ndk.z.so
5b45143000-5b45146000 r--p 00041000 /system/lib64/ndk/libnative_rdb_ndk.z.so
5b45146000-5b45147000 rw-p 00043000 /system/lib64/ndk/libnative_rdb_ndk.z.so
5b45180000-5b4518a000 r--p 00000000 /system/lib64/platformsdk/libsecurity_component_client_enhance.z.so
5b4518a000-5b4519b000 r-xp 00009000 /system/lib64/platformsdk/libsecurity_component_client_enhance.z.so
5b4519b000-5b4519e000 r--p 00019000 /system/lib64/platformsdk/libsecurity_component_client_enhance.z.so
5b4519e000-5b4519f000 rw-p 0001b000 /system/lib64/platformsdk/libsecurity_component_client_enhance.z.so
5b4519f000-5b4529d000 r--p 00000000 /dev/binder
5b4529d000-5b4529f000 ---p 00000000 [anon:guard:55456]
5b4529f000-5b453a0000 rw-p 00000000 [anon:stack:55456]
5b453a0000-5b453a2000 ---p 00000000 [anon:guard:55457]
5b453a2000-5b454a3000 rw-p 00000000 [anon:stack:55457]
5b454a3000-5b454a5000 ---p 00000000 [anon:guard:55459]
5b454a5000-5b455a6000 rw-p 00000000 [anon:stack:55459]
5b455a6000-5b455a8000 ---p 00000000 [anon:guard:55463]
5b455a8000-5b456a9000 rw-p 00000000 [anon:stack:55463]
5b456a9000-5b456ab000 ---p 00000000 [anon:guard:55464]
5b456ab000-5b457ac000 rw-p 00000000 [anon:stack:55464]
5b457c0000-5b457c6000 r--p 00000000 /system/lib64/platformsdk/libcj_environment.z.so
5b457c6000-5b457cf000 r-xp 00005000 /system/lib64/platformsdk/libcj_environment.z.so
5b457cf000-5b457d1000 r--p 0000d000 /system/lib64/platformsdk/libcj_environment.z.so
5b457d1000-5b457d2000 rw-p 0000e000 /system/lib64/platformsdk/libcj_environment.z.so
5b457d2000-5b457d4000 ---p 00000000 [anon:guard:55471]
5b457d4000-5b458d5000 rw-p 00000000 [anon:stack:55471]
5b458d5000-5b458d7000 ---p 00000000 [anon:guard:55473]
5b458d7000-5b459d8000 rw-p 00000000 [anon:stack:55473]
5b459d8000-5b459da000 ---p 00000000 [anon:guard:55474]
5b459da000-5b45adb000 rw-p 00000000 [anon:stack:55474]
5b45adb000-5b45add000 ---p 00000000 [anon:guard:55475]
5b45add000-5b45bde000 rw-p 00000000 [anon:stack:55475]
5b45bde000-5b45be0000 ---p 00000000 [anon:guard:55476]
5b45be0000-5b45ce1000 rw-p 00000000 [anon:stack:55476]
5b45ce1000-5b45ce3000 ---p 00000000 [anon:guard:55477]
5b45ce3000-5b45de4000 rw-p 00000000 [anon:stack:55477]
5b45de4000-5b465e4000 rw-p 00000000 
5b465e4000-5b465e6000 ---p 00000000 [anon:guard:55480]
5b465e6000-5b466e7000 rw-p 00000000 [anon:stack:55480]
5b466e7000-5b466e9000 ---p 00000000 [anon:guard:55482]
5b466e9000-5b467ea000 rw-p 00000000 [anon:stack:55482]
5b46800000-5b4680e000 r--p 00000000 /system/lib64/libark_connect_inspector.z.so
5b4680e000-5b46823000 r-xp 0000d000 /system/lib64/libark_connect_inspector.z.so
5b46823000-5b46825000 r--p 00021000 /system/lib64/libark_connect_inspector.z.so
5b46825000-5b46826000 rw-p 00022000 /system/lib64/libark_connect_inspector.z.so
5b46840000-5b4684d000 r--p 00000000 /system/lib64/libark_inspector.z.so
5b4684d000-5b46863000 r-xp 0000c000 /system/lib64/libark_inspector.z.so
5b46863000-5b46865000 r--p 00021000 /system/lib64/libark_inspector.z.so
5b46865000-5b46866000 rw-p 00022000 /system/lib64/libark_inspector.z.so
5b46880000-5b46881000 r--p 00000000 /system/lib64/libarkhybridstep.so
5b46881000-5b46883000 r-xp 00000000 /system/lib64/libarkhybridstep.so
5b46883000-5b46884000 r--p 00001000 /system/lib64/libarkhybridstep.so
5b46884000-5b46885000 rw-p 00001000 /system/lib64/libarkhybridstep.so
5b468c0000-5b4690b000 r--p 00000000 /system/lib64/libark_tooling.so
5b4690b000-5b469c6000 r-xp 0004a000 /system/lib64/libark_tooling.so
5b469c6000-5b469cd000 r--p 00104000 /system/lib64/libark_tooling.so
5b469cd000-5b469ce000 rw-p 0010a000 /system/lib64/libark_tooling.so
5b469ce000-5b469cf000 rw-p 00000000 [anon:libark_tooling.so.bss]
5b469cf000-5b469d1000 ---p 00000000 [anon:guard:55488]
5b469d1000-5b46ad2000 rw-p 00000000 [anon:stack:55488]
5b46ad2000-5b46ad4000 ---p 00000000 [anon:guard:55491]
5b46ad4000-5b46bd5000 rw-p 00000000 [anon:stack:55491]
5b46c00000-5b46c02000 r--p 00000000 /system/lib64/liblayered_parameters_manager.z.so
5b46c02000-5b46c05000 r-xp 00001000 /system/lib64/liblayered_parameters_manager.z.so
5b46c05000-5b46c06000 r--p 00003000 /system/lib64/liblayered_parameters_manager.z.so
5b46c06000-5b46c07000 rw-p 00003000 /system/lib64/liblayered_parameters_manager.z.so
5b46c07000-5b46c09000 ---p 00000000 [anon:guard:55492]
5b46c09000-5b46d0a000 rw-p 00000000 [anon:stack:55492]
5b46d40000-5b46d43000 r--p 00000000 /system/lib64/nativestartuptask/librdo_ld.so
5b46d43000-5b46d46000 r-xp 00002000 /system/lib64/nativestartuptask/librdo_ld.so
5b46d46000-5b46d47000 r--p 00004000 /system/lib64/nativestartuptask/librdo_ld.so
5b46d47000-5b46d48000 rw-p 00004000 /system/lib64/nativestartuptask/librdo_ld.so
5b46d48000-5b46d4b000 rw-p 00000000 [anon:librdo_ld.so.bss]
5b46d80000-5b46d98000 r--p 00000000 /data/storage/el1/bundle/libs/arm64/librnoh_datetime_picker.so
5b46d98000-5b46daa000 r-xp 00017000 /data/storage/el1/bundle/libs/arm64/librnoh_datetime_picker.so
5b46daa000-5b46dac000 r--p 00028000 /data/storage/el1/bundle/libs/arm64/librnoh_datetime_picker.so
5b46dac000-5b46dad000 rw-p 00029000 /data/storage/el1/bundle/libs/arm64/librnoh_datetime_picker.so
5b46e00000-5b46e01000 ---p 00000000 [anon:native_heap:jemalloc meta]
5b46e01000-5b47000000 rw-p 00000000 [anon:native_heap:jemalloc meta]
5b47000000-5b47001000 ---p 00000000 [anon:native_heap:jemalloc meta]
5b47001000-5b47e01000 rw-p 00000000 [anon:native_heap:jemalloc]
5b47e01000-5b47f4d000 rw-p 00000000 [anon:ArkTS MethodLiteral]
5b47f4d000-5b48f4d000 rw-p 00000000 [anon:native_heap:jemalloc]
5b48f80000-5b48f8b000 r--p 00000000 /system/lib64/module/libpromptaction.z.so
5b48f8b000-5b48fc1000 r-xp 0000a000 /system/lib64/module/libpromptaction.z.so
5b48fc1000-5b48fc3000 r--p 0003f000 /system/lib64/module/libpromptaction.z.so
5b48fc3000-5b48fc7000 rw-p 00040000 /system/lib64/module/libpromptaction.z.so
5b49000000-5b4903f000 r--p 00000000 /data/storage/el1/bundle/libs/arm64/librnoh_blur.so
5b4903f000-5b49070000 r-xp 0003e000 /data/storage/el1/bundle/libs/arm64/librnoh_blur.so
5b49070000-5b49073000 r--p 0006e000 /data/storage/el1/bundle/libs/arm64/librnoh_blur.so
5b49073000-5b49074000 rw-p 00070000 /data/storage/el1/bundle/libs/arm64/librnoh_blur.so
5b49074000-5b49075000 rw-p 00000000 [anon:librnoh_blur.so.bss]
5b49080000-5b49135000 r--p 00000000 /data/storage/el1/bundle/libs/arm64/librnoh_nmplaylist.so
5b49135000-5b49206000 r-xp 000b4000 /data/storage/el1/bundle/libs/arm64/librnoh_nmplaylist.so
5b49206000-5b4920c000 r--p 00184000 /data/storage/el1/bundle/libs/arm64/librnoh_nmplaylist.so
5b4920c000-5b4920d000 rw-p 00189000 /data/storage/el1/bundle/libs/arm64/librnoh_nmplaylist.so
5b49240000-5b4927c000 r--p 00000000 /data/storage/el1/bundle/libs/arm64/libhermestooling.so
5b4927c000-5b492b5000 r-xp 0003b000 /data/storage/el1/bundle/libs/arm64/libhermestooling.so
5b492b5000-5b492b9000 r--p 00073000 /data/storage/el1/bundle/libs/arm64/libhermestooling.so
5b492b9000-5b492ba000 rw-p 00076000 /data/storage/el1/bundle/libs/arm64/libhermestooling.so
5b492c0000-5b4933e000 r--p 00000000 /data/storage/el1/bundle/libs/arm64/libdatareport.so
5b4933e000-5b493ce000 r-xp 0007d000 /data/storage/el1/bundle/libs/arm64/libdatareport.so
5b493ce000-5b493d2000 r--p 0010c000 /data/storage/el1/bundle/libs/arm64/libdatareport.so
5b493d2000-5b493d4000 rw-p 0010f000 /data/storage/el1/bundle/libs/arm64/libdatareport.so
5b49400000-5b49475000 r--p 00000000 /data/storage/el1/bundle/libs/arm64/libnetwork.so
5b49475000-5b49557000 r-xp 00074000 /data/storage/el1/bundle/libs/arm64/libnetwork.so
5b49557000-5b4955b000 r--p 00155000 /data/storage/el1/bundle/libs/arm64/libnetwork.so
5b4955b000-5b4955c000 rw-p 00158000 /data/storage/el1/bundle/libs/arm64/libnetwork.so
5b4955c000-5b4955d000 rw-p 00000000 [anon:libnetwork.so.bss]
5b49580000-5b495b5000 r--p 00000000 /data/storage/el1/bundle/libs/arm64/libnmplaylist.so
5b495b5000-5b49646000 r-xp 00034000 /data/storage/el1/bundle/libs/arm64/libnmplaylist.so
5b49646000-5b49649000 r--p 000c4000 /data/storage/el1/bundle/libs/arm64/libnmplaylist.so
5b49649000-5b4964d000 rw-p 000c6000 /data/storage/el1/bundle/libs/arm64/libnmplaylist.so
5b4964d000-5b4964e000 rw-p 00000000 [anon:libnmplaylist.so.bss]
5b49680000-5b496c4000 r--p 00000000 /data/storage/el1/bundle/libs/arm64/librnoh_neaudioeffect_core.so
5b496c4000-5b4970e000 r-xp 00043000 /data/storage/el1/bundle/libs/arm64/librnoh_neaudioeffect_core.so
5b4970e000-5b49712000 r--p 0008c000 /data/storage/el1/bundle/libs/arm64/librnoh_neaudioeffect_core.so
5b49712000-5b49713000 rw-p 0008f000 /data/storage/el1/bundle/libs/arm64/librnoh_neaudioeffect_core.so
5b49740000-5b49784000 r--p 00000000 /data/storage/el1/bundle/libs/arm64/librnoh_webview.so
5b49784000-5b497cc000 r-xp 00043000 /data/storage/el1/bundle/libs/arm64/librnoh_webview.so
5b497cc000-5b497ce000 r--p 0008a000 /data/storage/el1/bundle/libs/arm64/librnoh_webview.so
5b497ce000-5b497cf000 rw-p 0008b000 /data/storage/el1/bundle/libs/arm64/librnoh_webview.so
5b49800000-5b4984c000 r--p 00000000 /system/lib64/libace_ndk.z.so
5b4984c000-5b4990e000 r-xp 0004b000 /system/lib64/libace_ndk.z.so
5b4990e000-5b49914000 r--p 0010c000 /system/lib64/libace_ndk.z.so
5b49914000-5b49916000 rw-p 00111000 /system/lib64/libace_ndk.z.so
5b49916000-5b49917000 rw-p 00000000 [anon:libace_ndk.z.so.bss]
5b49940000-5b499a4000 r--p 00000000 /data/storage/el1/bundle/libs/arm64/libneaudioeffect_core.so
5b499a4000-5b49a3c000 r-xp 00063000 /data/storage/el1/bundle/libs/arm64/libneaudioeffect_core.so
5b49a3c000-5b49a42000 r--p 000fa000 /data/storage/el1/bundle/libs/arm64/libneaudioeffect_core.so
5b49a42000-5b49a43000 rw-p 000ff000 /data/storage/el1/bundle/libs/arm64/libneaudioeffect_core.so
5b49a43000-5b49a44000 rw-p 00000000 [anon:libneaudioeffect_core.so.bss]
5b49a80000-5b49ded000 r--p 00000000 /data/storage/el1/bundle/libs/arm64/librnoh_app.so
5b49ded000-5b4a14b000 r-xp 0036c000 /data/storage/el1/bundle/libs/arm64/librnoh_app.so
5b4a14b000-5b4a16c000 r--p 006c9000 /data/storage/el1/bundle/libs/arm64/librnoh_app.so
5b4a16c000-5b4a16d000 rw-p 006e9000 /data/storage/el1/bundle/libs/arm64/librnoh_app.so
5b4a16d000-5b4a16e000 rw-p 00000000 [anon:librnoh_app.so.bss]
5b4a180000-5b4a207000 r--p 00000000 /data/storage/el1/bundle/libs/arm64/libMNN.so
5b4a207000-5b4a3f6000 r-xp 00086000 /data/storage/el1/bundle/libs/arm64/libMNN.so
5b4a3f6000-5b4a406000 r--p 00274000 /data/storage/el1/bundle/libs/arm64/libMNN.so
5b4a406000-5b4a408000 rw-p 00283000 /data/storage/el1/bundle/libs/arm64/libMNN.so
5b4a408000-5b4a40a000 rw-p 00000000 [anon:libMNN.so.bss]
5b4a440000-5b4a451000 r--p 00000000 /system/lib64/ndk/librcp_c.so
5b4a451000-5b4a467000 r-xp 00010000 /system/lib64/ndk/librcp_c.so
5b4a467000-5b4a469000 r--p 00025000 /system/lib64/ndk/librcp_c.so
5b4a469000-5b4a46a000 rw-p 00026000 /system/lib64/ndk/librcp_c.so
5b4a46a000-5b4a46b000 rw-p 00000000 [anon:librcp_c.so.bss]
5b4a480000-5b4a48b000 r--p 00000000 /data/storage/el1/bundle/libs/arm64/librnoh_clipboard.so
5b4a48b000-5b4a497000 r-xp 0000a000 /data/storage/el1/bundle/libs/arm64/librnoh_clipboard.so
5b4a497000-5b4a498000 r--p 00015000 /data/storage/el1/bundle/libs/arm64/librnoh_clipboard.so
5b4a498000-5b4a499000 rw-p 00015000 /data/storage/el1/bundle/libs/arm64/librnoh_clipboard.so
5b4a4c0000-5b4a4d3000 r--p 00000000 /data/storage/el1/bundle/libs/arm64/librnoh_lottie.so
5b4a4d3000-5b4a4e0000 r-xp 00012000 /data/storage/el1/bundle/libs/arm64/librnoh_lottie.so
5b4a4e0000-5b4a4e2000 r--p 0001e000 /data/storage/el1/bundle/libs/arm64/librnoh_lottie.so
5b4a4e2000-5b4a4e3000 rw-p 0001f000 /data/storage/el1/bundle/libs/arm64/librnoh_lottie.so
5b4a500000-5b4a540000 r--p 00000000 /data/storage/el1/bundle/libs/arm64/librnoh_flash_list.so
5b4a540000-5b4a576000 r-xp 0003f000 /data/storage/el1/bundle/libs/arm64/librnoh_flash_list.so
5b4a576000-5b4a57a000 r--p 00074000 /data/storage/el1/bundle/libs/arm64/librnoh_flash_list.so
5b4a57a000-5b4a57b000 rw-p 00077000 /data/storage/el1/bundle/libs/arm64/librnoh_flash_list.so
5b4a5c0000-5b4a789000 r--p 00000000 /system/framework/etsstdlib_bootabc.abc
5b4a789000-5b4ad65000 r--p 00000000 /system/framework/arkoala.abc
5b4ad65000-5b4af9c000 r--p 00000000 /system/framework/assembled_advanced_ets_abc.abc
5b4af9c000-5b4afdf000 r--p 00000000 /system/framework/avsession_taihe_abc.abc
5b4afdf000-5b4b06a000 r--p 00000000 /system/framework/camera_framework_taihe_abc.abc
5b4b06a000-5b4b0aa000 r--p 00000000 /system/framework/ets2abc_commonsdk_api.abc
5b4b0aa000-5b4b0f6000 r--p 00000000 /system/framework/photo_access_helper.abc
5b4b0f6000-5b4b149000 r--p 00000000 /system/framework/window_stage_ani.abc
5b4b180000-5b4b192000 r--p 00000000 /system/lib64/libarkts_frontend.z.so
5b4b192000-5b4b1bd000 r-xp 00011000 /system/lib64/libarkts_frontend.z.so
5b4b1bd000-5b4b1c2000 r--p 0003b000 /system/lib64/libarkts_frontend.z.so
5b4b1c2000-5b4b1c3000 rw-p 0003f000 /system/lib64/libarkts_frontend.z.so
5b4b200000-5b4b33f000 r--p 00000000 /system/lib64/libArkoalaNative_ark.z.so
5b4b33f000-5b4b621000 r-xp 0013e000 /system/lib64/libArkoalaNative_ark.z.so
5b4b621000-5b4b632000 r--p 0041f000 /system/lib64/libArkoalaNative_ark.z.so
5b4b632000-5b4b633000 rw-p 0042f000 /system/lib64/libArkoalaNative_ark.z.so
5b4b640000-5b4b641000 r--p 00000000 /system/lib64/ndk/libhilog_ndk.z.so
5b4b641000-5b4b644000 r-xp 00000000 /system/lib64/ndk/libhilog_ndk.z.so
5b4b644000-5b4b645000 r--p 00002000 /system/lib64/ndk/libhilog_ndk.z.so
5b4b645000-5b4b646000 rw-p 00002000 /system/lib64/ndk/libhilog_ndk.z.so
5b4b680000-5b4b6b7000 r--p 00000000 /system/lib64/libdrawing_ani.so
5b4b6b7000-5b4b712000 r-xp 00036000 /system/lib64/libdrawing_ani.so
5b4b712000-5b4b717000 r--p 00090000 /system/lib64/libdrawing_ani.so
5b4b717000-5b4b718000 rw-p 00094000 /system/lib64/libdrawing_ani.so
5b4b718000-5b4b719000 rw-p 00000000 [anon:libdrawing_ani.so.bss]
5b4b740000-5b4b760000 r--p 00000000 /system/lib64/libimage_taihe.z.so
5b4b760000-5b4b7e6000 r-xp 0001f000 /system/lib64/libimage_taihe.z.so
5b4b7e6000-5b4b7eb000 r--p 000a4000 /system/lib64/libimage_taihe.z.so
5b4b7eb000-5b4b7ec000 rw-p 000a8000 /system/lib64/libimage_taihe.z.so
5b4b7ec000-5b4b7f1000 rw-p 00000000 [anon:libimage_taihe.z.so.bss]
5b4b800000-5b4b803000 r--p 00000000 /system/lib64/libani_color_space_object_convertor.so
5b4b803000-5b4b80a000 r-xp 00002000 /system/lib64/libani_color_space_object_convertor.so
5b4b80a000-5b4b80b000 r--p 00008000 /system/lib64/libani_color_space_object_convertor.so
5b4b80b000-5b4b80c000 rw-p 00008000 /system/lib64/libani_color_space_object_convertor.so
5b4b840000-5b4b859000 r--p 00000000 /system/lib64/libarkoala_native_ani.so
5b4b859000-5b4b89b000 r-xp 00018000 /system/lib64/libarkoala_native_ani.so
5b4b89b000-5b4b89f000 r--p 00059000 /system/lib64/libarkoala_native_ani.so
5b4b89f000-5b4b8a0000 rw-p 0005c000 /system/lib64/libarkoala_native_ani.so
5b4b8a0000-5b4b8a1000 rw-p 00000000 [anon:libarkoala_native_ani.so.bss]
5b4b8c0000-5b4b8c1000 r--p 00000000 /system/lib64/platformsdk/libani_base_context.z.so
5b4b8c1000-5b4b8c4000 r-xp 00000000 /system/lib64/platformsdk/libani_base_context.z.so
5b4b8c4000-5b4b8c5000 r--p 00002000 /system/lib64/platformsdk/libani_base_context.z.so
5b4b8c5000-5b4b8c6000 rw-p 00002000 /system/lib64/platformsdk/libani_base_context.z.so
5b4b900000-5b4b9cd000 r--p 00000000 /system/lib64/libudmf_taihe_native.z.so
5b4b9cd000-5b4bb1c000 r-xp 000cc000 /system/lib64/libudmf_taihe_native.z.so
5b4bb1c000-5b4bb29000 r--p 0021a000 /system/lib64/libudmf_taihe_native.z.so
5b4bb29000-5b4bb2a000 rw-p 00226000 /system/lib64/libudmf_taihe_native.z.so
5b4bb2a000-5b4bb36000 rw-p 00000000 [anon:libudmf_taihe_native.z.so.bss]
5b4bb40000-5b4bb44000 r--p 00000000 /system/lib64/librpc_ani.so
5b4bb44000-5b4bb47000 r-xp 00003000 /system/lib64/librpc_ani.so
5b4bb47000-5b4bb49000 r--p 00005000 /system/lib64/librpc_ani.so
5b4bb49000-5b4bb4a000 rw-p 00006000 /system/lib64/librpc_ani.so
5b4bb80000-5b4bb85000 r--p 00000000 /system/lib64/libcaller_complex_ani.so
5b4bb85000-5b4bb8c000 r-xp 00004000 /system/lib64/libcaller_complex_ani.so
5b4bb8c000-5b4bb8e000 r--p 0000a000 /system/lib64/libcaller_complex_ani.so
5b4bb8e000-5b4bb8f000 rw-p 0000b000 /system/lib64/libcaller_complex_ani.so
5b4bbc0000-5b4bbf5000 r--p 00000000 /system/lib64/platformsdk/libui_ability_ani.z.so
5b4bbf5000-5b4bc34000 r-xp 00034000 /system/lib64/platformsdk/libui_ability_ani.z.so
5b4bc34000-5b4bc39000 r--p 00072000 /system/lib64/platformsdk/libui_ability_ani.z.so
5b4bc39000-5b4bc3a000 rw-p 00076000 /system/lib64/platformsdk/libui_ability_ani.z.so
5b4bc3a000-5b4bc3b000 rw-p 00000000 [anon:libui_ability_ani.z.so.bss]
5b4bc40000-5b4bc45000 r--p 00000000 /system/lib64/libui_service_extension_connection_ani.z.so
5b4bc45000-5b4bc4a000 r-xp 00004000 /system/lib64/libui_service_extension_connection_ani.z.so
5b4bc4a000-5b4bc4b000 r--p 00008000 /system/lib64/libui_service_extension_connection_ani.z.so
5b4bc4b000-5b4bc4d000 rw-p 00008000 /system/lib64/libui_service_extension_connection_ani.z.so
5b4bc80000-5b4bc82000 r--p 00000000 /system/lib64/platformsdk/libani_ui_extension_callback.z.so
5b4bc82000-5b4bc86000 r-xp 00001000 /system/lib64/platformsdk/libani_ui_extension_callback.z.so
5b4bc86000-5b4bc87000 r--p 00004000 /system/lib64/platformsdk/libani_ui_extension_callback.z.so
5b4bc87000-5b4bc88000 rw-p 00004000 /system/lib64/platformsdk/libani_ui_extension_callback.z.so
5b4bcc0000-5b4bcc2000 r--p 00000000 /system/lib64/platformsdk/libdialog_request_info_ani_kit.z.so
5b4bcc2000-5b4bcc5000 r-xp 00001000 /system/lib64/platformsdk/libdialog_request_info_ani_kit.z.so
5b4bcc5000-5b4bcc6000 r--p 00003000 /system/lib64/platformsdk/libdialog_request_info_ani_kit.z.so
5b4bcc6000-5b4bcc7000 rw-p 00003000 /system/lib64/platformsdk/libdialog_request_info_ani_kit.z.so
5b4bd00000-5b4bd57000 r--p 00000000 /system/lib64/platformsdk/libwindowstageani_kit.z.so
5b4bd57000-5b4bdf9000 r-xp 00056000 /system/lib64/platformsdk/libwindowstageani_kit.z.so
5b4bdf9000-5b4be02000 r--p 000f7000 /system/lib64/platformsdk/libwindowstageani_kit.z.so
5b4be02000-5b4be03000 rw-p 000ff000 /system/lib64/platformsdk/libwindowstageani_kit.z.so
5b4be03000-5b4be04000 rw-p 00000000 [anon:libwindowstageani_kit.z.so.bss]
5b4be40000-5b4be41000 r--p 00000000 /system/lib64/platformsdk/libnapi_base_context.z.so
5b4be41000-5b4be42000 r-xp 00000000 /system/lib64/platformsdk/libnapi_base_context.z.so
5b4be42000-5b4be43000 r--p 00000000 /system/lib64/platformsdk/libnapi_base_context.z.so
5b4be43000-5b4be44000 rw-p 00000000 /system/lib64/platformsdk/libnapi_base_context.z.so
5b4be44000-5b4be45000 rw-p 00000000 [anon:libnapi_base_context.z.so.bss]
5b4be80000-5b4be93000 r--p 00000000 /system/lib64/platformsdk/libability_stage_ani.z.so
5b4be93000-5b4bea4000 r-xp 00012000 /system/lib64/platformsdk/libability_stage_ani.z.so
5b4bea4000-5b4bea6000 r--p 00022000 /system/lib64/platformsdk/libability_stage_ani.z.so
5b4bea6000-5b4bea7000 rw-p 00023000 /system/lib64/platformsdk/libability_stage_ani.z.so
5b4bec0000-5b4bed3000 r--p 00000000 /system/lib64/module/ability/libfeatureability.z.so
5b4bed3000-5b4beee000 r-xp 00012000 /system/lib64/module/ability/libfeatureability.z.so
5b4beee000-5b4bef2000 r--p 0002c000 /system/lib64/module/ability/libfeatureability.z.so
5b4bef2000-5b4bef3000 rw-p 0002f000 /system/lib64/module/ability/libfeatureability.z.so
5b4bef3000-5b4bef4000 rw-p 00000000 [anon:libfeatureability.z.so.bss]
5b4bf00000-5b4bf26000 r--p 00000000 /system/lib64/platformsdk/libnapi_ability_common.z.so
5b4bf26000-5b4bf54000 r-xp 00025000 /system/lib64/platformsdk/libnapi_ability_common.z.so
5b4bf54000-5b4bf58000 r--p 00052000 /system/lib64/platformsdk/libnapi_ability_common.z.so
5b4bf58000-5b4bf59000 rw-p 00055000 /system/lib64/platformsdk/libnapi_ability_common.z.so
5b4bf59000-5b4bf5a000 rw-p 00000000 [anon:libnapi_ability_common.z.so.bss]
5b4bf80000-5b4bf94000 r--p 00000000 /system/lib64/platformsdk/libaccount_iam_innerkits.z.so
5b4bf94000-5b4bfac000 r-xp 00013000 /system/lib64/platformsdk/libaccount_iam_innerkits.z.so
5b4bfac000-5b4bfb7000 r--p 0002a000 /system/lib64/platformsdk/libaccount_iam_innerkits.z.so
5b4bfb7000-5b4bfb8000 rw-p 00034000 /system/lib64/platformsdk/libaccount_iam_innerkits.z.so
5b4bfb8000-5b4bfb9000 rw-p 00000000 [anon:libaccount_iam_innerkits.z.so.bss]
5b4bfc0000-5b4bfcc000 r--p 00000000 /system/lib64/platformsdk/libpinauth_framework.z.so
5b4bfcc000-5b4bff0000 r-xp 0000b000 /system/lib64/platformsdk/libpinauth_framework.z.so
5b4bff0000-5b4bff4000 r--p 0002e000 /system/lib64/platformsdk/libpinauth_framework.z.so
5b4bff4000-5b4bff5000 rw-p 00031000 /system/lib64/platformsdk/libpinauth_framework.z.so
5b4c000000-5b4c006000 r--p 00000000 /system/lib64/platformsdk/libaccount_napi_common.z.so
5b4c006000-5b4c00e000 r-xp 00005000 /system/lib64/platformsdk/libaccount_napi_common.z.so
5b4c00e000-5b4c010000 r--p 0000c000 /system/lib64/platformsdk/libaccount_napi_common.z.so
5b4c010000-5b4c011000 rw-p 0000d000 /system/lib64/platformsdk/libaccount_napi_common.z.so
5b4c040000-5b4c04d000 r--p 00000000 /system/lib64/module/account/libosaccount.z.so
5b4c04d000-5b4c066000 r-xp 0000c000 /system/lib64/module/account/libosaccount.z.so
5b4c066000-5b4c068000 r--p 00024000 /system/lib64/module/account/libosaccount.z.so
5b4c068000-5b4c06a000 rw-p 00025000 /system/lib64/module/account/libosaccount.z.so
5b4c080000-5b4c08a000 r--p 00000000 /system/lib64/platformsdk/libauthorization_innerkits.z.so
5b4c08a000-5b4c094000 r-xp 00009000 /system/lib64/platformsdk/libauthorization_innerkits.z.so
5b4c094000-5b4c09a000 r--p 00012000 /system/lib64/platformsdk/libauthorization_innerkits.z.so
5b4c09a000-5b4c09b000 rw-p 00017000 /system/lib64/platformsdk/libauthorization_innerkits.z.so
5b4c0c0000-5b4c0dc000 r--p 00000000 /system/lib64/platformsdk/libuserauth_client.z.so
5b4c0dc000-5b4c121000 r-xp 0001b000 /system/lib64/platformsdk/libuserauth_client.z.so
5b4c121000-5b4c131000 r--p 0005f000 /system/lib64/platformsdk/libuserauth_client.z.so
5b4c131000-5b4c132000 rw-p 0006e000 /system/lib64/platformsdk/libuserauth_client.z.so
5b4c140000-5b4c149000 r--p 00000000 /system/lib64/platformsdk/libdomain_account_napi.z.so
5b4c149000-5b4c15b000 r-xp 00008000 /system/lib64/platformsdk/libdomain_account_napi.z.so
5b4c15b000-5b4c15e000 r--p 00019000 /system/lib64/platformsdk/libdomain_account_napi.z.so
5b4c15e000-5b4c15f000 rw-p 0001b000 /system/lib64/platformsdk/libdomain_account_napi.z.so
5b4c180000-5b4c194000 r--p 00000000 /system/lib64/platformsdk/libaccount_iam_napi.z.so
5b4c194000-5b4c1b2000 r-xp 00013000 /system/lib64/platformsdk/libaccount_iam_napi.z.so
5b4c1b2000-5b4c1b4000 r--p 00030000 /system/lib64/platformsdk/libaccount_iam_napi.z.so
5b4c1b4000-5b4c1b5000 rw-p 00031000 /system/lib64/platformsdk/libaccount_iam_napi.z.so
5b4c1b5000-5b4c1b6000 rw-p 00000000 [anon:libaccount_iam_napi.z.so.bss]
5b4c1c0000-5b4c1c6000 r--p 00000000 /system/lib64/platformsdk/libauthorization_napi.z.so
5b4c1c6000-5b4c1cf000 r-xp 00005000 /system/lib64/platformsdk/libauthorization_napi.z.so
5b4c1cf000-5b4c1d1000 r--p 0000d000 /system/lib64/platformsdk/libauthorization_napi.z.so
5b4c1d1000-5b4c1d2000 rw-p 0000e000 /system/lib64/platformsdk/libauthorization_napi.z.so
5b4c200000-5b4c207000 r--p 00000000 /system/lib64/module/libanimator.z.so
5b4c207000-5b4c21f000 r-xp 00006000 /system/lib64/module/libanimator.z.so
5b4c21f000-5b4c222000 r--p 0001d000 /system/lib64/module/libanimator.z.so
5b4c222000-5b4c223000 rw-p 0001f000 /system/lib64/module/libanimator.z.so
5b4c240000-5b4c241000 r--p 00000000 /system/lib64/module/app/ability/libabilitystage.z.so
5b4c241000-5b4c242000 r-xp 00000000 /system/lib64/module/app/ability/libabilitystage.z.so
5b4c242000-5b4c243000 r--p 00000000 /system/lib64/module/app/ability/libabilitystage.z.so
5b4c243000-5b4c245000 rw-p 00000000 /system/lib64/module/app/ability/libabilitystage.z.so
5b4c280000-5b4c282000 r--p 00000000 /system/lib64/module/libhilog.z.so
5b4c282000-5b4c286000 r-xp 00001000 /system/lib64/module/libhilog.z.so
5b4c286000-5b4c288000 r--p 00004000 /system/lib64/module/libhilog.z.so
5b4c288000-5b4c289000 rw-p 00005000 /system/lib64/module/libhilog.z.so
5b4c2c0000-5b4c2c1000 r--p 00000000 /system/lib64/module/app/ability/libconfigurationconstant.z.so
5b4c2c1000-5b4c2c3000 r-xp 00000000 /system/lib64/module/app/ability/libconfigurationconstant.z.so
5b4c2c3000-5b4c2c4000 r--p 00001000 /system/lib64/module/app/ability/libconfigurationconstant.z.so
5b4c2c4000-5b4c2c5000 rw-p 00001000 /system/lib64/module/app/ability/libconfigurationconstant.z.so
5b4c300000-5b4c301000 r--p 00000000 /system/lib64/module/app/ability/libextensionability_napi.z.so
5b4c301000-5b4c302000 r-xp 00000000 /system/lib64/module/app/ability/libextensionability_napi.z.so
5b4c302000-5b4c303000 r--p 00000000 /system/lib64/module/app/ability/libextensionability_napi.z.so
5b4c303000-5b4c305000 rw-p 00000000 /system/lib64/module/app/ability/libextensionability_napi.z.so
5b4c340000-5b4c341000 r--p 00000000 /system/lib64/module/app/ability/libuiability.z.so
5b4c341000-5b4c342000 r-xp 00000000 /system/lib64/module/app/ability/libuiability.z.so
5b4c342000-5b4c343000 r--p 00000000 /system/lib64/module/app/ability/libuiability.z.so
5b4c343000-5b4c346000 rw-p 00000000 /system/lib64/module/app/ability/libuiability.z.so
5b4c380000-5b4c381000 r--p 00000000 /system/lib64/module/application/libcallee_napi.z.so
5b4c381000-5b4c382000 r-xp 00000000 /system/lib64/module/application/libcallee_napi.z.so
5b4c382000-5b4c383000 r--p 00000000 /system/lib64/module/application/libcallee_napi.z.so
5b4c383000-5b4c388000 rw-p 00000000 /system/lib64/module/application/libcallee_napi.z.so
5b4c3c0000-5b4c3c5000 r--p 00000000 /system/lib64/module/librpc.z.so
5b4c3c5000-5b4c3cf000 r-xp 00004000 /system/lib64/module/librpc.z.so
5b4c3cf000-5b4c3d0000 r--p 0000d000 /system/lib64/module/librpc.z.so
5b4c3d0000-5b4c3d1000 rw-p 0000d000 /system/lib64/module/librpc.z.so
5b4c400000-5b4c40b000 r--p 00000000 /system/lib64/module/libabilityaccessctrl.z.so
5b4c40b000-5b4c438000 r-xp 0000a000 /system/lib64/module/libabilityaccessctrl.z.so
5b4c438000-5b4c43d000 r--p 00036000 /system/lib64/module/libabilityaccessctrl.z.so
5b4c43d000-5b4c43e000 rw-p 0003a000 /system/lib64/module/libabilityaccessctrl.z.so
5b4c440000-5b4c442000 r--p 00000000 /system/lib64/module/app/ability/libabilityconstant.z.so
5b4c442000-5b4c444000 r-xp 00001000 /system/lib64/module/app/ability/libabilityconstant.z.so
5b4c444000-5b4c445000 r--p 00002000 /system/lib64/module/app/ability/libabilityconstant.z.so
5b4c445000-5b4c446000 rw-p 00002000 /system/lib64/module/app/ability/libabilityconstant.z.so
5b4c480000-5b4c481000 r--p 00000000 /system/lib64/module/app/ability/libuiextensionability_napi.z.so
5b4c481000-5b4c482000 r-xp 00000000 /system/lib64/module/app/ability/libuiextensionability_napi.z.so
5b4c482000-5b4c483000 r--p 00000000 /system/lib64/module/app/ability/libuiextensionability_napi.z.so
5b4c483000-5b4c485000 rw-p 00000000 /system/lib64/module/app/ability/libuiextensionability_napi.z.so
5b4c4c0000-5b4c4c1000 r--p 00000000 /system/lib64/module/app/ability/libcontextconstant_napi.z.so
5b4c4c1000-5b4c4c3000 r-xp 00000000 /system/lib64/module/app/ability/libcontextconstant_napi.z.so
5b4c4c3000-5b4c4c4000 r--p 00001000 /system/lib64/module/app/ability/libcontextconstant_napi.z.so
5b4c4c4000-5b4c4c5000 rw-p 00001000 /system/lib64/module/app/ability/libcontextconstant_napi.z.so
5b4c500000-5b4c501000 r--p 00000000 /system/lib64/module/application/libability_napi.z.so
5b4c501000-5b4c502000 r-xp 00000000 /system/lib64/module/application/libability_napi.z.so
5b4c502000-5b4c503000 r--p 00000000 /system/lib64/module/application/libability_napi.z.so
5b4c503000-5b4c506000 rw-p 00000000 /system/lib64/module/application/libability_napi.z.so
5b4c540000-5b4c541000 r--p 00000000 /system/lib64/module/application/libabilitycontext_napi.z.so
5b4c541000-5b4c542000 r-xp 00000000 /system/lib64/module/application/libabilitycontext_napi.z.so
5b4c542000-5b4c543000 r--p 00000000 /system/lib64/module/application/libabilitycontext_napi.z.so
5b4c543000-5b4c549000 rw-p 00000000 /system/lib64/module/application/libabilitycontext_napi.z.so
5b4c580000-5b4c581000 r--p 00000000 /system/lib64/module/application/libcontext_napi.z.so
5b4c581000-5b4c582000 r-xp 00000000 /system/lib64/module/application/libcontext_napi.z.so
5b4c582000-5b4c583000 r--p 00000000 /system/lib64/module/application/libcontext_napi.z.so
5b4c583000-5b4c589000 rw-p 00000000 /system/lib64/module/application/libcontext_napi.z.so
5b4c5c0000-5b4c5c1000 r--p 00000000 /system/lib64/module/application/libcaller_napi.z.so
5b4c5c1000-5b4c5c2000 r-xp 00000000 /system/lib64/module/application/libcaller_napi.z.so
5b4c5c2000-5b4c5c3000 r--p 00000000 /system/lib64/module/application/libcaller_napi.z.so
5b4c5c3000-5b4c5c9000 rw-p 00000000 /system/lib64/module/application/libcaller_napi.z.so
5b4c600000-5b4c601000 r--p 00000000 /system/lib64/module/application/libabilitystage_napi.z.so
5b4c601000-5b4c602000 r-xp 00000000 /system/lib64/module/application/libabilitystage_napi.z.so
5b4c602000-5b4c603000 r--p 00000000 /system/lib64/module/application/libabilitystage_napi.z.so
5b4c603000-5b4c605000 rw-p 00000000 /system/lib64/module/application/libabilitystage_napi.z.so
5b4c640000-5b4c641000 r--p 00000000 /system/lib64/module/application/libabilitystagecontext_napi.z.so
5b4c641000-5b4c642000 r-xp 00000000 /system/lib64/module/application/libabilitystagecontext_napi.z.so
5b4c642000-5b4c643000 r--p 00000000 /system/lib64/module/application/libabilitystagecontext_napi.z.so
5b4c643000-5b4c645000 rw-p 00000000 /system/lib64/module/application/libabilitystagecontext_napi.z.so
5b4c680000-5b4c681000 r--p 00000000 /system/lib64/module/application/libapplicationcontext_napi.z.so
5b4c681000-5b4c682000 r-xp 00000000 /system/lib64/module/application/libapplicationcontext_napi.z.so
5b4c682000-5b4c683000 r--p 00000000 /system/lib64/module/application/libapplicationcontext_napi.z.so
5b4c683000-5b4c68a000 rw-p 00000000 /system/lib64/module/application/libapplicationcontext_napi.z.so
5b4c6c0000-5b4c6c1000 r--p 00000000 /system/lib64/module/application/libextensioncontext_napi.z.so
5b4c6c1000-5b4c6c2000 r-xp 00000000 /system/lib64/module/application/libextensioncontext_napi.z.so
5b4c6c2000-5b4c6c3000 r--p 00000000 /system/lib64/module/application/libextensioncontext_napi.z.so
5b4c6c3000-5b4c6c5000 rw-p 00000000 /system/lib64/module/application/libextensioncontext_napi.z.so
5b4c700000-5b4c701000 r--p 00000000 /system/lib64/module/application/libserviceextensionability_napi.z.so
5b4c701000-5b4c702000 r-xp 00000000 /system/lib64/module/application/libserviceextensionability_napi.z.so
5b4c702000-5b4c703000 r--p 00000000 /system/lib64/module/application/libserviceextensionability_napi.z.so
5b4c703000-5b4c705000 rw-p 00000000 /system/lib64/module/application/libserviceextensionability_napi.z.so
5b4c740000-5b4c741000 r--p 00000000 /system/lib64/module/application/libserviceextensioncontext_napi.z.so
5b4c741000-5b4c742000 r-xp 00000000 /system/lib64/module/application/libserviceextensioncontext_napi.z.so
5b4c742000-5b4c743000 r--p 00000000 /system/lib64/module/application/libserviceextensioncontext_napi.z.so
5b4c743000-5b4c748000 rw-p 00000000 /system/lib64/module/application/libserviceextensioncontext_napi.z.so
5b4c780000-5b4c781000 r--p 00000000 /system/lib64/module/application/libwindowstage.z.so
5b4c781000-5b4c784000 r-xp 00000000 /system/lib64/module/application/libwindowstage.z.so
5b4c784000-5b4c785000 r--p 00002000 /system/lib64/module/application/libwindowstage.z.so
5b4c785000-5b4c787000 rw-p 00002000 /system/lib64/module/application/libwindowstage.z.so
5b4c7c0000-5b4c7c4000 r--p 00000000 /system/lib64/platformsdk/libbatterysrv_client.z.so
5b4c7c4000-5b4c7cd000 r-xp 00003000 /system/lib64/platformsdk/libbatterysrv_client.z.so
5b4c7cd000-5b4c7ce000 r--p 0000b000 /system/lib64/platformsdk/libbatterysrv_client.z.so
5b4c7ce000-5b4c7cf000 rw-p 0000b000 /system/lib64/platformsdk/libbatterysrv_client.z.so
5b4c800000-5b4c803000 r--p 00000000 /system/lib64/module/libbatteryinfo.z.so
5b4c803000-5b4c808000 r-xp 00002000 /system/lib64/module/libbatteryinfo.z.so
5b4c808000-5b4c809000 r--p 00006000 /system/lib64/module/libbatteryinfo.z.so
5b4c809000-5b4c80a000 rw-p 00006000 /system/lib64/module/libbatteryinfo.z.so
5b4c840000-5b4c844000 r--p 00000000 /system/lib64/module/libbuffer.z.so
5b4c844000-5b4c851000 r-xp 00003000 /system/lib64/module/libbuffer.z.so
5b4c851000-5b4c853000 r--p 0000f000 /system/lib64/module/libbuffer.z.so
5b4c853000-5b4c875000 rw-p 00010000 /system/lib64/module/libbuffer.z.so
5b4c880000-5b4c88d000 r--p 00000000 /system/lib64/module/libbundle.z.so
5b4c88d000-5b4c8b6000 r-xp 0000c000 /system/lib64/module/libbundle.z.so
5b4c8b6000-5b4c8ba000 r--p 00034000 /system/lib64/module/libbundle.z.so
5b4c8ba000-5b4c8bb000 rw-p 00037000 /system/lib64/module/libbundle.z.so
5b4c8c0000-5b4c8c3000 r--p 00000000 /system/lib64/platformsdk/libbundlemgr_graphics.z.so
5b4c8c3000-5b4c8c7000 r-xp 00002000 /system/lib64/platformsdk/libbundlemgr_graphics.z.so
5b4c8c7000-5b4c8c8000 r--p 00005000 /system/lib64/platformsdk/libbundlemgr_graphics.z.so
5b4c8c8000-5b4c8c9000 rw-p 00005000 /system/lib64/platformsdk/libbundlemgr_graphics.z.so
5b4c900000-5b4c91d000 r--p 00000000 /system/lib64/libnapi_commoneventmanager.z.so
5b4c91d000-5b4c93a000 r-xp 0001c000 /system/lib64/libnapi_commoneventmanager.z.so
5b4c93a000-5b4c93c000 r--p 00038000 /system/lib64/libnapi_commoneventmanager.z.so
5b4c93c000-5b4c93d000 rw-p 00039000 /system/lib64/libnapi_commoneventmanager.z.so
5b4c93d000-5b4c93e000 rw-p 00000000 [anon:libnapi_commoneventmanager.z.so.bss]
5b4c940000-5b4c941000 r--p 00000000 /system/lib64/module/libcommoneventmanager.z.so
5b4c941000-5b4c944000 r-xp 00000000 /system/lib64/module/libcommoneventmanager.z.so
5b4c944000-5b4c945000 r--p 00002000 /system/lib64/module/libcommoneventmanager.z.so
5b4c945000-5b4c946000 rw-p 00002000 /system/lib64/module/libcommoneventmanager.z.so
5b4c980000-5b4c98c000 r--p 00000000 /system/lib64/module/libcontact.z.so
5b4c98c000-5b4c9c6000 r-xp 0000b000 /system/lib64/module/libcontact.z.so
5b4c9c6000-5b4c9c9000 r--p 00044000 /system/lib64/module/libcontact.z.so
5b4c9c9000-5b4c9d1000 rw-p 00046000 /system/lib64/module/libcontact.z.so
5b4c9d1000-5b4c9d2000 rw-p 00000000 [anon:libcontact.z.so.bss]
5b4ca00000-5b4ca03000 r--p 00000000 /system/lib64/module/libdeviceinfo.z.so
5b4ca03000-5b4ca08000 r-xp 00002000 /system/lib64/module/libdeviceinfo.z.so
5b4ca08000-5b4ca0a000 r--p 00006000 /system/lib64/module/libdeviceinfo.z.so
5b4ca0a000-5b4ca0b000 rw-p 00007000 /system/lib64/module/libdeviceinfo.z.so
5b4ca40000-5b4ca50000 r--p 00000000 /system/lib64/module/data/libdatashare.z.so
5b4ca50000-5b4ca90000 r-xp 0000f000 /system/lib64/module/data/libdatashare.z.so
5b4ca90000-5b4ca95000 r--p 0004e000 /system/lib64/module/data/libdatashare.z.so
5b4ca95000-5b4ca96000 rw-p 00052000 /system/lib64/module/data/libdatashare.z.so
5b4ca96000-5b4ca97000 rw-p 00000000 [anon:libdatashare.z.so.bss]
5b4cac0000-5b4cac1000 r--p 00000000 /system/lib64/module/data/libdatasharepredicates.z.so
5b4cac1000-5b4cac4000 r-xp 00000000 /system/lib64/module/data/libdatasharepredicates.z.so
5b4cac4000-5b4cac5000 r--p 00002000 /system/lib64/module/data/libdatasharepredicates.z.so
5b4cac5000-5b4cac6000 rw-p 00002000 /system/lib64/module/data/libdatasharepredicates.z.so
5b4cb00000-5b4cb1c000 r--p 00000000 /system/lib64/module/data/libdistributedkvstore.z.so
5b4cb1c000-5b4cb6c000 r-xp 0001b000 /system/lib64/module/data/libdistributedkvstore.z.so
5b4cb6c000-5b4cb73000 r--p 0006a000 /system/lib64/module/data/libdistributedkvstore.z.so
5b4cb73000-5b4cb74000 rw-p 00070000 /system/lib64/module/data/libdistributedkvstore.z.so
5b4cb80000-5b4cb87000 r--p 00000000 /system/lib64/libpreferences_jscommon.z.so
5b4cb87000-5b4cb92000 r-xp 00006000 /system/lib64/libpreferences_jscommon.z.so
5b4cb92000-5b4cb94000 r--p 00010000 /system/lib64/libpreferences_jscommon.z.so
5b4cb94000-5b4cb95000 rw-p 00011000 /system/lib64/libpreferences_jscommon.z.so
5b4cbc0000-5b4cbc8000 r--p 00000000 /system/lib64/module/data/libpreferences.z.so
5b4cbc8000-5b4cbe4000 r-xp 00007000 /system/lib64/module/data/libpreferences.z.so
5b4cbe4000-5b4cbe7000 r--p 00022000 /system/lib64/module/data/libpreferences.z.so
5b4cbe7000-5b4cbe8000 rw-p 00024000 /system/lib64/module/data/libpreferences.z.so
5b4cc00000-5b4cc1b000 r--p 00000000 /system/lib64/module/data/librelationalstore.z.so
5b4cc1b000-5b4ccb5000 r-xp 0001a000 /system/lib64/module/data/librelationalstore.z.so
5b4ccb5000-5b4ccbd000 r--p 000b3000 /system/lib64/module/data/librelationalstore.z.so
5b4ccbd000-5b4ccbe000 rw-p 000ba000 /system/lib64/module/data/librelationalstore.z.so
5b4ccc0000-5b4ccce000 r--p 00000000 /system/lib64/module/libdisplay_napi.z.so
5b4ccce000-5b4ccf2000 r-xp 0000d000 /system/lib64/module/libdisplay_napi.z.so
5b4ccf2000-5b4ccf5000 r--p 00030000 /system/lib64/module/libdisplay_napi.z.so
5b4ccf5000-5b4ccf6000 rw-p 00032000 /system/lib64/module/libdisplay_napi.z.so
5b4cd00000-5b4cd09000 r--p 00000000 /system/lib64/module/file/libfileuri.z.so
5b4cd09000-5b4cd35000 r-xp 00008000 /system/lib64/module/file/libfileuri.z.so
5b4cd35000-5b4cd38000 r--p 00033000 /system/lib64/module/file/libfileuri.z.so
5b4cd38000-5b4cd39000 rw-p 00035000 /system/lib64/module/file/libfileuri.z.so
5b4cd39000-5b4cd3a000 rw-p 00000000 [anon:libfileuri.z.so.bss]
5b4cd40000-5b4cd4c000 r--p 00000000 /system/lib64/platformsdk/libfilemgmt_libn.z.so
5b4cd4c000-5b4cd6d000 r-xp 0000b000 /system/lib64/platformsdk/libfilemgmt_libn.z.so
5b4cd6d000-5b4cd70000 r--p 0002b000 /system/lib64/platformsdk/libfilemgmt_libn.z.so
5b4cd70000-5b4cd71000 rw-p 0002d000 /system/lib64/platformsdk/libfilemgmt_libn.z.so
5b4cd80000-5b4cd86000 r--p 00000000 /system/lib64/module/file/libhash.z.so
5b4cd86000-5b4cd98000 r-xp 00005000 /system/lib64/module/file/libhash.z.so
5b4cd98000-5b4cd9b000 r--p 00016000 /system/lib64/module/file/libhash.z.so
5b4cd9b000-5b4cd9c000 rw-p 00018000 /system/lib64/module/file/libhash.z.so
5b4cdc0000-5b4cdc7000 r--p 00000000 /system/lib64/module/file/libpicker.z.so
5b4cdc7000-5b4cde6000 r-xp 00006000 /system/lib64/module/file/libpicker.z.so
5b4cde6000-5b4cde8000 r--p 00024000 /system/lib64/module/file/libpicker.z.so
5b4cde8000-5b4cdf5000 rw-p 00025000 /system/lib64/module/file/libpicker.z.so
5b4ce00000-5b4ce06000 r--p 00000000 /system/lib64/platformsdk/libremote_uri_native.z.so
5b4ce06000-5b4ce10000 r-xp 00005000 /system/lib64/platformsdk/libremote_uri_native.z.so
5b4ce10000-5b4ce11000 r--p 0000e000 /system/lib64/platformsdk/libremote_uri_native.z.so
5b4ce11000-5b4ce12000 rw-p 0000e000 /system/lib64/platformsdk/libremote_uri_native.z.so
5b4ce12000-5b4ce13000 rw-p 00000000 [anon:libremote_uri_native.z.so.bss]
5b4ce40000-5b4ce56000 r--p 00000000 /system/lib64/module/libfileio.z.so
5b4ce56000-5b4ceaf000 r-xp 00015000 /system/lib64/module/libfileio.z.so
5b4ceaf000-5b4ceb4000 r--p 0006d000 /system/lib64/module/libfileio.z.so
5b4ceb4000-5b4ceb5000 rw-p 00071000 /system/lib64/module/libfileio.z.so
5b4ceb5000-5b4ceb6000 rw-p 00000000 [anon:libfileio.z.so.bss]
5b4cec0000-5b4cec4000 r--p 00000000 /system/lib64/module/libhiappevent.z.so
5b4cec4000-5b4cecc000 r-xp 00003000 /system/lib64/module/libhiappevent.z.so
5b4cecc000-5b4cece000 r--p 0000a000 /system/lib64/module/libhiappevent.z.so
5b4cece000-5b4cecf000 rw-p 0000b000 /system/lib64/module/libhiappevent.z.so
5b4cf00000-5b4cf02000 r--p 00000000 /system/lib64/module/libhitracemeter_napi.z.so
5b4cf02000-5b4cf05000 r-xp 00001000 /system/lib64/module/libhitracemeter_napi.z.so
5b4cf05000-5b4cf06000 r--p 00003000 /system/lib64/module/libhitracemeter_napi.z.so
5b4cf06000-5b4cf07000 rw-p 00003000 /system/lib64/module/libhitracemeter_napi.z.so
5b4cf40000-5b4cf4d000 r--p 00000000 /system/lib64/module/hiviewdfx/libhiappevent_napi.z.so
5b4cf4d000-5b4cf72000 r-xp 0000c000 /system/lib64/module/hiviewdfx/libhiappevent_napi.z.so
5b4cf72000-5b4cf74000 r--p 00030000 /system/lib64/module/hiviewdfx/libhiappevent_napi.z.so
5b4cf74000-5b4cf75000 rw-p 00031000 /system/lib64/module/hiviewdfx/libhiappevent_napi.z.so
5b4cf75000-5b4cf76000 rw-p 00000000 [anon:libhiappevent_napi.z.so.bss]
5b4cf80000-5b4cf90000 r--p 00000000 /system/lib64/module/hms/core/libauthentication.z.so
5b4cf90000-5b4cfb4000 r-xp 0000f000 /system/lib64/module/hms/core/libauthentication.z.so
5b4cfb4000-5b4cfb7000 r--p 00032000 /system/lib64/module/hms/core/libauthentication.z.so
5b4cfb7000-5b4cfba000 rw-p 00034000 /system/lib64/module/hms/core/libauthentication.z.so
5b4cfba000-5b4cfbb000 rw-p 00000000 [anon:libauthentication.z.so.bss]
5b4cfc0000-5b4cfcb000 r--p 00000000 /system/lib64/libhuaweiid_native_base.z.so
5b4cfcb000-5b4cfe0000 r-xp 0000a000 /system/lib64/libhuaweiid_native_base.z.so
5b4cfe0000-5b4cfe3000 r--p 0001e000 /system/lib64/libhuaweiid_native_base.z.so
5b4cfe3000-5b4cfe4000 rw-p 00020000 /system/lib64/libhuaweiid_native_base.z.so
5b4d000000-5b4d011000 r--p 00000000 /system/lib64/libhuaweiid_sa_client.z.so
5b4d011000-5b4d03d000 r-xp 00010000 /system/lib64/libhuaweiid_sa_client.z.so
5b4d03d000-5b4d040000 r--p 0003b000 /system/lib64/libhuaweiid_sa_client.z.so
5b4d040000-5b4d041000 rw-p 0003d000 /system/lib64/libhuaweiid_sa_client.z.so
5b4d041000-5b4d042000 rw-p 00000000 [anon:libhuaweiid_sa_client.z.so.bss]
5b4d080000-5b4d092000 r--p 00000000 /system/lib64/libhuaweiid_innerkits_ndk.z.so
5b4d092000-5b4d0bf000 r-xp 00011000 /system/lib64/libhuaweiid_innerkits_ndk.z.so
5b4d0bf000-5b4d0c3000 r--p 0003d000 /system/lib64/libhuaweiid_innerkits_ndk.z.so
5b4d0c3000-5b4d0c4000 rw-p 00040000 /system/lib64/libhuaweiid_innerkits_ndk.z.so
5b4d100000-5b4d114000 r--p 00000000 /system/lib64/libhuaweiid_napi_base.z.so
5b4d114000-5b4d13a000 r-xp 00013000 /system/lib64/libhuaweiid_napi_base.z.so
5b4d13a000-5b4d13e000 r--p 00038000 /system/lib64/libhuaweiid_napi_base.z.so
5b4d13e000-5b4d13f000 rw-p 0003b000 /system/lib64/libhuaweiid_napi_base.z.so
5b4d140000-5b4d1bd000 r--p 00000000 /system/lib64/libcollaboration_rcp_native.z.so
5b4d1bd000-5b4d2a2000 r-xp 0007c000 /system/lib64/libcollaboration_rcp_native.z.so
5b4d2a2000-5b4d2b8000 r--p 00160000 /system/lib64/libcollaboration_rcp_native.z.so
5b4d2b8000-5b4d2b9000 rw-p 00175000 /system/lib64/libcollaboration_rcp_native.z.so
5b4d2b9000-5b4d2ba000 rw-p 00000000 [anon:libcollaboration_rcp_native.z.so.bss]
5b4d2c0000-5b4d2cc000 r--p 00000000 /system/lib64/ndk/libopenhitls_bsl.z.so
5b4d2cc000-5b4d2e0000 r-xp 0000b000 /system/lib64/ndk/libopenhitls_bsl.z.so
5b4d2e0000-5b4d2e2000 r--p 0001e000 /system/lib64/ndk/libopenhitls_bsl.z.so
5b4d2e2000-5b4d2e4000 rw-p 0001f000 /system/lib64/ndk/libopenhitls_bsl.z.so
5b4d2e4000-5b4d2e5000 rw-p 00000000 [anon:libopenhitls_bsl.z.so.bss]
5b4d300000-5b4d304000 r--p 00000000 /system/lib64/platformsdk/libhttp_interceptor.z.so
5b4d304000-5b4d30b000 r-xp 00003000 /system/lib64/platformsdk/libhttp_interceptor.z.so
5b4d30b000-5b4d30c000 r--p 00009000 /system/lib64/platformsdk/libhttp_interceptor.z.so
5b4d30c000-5b4d30d000 rw-p 00009000 /system/lib64/platformsdk/libhttp_interceptor.z.so
5b4d30d000-5b4d30e000 rw-p 00000000 [anon:libhttp_interceptor.z.so.bss]
5b4d340000-5b4d39c000 r--p 00000000 /system/lib64/ndk/libopenhitls_crypto.z.so
5b4d39c000-5b4d450000 r-xp 0005b000 /system/lib64/ndk/libopenhitls_crypto.z.so
5b4d450000-5b4d454000 r--p 0010e000 /system/lib64/ndk/libopenhitls_crypto.z.so
5b4d454000-5b4d455000 rw-p 00111000 /system/lib64/ndk/libopenhitls_crypto.z.so
5b4d480000-5b4d49f000 r--p 00000000 /system/lib64/libha_client_core.z.so
5b4d49f000-5b4d516000 r-xp 0001e000 /system/lib64/libha_client_core.z.so
5b4d516000-5b4d51b000 r--p 00094000 /system/lib64/libha_client_core.z.so
5b4d51b000-5b4d51c000 rw-p 00098000 /system/lib64/libha_client_core.z.so
5b4d51c000-5b4d520000 rw-p 00000000 [anon:libha_client_core.z.so.bss]
5b4d540000-5b4d549000 r--p 00000000 /system/lib64/ndk/libopenhitls_pki.z.so
5b4d549000-5b4d560000 r-xp 00008000 /system/lib64/ndk/libopenhitls_pki.z.so
5b4d560000-5b4d561000 r--p 0001e000 /system/lib64/ndk/libopenhitls_pki.z.so
5b4d561000-5b4d562000 rw-p 0001e000 /system/lib64/ndk/libopenhitls_pki.z.so
5b4d580000-5b4d592000 r--p 00000000 /system/lib64/libha_client_expand.z.so
5b4d592000-5b4d5bd000 r-xp 00011000 /system/lib64/libha_client_expand.z.so
5b4d5bd000-5b4d5c2000 r--p 0003b000 /system/lib64/libha_client_expand.z.so
5b4d5c2000-5b4d5c3000 rw-p 0003f000 /system/lib64/libha_client_expand.z.so
5b4d5c3000-5b4d5c5000 rw-p 00000000 [anon:libha_client_expand.z.so.bss]
5b4d600000-5b4d607000 r--p 00000000 /system/lib64/libha_client.z.so
5b4d607000-5b4d61b000 r-xp 00006000 /system/lib64/libha_client.z.so
5b4d61b000-5b4d61d000 r--p 00019000 /system/lib64/libha_client.z.so
5b4d61d000-5b4d61e000 rw-p 0001a000 /system/lib64/libha_client.z.so
5b4d61e000-5b4d621000 rw-p 00000000 [anon:libha_client.z.so.bss]
5b4d640000-5b4d6b1000 r--p 00000000 /system/lib64/chipset-sdk/libbrotli_shared.z.so
5b4d6b1000-5b4d6ff000 r-xp 00070000 /system/lib64/chipset-sdk/libbrotli_shared.z.so
5b4d6ff000-5b4d700000 r--p 000bd000 /system/lib64/chipset-sdk/libbrotli_shared.z.so
5b4d700000-5b4d701000 rw-p 000bd000 /system/lib64/chipset-sdk/libbrotli_shared.z.so
5b4d740000-5b4d752000 r--p 00000000 /system/lib64/libnetmanager_enhanced_service_if.z.so
5b4d752000-5b4d76b000 r-xp 00011000 /system/lib64/libnetmanager_enhanced_service_if.z.so
5b4d76b000-5b4d777000 r--p 0002a000 /system/lib64/libnetmanager_enhanced_service_if.z.so
5b4d777000-5b4d778000 rw-p 00035000 /system/lib64/libnetmanager_enhanced_service_if.z.so
5b4d780000-5b4d79a000 r--p 00000000 /system/lib64/ndk/libopenhitls_tls.z.so
5b4d79a000-5b4d7c7000 r-xp 00019000 /system/lib64/ndk/libopenhitls_tls.z.so
5b4d7c7000-5b4d7c9000 r--p 00045000 /system/lib64/ndk/libopenhitls_tls.z.so
5b4d7c9000-5b4d7ca000 rw-p 00046000 /system/lib64/ndk/libopenhitls_tls.z.so
5b4d7ca000-5b4d7cb000 rw-p 00000000 [anon:libopenhitls_tls.z.so.bss]
5b4d800000-5b4d80d000 r--p 00000000 /system/lib64/chipset-sdk/libnghttp2_shared.z.so
5b4d80d000-5b4d825000 r-xp 0000c000 /system/lib64/chipset-sdk/libnghttp2_shared.z.so
5b4d825000-5b4d828000 r--p 00023000 /system/lib64/chipset-sdk/libnghttp2_shared.z.so
5b4d828000-5b4d829000 rw-p 00025000 /system/lib64/chipset-sdk/libnghttp2_shared.z.so
5b4d840000-5b4d84d000 r--p 00000000 /system/lib64/module/hms/core/libhianalytics_napi.z.so
5b4d84d000-5b4d87a000 r-xp 0000c000 /system/lib64/module/hms/core/libhianalytics_napi.z.so
5b4d87a000-5b4d87c000 r--p 00038000 /system/lib64/module/hms/core/libhianalytics_napi.z.so
5b4d87c000-5b4d87d000 rw-p 00039000 /system/lib64/module/hms/core/libhianalytics_napi.z.so
5b4d87d000-5b4d87f000 rw-p 00000000 [anon:libhianalytics_napi.z.so.bss]
5b4d880000-5b4d88d000 r--p 00000000 /system/lib64/librcp_network_listener.z.so
5b4d88d000-5b4d89c000 r-xp 0000c000 /system/lib64/librcp_network_listener.z.so
5b4d89c000-5b4d8a1000 r--p 0001a000 /system/lib64/librcp_network_listener.z.so
5b4d8a1000-5b4d8a2000 rw-p 0001e000 /system/lib64/librcp_network_listener.z.so
5b4d8a2000-5b4d8a3000 rw-p 00000000 [anon:librcp_network_listener.z.so.bss]
5b4d8c0000-5b4d8df000 r--p 00000000 /system/lib64/platformsdk/libcrypto_openssl_plugin_lib.z.so
5b4d8df000-5b4d92a000 r-xp 0001e000 /system/lib64/platformsdk/libcrypto_openssl_plugin_lib.z.so
5b4d92a000-5b4d92c000 r--p 00068000 /system/lib64/platformsdk/libcrypto_openssl_plugin_lib.z.so
5b4d92c000-5b4d92e000 rw-p 00069000 /system/lib64/platformsdk/libcrypto_openssl_plugin_lib.z.so
5b4d940000-5b4d949000 r--p 00000000 /system/lib64/platformsdk/libcrypto_framework_lib.z.so
5b4d949000-5b4d95b000 r-xp 00008000 /system/lib64/platformsdk/libcrypto_framework_lib.z.so
5b4d95b000-5b4d95e000 r--p 00019000 /system/lib64/platformsdk/libcrypto_framework_lib.z.so
5b4d95e000-5b4d95f000 rw-p 0001b000 /system/lib64/platformsdk/libcrypto_framework_lib.z.so
5b4d980000-5b4d987000 r--p 00000000 /system/lib64/libnetwork_profiler.z.so
5b4d987000-5b4d996000 r-xp 00006000 /system/lib64/libnetwork_profiler.z.so
5b4d996000-5b4d998000 r--p 00014000 /system/lib64/libnetwork_profiler.z.so
5b4d998000-5b4d999000 rw-p 00015000 /system/lib64/libnetwork_profiler.z.so
5b4d9c0000-5b4d9c3000 r--p 00000000 /system/lib64/librcp_dfx.z.so
5b4d9c3000-5b4d9c6000 r-xp 00002000 /system/lib64/librcp_dfx.z.so
5b4d9c6000-5b4d9c8000 r--p 00004000 /system/lib64/librcp_dfx.z.so
5b4d9c8000-5b4d9c9000 rw-p 00005000 /system/lib64/librcp_dfx.z.so
5b4da00000-5b4da77000 r--p 00000000 /system/lib64/platformsdk/libcurl_shared_http3.z.so
5b4da77000-5b4dc75000 r-xp 00076000 /system/lib64/platformsdk/libcurl_shared_http3.z.so
5b4dc75000-5b4dc91000 r--p 00273000 /system/lib64/platformsdk/libcurl_shared_http3.z.so
5b4dc91000-5b4dc96000 rw-p 0028e000 /system/lib64/platformsdk/libcurl_shared_http3.z.so
5b4dc96000-5b4dc97000 rw-p 00000000 [anon:libcurl_shared_http3.z.so.bss]
5b4dcc0000-5b4dcd2000 r--p 00000000 /system/lib64/libha_ace_engine.z.so
5b4dcd2000-5b4dd1f000 r-xp 00011000 /system/lib64/libha_ace_engine.z.so
5b4dd1f000-5b4dd23000 r--p 0005d000 /system/lib64/libha_ace_engine.z.so
5b4dd23000-5b4dd24000 rw-p 00060000 /system/lib64/libha_ace_engine.z.so
5b4dd24000-5b4dd27000 rw-p 00000000 [anon:libha_ace_engine.z.so.bss]
5b4dd40000-5b4dd5a000 r--p 00000000 /system/lib64/platformsdk/libintl_napi.z.so
5b4dd5a000-5b4dd7f000 r-xp 00019000 /system/lib64/platformsdk/libintl_napi.z.so
5b4dd7f000-5b4dd82000 r--p 0003d000 /system/lib64/platformsdk/libintl_napi.z.so
5b4dd82000-5b4dd83000 rw-p 0003f000 /system/lib64/platformsdk/libintl_napi.z.so
5b4ddc0000-5b4ddca000 r--p 00000000 /system/lib64/platformsdk/libi18n_sa_client.z.so
5b4ddca000-5b4ddd9000 r-xp 00009000 /system/lib64/platformsdk/libi18n_sa_client.z.so
5b4ddd9000-5b4dddd000 r--p 00017000 /system/lib64/platformsdk/libi18n_sa_client.z.so
5b4dddd000-5b4ddde000 rw-p 0001a000 /system/lib64/platformsdk/libi18n_sa_client.z.so
5b4de00000-5b4de18000 r--p 00000000 /system/lib64/module/libi18n.z.so
5b4de18000-5b4de44000 r-xp 00017000 /system/lib64/module/libi18n.z.so
5b4de44000-5b4de48000 r--p 00042000 /system/lib64/module/libi18n.z.so
5b4de48000-5b4de49000 rw-p 00045000 /system/lib64/module/libi18n.z.so
5b4de49000-5b4de4a000 rw-p 00000000 [anon:libi18n.z.so.bss]
5b4de80000-5b4de82000 r--p 00000000 /system/lib64/module/identifier/liboaid.z.so
5b4de82000-5b4de86000 r-xp 00001000 /system/lib64/module/identifier/liboaid.z.so
5b4de86000-5b4de87000 r--p 00004000 /system/lib64/module/identifier/liboaid.z.so
5b4de87000-5b4de88000 rw-p 00004000 /system/lib64/module/identifier/liboaid.z.so
5b4dec0000-5b4dec6000 r--p 00000000 /system/lib64/platformsdk/liboaid_client.z.so
5b4dec6000-5b4dece000 r-xp 00005000 /system/lib64/platformsdk/liboaid_client.z.so
5b4dece000-5b4ded2000 r--p 0000c000 /system/lib64/platformsdk/liboaid_client.z.so
5b4ded2000-5b4ded3000 rw-p 0000f000 /system/lib64/platformsdk/liboaid_client.z.so
5b4df00000-5b4df16000 r--p 00000000 /system/lib64/module/libinputmethod.z.so
5b4df16000-5b4df4d000 r-xp 00015000 /system/lib64/module/libinputmethod.z.so
5b4df4d000-5b4df52000 r--p 0004b000 /system/lib64/module/libinputmethod.z.so
5b4df52000-5b4df53000 rw-p 0004f000 /system/lib64/module/libinputmethod.z.so
5b4df53000-5b4df54000 rw-p 00000000 [anon:libinputmethod.z.so.bss]
5b4df80000-5b4df81000 r--p 00000000 /system/lib64/module/libintl.z.so
5b4df81000-5b4df82000 r-xp 00000000 /system/lib64/module/libintl.z.so
5b4df82000-5b4df83000 r--p 00000000 /system/lib64/module/libintl.z.so
5b4df83000-5b4df84000 rw-p 00000000 /system/lib64/module/libintl.z.so
5b4dfc0000-5b4dfc6000 r--p 00000000 /system/lib64/module/libmeasure.z.so
5b4dfc6000-5b4dfde000 r-xp 00005000 /system/lib64/module/libmeasure.z.so
5b4dfde000-5b4dfe0000 r--p 0001c000 /system/lib64/module/libmeasure.z.so
5b4dfe0000-5b4dfe1000 rw-p 0001d000 /system/lib64/module/libmeasure.z.so
5b4dfe1000-5b4dfe2000 rw-p 00000000 [anon:libmeasure.z.so.bss]
5b4e000000-5b4e007000 r--p 00000000 /system/lib64/platformsdk/libaudio_toneplayer.z.so
5b4e007000-5b4e010000 r-xp 00006000 /system/lib64/platformsdk/libaudio_toneplayer.z.so
5b4e010000-5b4e012000 r--p 0000e000 /system/lib64/platformsdk/libaudio_toneplayer.z.so
5b4e012000-5b4e013000 rw-p 0000f000 /system/lib64/platformsdk/libaudio_toneplayer.z.so
5b4e040000-5b4e048000 r--p 00000000 /system/lib64/platformsdk/libaudio_loopback.z.so
5b4e048000-5b4e055000 r-xp 00007000 /system/lib64/platformsdk/libaudio_loopback.z.so
5b4e055000-5b4e057000 r--p 00013000 /system/lib64/platformsdk/libaudio_loopback.z.so
5b4e057000-5b4e058000 rw-p 00014000 /system/lib64/platformsdk/libaudio_loopback.z.so
5b4e080000-5b4e0cb000 r--p 00000000 /system/lib64/module/multimedia/libaudio.z.so
5b4e0cb000-5b4e20e000 r-xp 0004a000 /system/lib64/module/multimedia/libaudio.z.so
5b4e20e000-5b4e223000 r--p 0018c000 /system/lib64/module/multimedia/libaudio.z.so
5b4e223000-5b4e224000 rw-p 001a0000 /system/lib64/module/multimedia/libaudio.z.so
5b4e224000-5b4e22c000 rw-p 00000000 [anon:libaudio.z.so.bss]
5b4e240000-5b4e28c000 r--p 00000000 /system/lib64/platformsdk/libtel_core_service_api.z.so
5b4e28c000-5b4e322000 r-xp 0004b000 /system/lib64/platformsdk/libtel_core_service_api.z.so
5b4e322000-5b4e333000 r--p 000e0000 /system/lib64/platformsdk/libtel_core_service_api.z.so
5b4e333000-5b4e334000 rw-p 000f0000 /system/lib64/platformsdk/libtel_core_service_api.z.so
5b4e334000-5b4e335000 rw-p 00000000 [anon:libtel_core_service_api.z.so.bss]
5b4e340000-5b4e348000 r--p 00000000 /system/lib64/platformsdk/libtel_cellular_data_api.z.so
5b4e348000-5b4e35c000 r-xp 00007000 /system/lib64/platformsdk/libtel_cellular_data_api.z.so
5b4e35c000-5b4e35f000 r--p 0001a000 /system/lib64/platformsdk/libtel_cellular_data_api.z.so
5b4e35f000-5b4e360000 rw-p 0001c000 /system/lib64/platformsdk/libtel_cellular_data_api.z.so
5b4e380000-5b4e389000 r--p 00000000 /system/lib64/platformsdk/libavsession_cast_client.z.so
5b4e389000-5b4e399000 r-xp 00008000 /system/lib64/platformsdk/libavsession_cast_client.z.so
5b4e399000-5b4e39c000 r--p 00017000 /system/lib64/platformsdk/libavsession_cast_client.z.so
5b4e39c000-5b4e39d000 rw-p 00019000 /system/lib64/platformsdk/libavsession_cast_client.z.so
5b4e3c0000-5b4e3f5000 r--p 00000000 /system/lib64/platformsdk/libavsession_client.z.so
5b4e3f5000-5b4e456000 r-xp 00034000 /system/lib64/platformsdk/libavsession_client.z.so
5b4e456000-5b4e464000 r--p 00094000 /system/lib64/platformsdk/libavsession_client.z.so
5b4e464000-5b4e465000 rw-p 000a1000 /system/lib64/platformsdk/libavsession_client.z.so
5b4e480000-5b4e48c000 r--p 00000000 /system/lib64/platformsdk/libavsession_utils.z.so
5b4e48c000-5b4e4aa000 r-xp 0000b000 /system/lib64/platformsdk/libavsession_utils.z.so
5b4e4aa000-5b4e4ac000 r--p 00028000 /system/lib64/platformsdk/libavsession_utils.z.so
5b4e4ac000-5b4e4ad000 rw-p 00029000 /system/lib64/platformsdk/libavsession_utils.z.so
5b4e4ad000-5b4e4ae000 rw-p 00000000 [anon:libavsession_utils.z.so.bss]
5b4e4c0000-5b4e4db000 r--p 00000000 /system/lib64/libidl_avsession_service_interface_stub.z.so
5b4e4db000-5b4e4fd000 r-xp 0001a000 /system/lib64/libidl_avsession_service_interface_stub.z.so
5b4e4fd000-5b4e505000 r--p 0003b000 /system/lib64/libidl_avsession_service_interface_stub.z.so
5b4e505000-5b4e506000 rw-p 00042000 /system/lib64/libidl_avsession_service_interface_stub.z.so
5b4e540000-5b4e559000 r--p 00000000 /system/lib64/platformsdk/libavsession_common.z.so
5b4e559000-5b4e579000 r-xp 00018000 /system/lib64/platformsdk/libavsession_common.z.so
5b4e579000-5b4e57d000 r--p 00037000 /system/lib64/platformsdk/libavsession_common.z.so
5b4e57d000-5b4e57e000 rw-p 0003a000 /system/lib64/platformsdk/libavsession_common.z.so
5b4e580000-5b4e5a1000 r--p 00000000 /system/lib64/chipset-sdk/libcurl_shared.z.so
5b4e5a1000-5b4e63e000 r-xp 00020000 /system/lib64/chipset-sdk/libcurl_shared.z.so
5b4e63e000-5b4e642000 r--p 000bc000 /system/lib64/chipset-sdk/libcurl_shared.z.so
5b4e642000-5b4e646000 rw-p 000bf000 /system/lib64/chipset-sdk/libcurl_shared.z.so
5b4e680000-5b4e6c4000 r--p 00000000 /system/lib64/module/multimedia/libavsession_napi.z.so
5b4e6c4000-5b4e7b6000 r-xp 00043000 /system/lib64/module/multimedia/libavsession_napi.z.so
5b4e7b6000-5b4e7c5000 r--p 00135000 /system/lib64/module/multimedia/libavsession_napi.z.so
5b4e7c5000-5b4e7c6000 rw-p 00143000 /system/lib64/module/multimedia/libavsession_napi.z.so
5b4e7c6000-5b4e7ca000 rw-p 00000000 [anon:libavsession_napi.z.so.bss]
5b4e800000-5b4e8f1000 r--p 00000000 /system/lib64/platformsdk/libcamera_framework.z.so
5b4e8f1000-5b4eab4000 r-xp 000f0000 /system/lib64/platformsdk/libcamera_framework.z.so
5b4eab4000-5b4eaf0000 r--p 002b2000 /system/lib64/platformsdk/libcamera_framework.z.so
5b4eaf0000-5b4eaf1000 rw-p 002ed000 /system/lib64/platformsdk/libcamera_framework.z.so
5b4eaf1000-5b4eaf7000 rw-p 00000000 [anon:libcamera_framework.z.so.bss]
5b4eb00000-5b4eb01000 r--p 00000000 /system/lib64/chipset-sdk/libcamera_vendor_tag_proxy_1.0.z.so
5b4eb01000-5b4eb03000 r-xp 00000000 /system/lib64/chipset-sdk/libcamera_vendor_tag_proxy_1.0.z.so
5b4eb03000-5b4eb04000 r--p 00001000 /system/lib64/chipset-sdk/libcamera_vendor_tag_proxy_1.0.z.so
5b4eb04000-5b4eb05000 rw-p 00001000 /system/lib64/chipset-sdk/libcamera_vendor_tag_proxy_1.0.z.so
5b4eb40000-5b4eb4b000 r--p 00000000 /system/lib64/chipset-sdk/libmetadata.z.so
5b4eb4b000-5b4eb57000 r-xp 0000a000 /system/lib64/chipset-sdk/libmetadata.z.so
5b4eb57000-5b4eb58000 r--p 00015000 /system/lib64/chipset-sdk/libmetadata.z.so
5b4eb58000-5b4eb5b000 rw-p 00015000 /system/lib64/chipset-sdk/libmetadata.z.so
5b4eb80000-5b4eb84000 r--p 00000000 /system/lib64/module/multimedia/libcamera_napi.z.so
5b4eb84000-5b4eb8f000 r-xp 00003000 /system/lib64/module/multimedia/libcamera_napi.z.so
5b4eb8f000-5b4eb90000 r--p 0000d000 /system/lib64/module/multimedia/libcamera_napi.z.so
5b4eb90000-5b4eb91000 rw-p 0000d000 /system/lib64/module/multimedia/libcamera_napi.z.so
5b4eb91000-5b4eb92000 rw-p 00000000 [anon:libcamera_napi.z.so.bss]
5b4ebc0000-5b4ec15000 r--p 00000000 /system/lib64/libcamera_utils.z.so
5b4ec15000-5b4ec94000 r-xp 00054000 /system/lib64/libcamera_utils.z.so
5b4ec94000-5b4ecae000 r--p 000d2000 /system/lib64/libcamera_utils.z.so
5b4ecae000-5b4ecaf000 rw-p 000eb000 /system/lib64/libcamera_utils.z.so
5b4ecaf000-5b4ecb0000 rw-p 00000000 [anon:libcamera_utils.z.so.bss]
5b4ecc0000-5b4ecd6000 r--p 00000000 /system/lib64/platformsdk/libdm_lite.z.so
5b4ecd6000-5b4ecf6000 r-xp 00015000 /system/lib64/platformsdk/libdm_lite.z.so
5b4ecf6000-5b4ed08000 r--p 00034000 /system/lib64/platformsdk/libdm_lite.z.so
5b4ed08000-5b4ed09000 rw-p 00045000 /system/lib64/platformsdk/libdm_lite.z.so
5b4ed40000-5b4eda7000 r--p 00000000 /system/lib64/libcamera_napi_base.z.so
5b4eda7000-5b4ee77000 r-xp 00066000 /system/lib64/libcamera_napi_base.z.so
5b4ee77000-5b4ee86000 r--p 00135000 /system/lib64/libcamera_napi_base.z.so
5b4ee86000-5b4ee88000 rw-p 00143000 /system/lib64/libcamera_napi_base.z.so
5b4ee88000-5b4ee8c000 rw-p 00000000 [anon:libcamera_napi_base.z.so.bss]
5b4eec0000-5b4f002000 r--p 00000000 /system/lib64/libmedialibrary_nutils.z.so
5b4f002000-5b4f47f000 r-xp 00141000 /system/lib64/libmedialibrary_nutils.z.so
5b4f47f000-5b4f496000 r--p 005bd000 /system/lib64/libmedialibrary_nutils.z.so
5b4f496000-5b4f498000 rw-p 005d3000 /system/lib64/libmedialibrary_nutils.z.so
5b4f498000-5b4f4ff000 rw-p 00000000 [anon:libmedialibrary_nutils.z.so.bss]
5b4f500000-5b4f502000 r--p 00000000 /system/lib64/module/multimedia/libimage.z.so
5b4f502000-5b4f505000 r-xp 00001000 /system/lib64/module/multimedia/libimage.z.so
5b4f505000-5b4f506000 r--p 00003000 /system/lib64/module/multimedia/libimage.z.so
5b4f506000-5b4f507000 rw-p 00003000 /system/lib64/module/multimedia/libimage.z.so
5b4f540000-5b4f562000 r--p 00000000 /system/lib64/module/multimedia/libmedia.z.so
5b4f562000-5b4f60e000 r-xp 00021000 /system/lib64/module/multimedia/libmedia.z.so
5b4f60e000-5b4f618000 r--p 000cc000 /system/lib64/module/multimedia/libmedia.z.so
5b4f618000-5b4f619000 rw-p 000d5000 /system/lib64/module/multimedia/libmedia.z.so
5b4f619000-5b4f61d000 rw-p 00000000 [anon:libmedia.z.so.bss]
5b4f640000-5b4f667000 r--p 00000000 /system/lib64/platformsdk/libmedia_avplayer.z.so
5b4f667000-5b4f6be000 r-xp 00026000 /system/lib64/platformsdk/libmedia_avplayer.z.so
5b4f6be000-5b4f6c4000 r--p 0007c000 /system/lib64/platformsdk/libmedia_avplayer.z.so
5b4f6c4000-5b4f6c5000 rw-p 00081000 /system/lib64/platformsdk/libmedia_avplayer.z.so
5b4f6c5000-5b4f6c6000 rw-p 00000000 [anon:libmedia_avplayer.z.so.bss]
5b4f700000-5b4f70f000 r--p 00000000 /system/lib64/platformsdk/libmedia_soundpool.z.so
5b4f70f000-5b4f72f000 r-xp 0000e000 /system/lib64/platformsdk/libmedia_soundpool.z.so
5b4f72f000-5b4f731000 r--p 0002d000 /system/lib64/platformsdk/libmedia_soundpool.z.so
5b4f731000-5b4f733000 rw-p 0002e000 /system/lib64/platformsdk/libmedia_soundpool.z.so
5b4f740000-5b4f749000 r--p 00000000 /system/lib64/module/multimodalinput/libinputdevice.z.so
5b4f749000-5b4f781000 r-xp 00008000 /system/lib64/module/multimodalinput/libinputdevice.z.so
5b4f781000-5b4f783000 r--p 0003f000 /system/lib64/module/multimodalinput/libinputdevice.z.so
5b4f783000-5b4f784000 rw-p 00040000 /system/lib64/module/multimodalinput/libinputdevice.z.so
5b4f7c0000-5b4f7f8000 r--p 00000000 /system/lib64/module/libnotificationmanager.z.so
5b4f7f8000-5b4f859000 r-xp 00037000 /system/lib64/module/libnotificationmanager.z.so
5b4f859000-5b4f860000 r--p 00097000 /system/lib64/module/libnotificationmanager.z.so
5b4f860000-5b4f861000 rw-p 0009d000 /system/lib64/module/libnotificationmanager.z.so
5b4f861000-5b4f863000 rw-p 00000000 [anon:libnotificationmanager.z.so.bss]
5b4f880000-5b4f882000 r--p 00000000 /system/lib64/platformsdk/libnapi_wantagent_common.z.so
5b4f882000-5b4f885000 r-xp 00001000 /system/lib64/platformsdk/libnapi_wantagent_common.z.so
5b4f885000-5b4f886000 r--p 00003000 /system/lib64/platformsdk/libnapi_wantagent_common.z.so
5b4f886000-5b4f887000 rw-p 00003000 /system/lib64/platformsdk/libnapi_wantagent_common.z.so
5b4f8c0000-5b4f8d8000 r--p 00000000 /system/lib64/module/libpasteboard_napi.z.so
5b4f8d8000-5b4f91a000 r-xp 00017000 /system/lib64/module/libpasteboard_napi.z.so
5b4f91a000-5b4f922000 r--p 00058000 /system/lib64/module/libpasteboard_napi.z.so
5b4f922000-5b4f923000 rw-p 0005f000 /system/lib64/module/libpasteboard_napi.z.so
5b4f940000-5b4f944000 r--p 00000000 /system/lib64/module/libprocess.z.so
5b4f944000-5b4f94f000 r-xp 00003000 /system/lib64/module/libprocess.z.so
5b4f94f000-5b4f951000 r--p 0000d000 /system/lib64/module/libprocess.z.so
5b4f951000-5b4f952000 rw-p 0000e000 /system/lib64/module/libprocess.z.so
5b4f980000-5b4f998000 r--p 00000000 /system/lib64/module/librequest.z.so
5b4f998000-5b4f9ed000 r-xp 00017000 /system/lib64/module/librequest.z.so
5b4f9ed000-5b4f9f1000 r--p 0006b000 /system/lib64/module/librequest.z.so
5b4f9f1000-5b4f9f3000 rw-p 0006e000 /system/lib64/module/librequest.z.so
5b4f9f3000-5b4f9f4000 rw-p 00000000 [anon:librequest.z.so.bss]
5b4fa00000-5b4fa03000 r--p 00000000 /system/lib64/module/libresourcemanager.z.so
5b4fa03000-5b4fa0a000 r-xp 00002000 /system/lib64/module/libresourcemanager.z.so
5b4fa0a000-5b4fa0b000 r--p 00008000 /system/lib64/module/libresourcemanager.z.so
5b4fa0b000-5b4fa0c000 rw-p 00008000 /system/lib64/module/libresourcemanager.z.so
5b4fa40000-5b4fa45000 r--p 00000000 /system/lib64/module/librouter.z.so
5b4fa45000-5b4fa59000 r-xp 00004000 /system/lib64/module/librouter.z.so
5b4fa59000-5b4fa5b000 r--p 00017000 /system/lib64/module/librouter.z.so
5b4fa5b000-5b4fa5c000 rw-p 00018000 /system/lib64/module/librouter.z.so
5b4fa80000-5b4faa3000 r--p 00000000 /system/lib64/platformsdk/libcertificate_framework_core.z.so
5b4faa3000-5b4fae7000 r-xp 00022000 /system/lib64/platformsdk/libcertificate_framework_core.z.so
5b4fae7000-5b4faea000 r--p 00065000 /system/lib64/platformsdk/libcertificate_framework_core.z.so
5b4faea000-5b4faec000 rw-p 00067000 /system/lib64/platformsdk/libcertificate_framework_core.z.so
5b4fb00000-5b4fb11000 r--p 00000000 /system/lib64/module/security/libcert.z.so
5b4fb11000-5b4fb60000 r-xp 00010000 /system/lib64/module/security/libcert.z.so
5b4fb60000-5b4fb63000 r--p 0005e000 /system/lib64/module/security/libcert.z.so
5b4fb63000-5b4fb64000 rw-p 00060000 /system/lib64/module/security/libcert.z.so
5b4fb64000-5b4fb71000 rw-p 00000000 [anon:libcert.z.so.bss]
5b4fb80000-5b4fb90000 r--p 00000000 /system/lib64/module/security/libcryptoframework_napi.z.so
5b4fb90000-5b4fbd2000 r-xp 0000f000 /system/lib64/module/security/libcryptoframework_napi.z.so
5b4fbd2000-5b4fbd5000 r--p 00050000 /system/lib64/module/security/libcryptoframework_napi.z.so
5b4fbd5000-5b4fbd6000 rw-p 00052000 /system/lib64/module/security/libcryptoframework_napi.z.so
5b4fbd6000-5b4fbde000 rw-p 00000000 [anon:libcryptoframework_napi.z.so.bss]
5b4fc00000-5b4fc0c000 r--p 00000000 /system/lib64/module/security/libhuks.z.so
5b4fc0c000-5b4fc33000 r-xp 0000b000 /system/lib64/module/security/libhuks.z.so
5b4fc33000-5b4fc36000 r--p 00031000 /system/lib64/module/security/libhuks.z.so
5b4fc36000-5b4fc37000 rw-p 00033000 /system/lib64/module/security/libhuks.z.so
5b4fc37000-5b4fc3a000 rw-p 00000000 [anon:libhuks.z.so.bss]
5b4fc40000-5b4fc49000 r--p 00000000 /system/lib64/module/libsensor.z.so
5b4fc49000-5b4fc6c000 r-xp 00008000 /system/lib64/module/libsensor.z.so
5b4fc6c000-5b4fc6e000 r--p 0002a000 /system/lib64/module/libsensor.z.so
5b4fc6e000-5b4fc6f000 rw-p 0002b000 /system/lib64/module/libsensor.z.so
5b4fc80000-5b4fc90000 r--p 00000000 /system/lib64/platformsdk/libsensor_client.z.so
5b4fc90000-5b4fcae000 r-xp 0000f000 /system/lib64/platformsdk/libsensor_client.z.so
5b4fcae000-5b4fcb1000 r--p 0002c000 /system/lib64/platformsdk/libsensor_client.z.so
5b4fcb1000-5b4fcb2000 rw-p 0002e000 /system/lib64/platformsdk/libsensor_client.z.so
5b4fcb2000-5b4fcb3000 rw-p 00000000 [anon:libsensor_client.z.so.bss]
5b4fcc0000-5b4fccb000 r--p 00000000 /system/lib64/platformsdk/libsensor_utils.z.so
5b4fccb000-5b4fcd5000 r-xp 0000a000 /system/lib64/platformsdk/libsensor_utils.z.so
5b4fcd5000-5b4fcd7000 r--p 00013000 /system/lib64/platformsdk/libsensor_utils.z.so
5b4fcd7000-5b4fcd8000 rw-p 00014000 /system/lib64/platformsdk/libsensor_utils.z.so
5b4fd00000-5b4fd05000 r--p 00000000 /system/lib64/platformsdk/libsensor_ipc.z.so
5b4fd05000-5b4fd0a000 r-xp 00004000 /system/lib64/platformsdk/libsensor_ipc.z.so
5b4fd0a000-5b4fd0c000 r--p 00008000 /system/lib64/platformsdk/libsensor_ipc.z.so
5b4fd0c000-5b4fd0d000 rw-p 00009000 /system/lib64/platformsdk/libsensor_ipc.z.so
5b4fd40000-5b4fd45000 r--p 00000000 /system/lib64/platformsdk/libsensor_agent.z.so
5b4fd45000-5b4fd4c000 r-xp 00004000 /system/lib64/platformsdk/libsensor_agent.z.so
5b4fd4c000-5b4fd4e000 r--p 0000a000 /system/lib64/platformsdk/libsensor_agent.z.so
5b4fd4e000-5b4fd4f000 rw-p 0000b000 /system/lib64/platformsdk/libsensor_agent.z.so
5b4fd80000-5b4fd8b000 r--p 00000000 /system/lib64/module/libsettings.z.so
5b4fd8b000-5b4fdac000 r-xp 0000a000 /system/lib64/module/libsettings.z.so
5b4fdac000-5b4fdaf000 r--p 0002a000 /system/lib64/module/libsettings.z.so
5b4fdaf000-5b4fdb0000 rw-p 0002c000 /system/lib64/module/libsettings.z.so
5b4fdb0000-5b4fdb1000 rw-p 00000000 [anon:libsettings.z.so.bss]
5b4fdc0000-5b4fdc4000 r--p 00000000 /system/lib64/libsettings_common.z.so
5b4fdc4000-5b4fdc8000 r-xp 00003000 /system/lib64/libsettings_common.z.so
5b4fdc8000-5b4fdc9000 r--p 00006000 /system/lib64/libsettings_common.z.so
5b4fdc9000-5b4fdca000 rw-p 00006000 /system/lib64/libsettings_common.z.so
5b4fe00000-5b4fe06000 r--p 00000000 /system/lib64/module/libsystemdatetime.z.so
5b4fe06000-5b4fe10000 r-xp 00005000 /system/lib64/module/libsystemdatetime.z.so
5b4fe10000-5b4fe13000 r--p 0000e000 /system/lib64/module/libsystemdatetime.z.so
5b4fe13000-5b4fe14000 rw-p 00010000 /system/lib64/module/libsystemdatetime.z.so
5b4fe40000-5b4fe53000 r--p 00000000 /system/lib64/platformsdk/libtel_common.z.so
5b4fe53000-5b4fe78000 r-xp 00012000 /system/lib64/platformsdk/libtel_common.z.so
5b4fe78000-5b4fe7a000 r--p 00036000 /system/lib64/platformsdk/libtel_common.z.so
5b4fe7a000-5b4fe7b000 rw-p 00037000 /system/lib64/platformsdk/libtel_common.z.so
5b4fe80000-5b4fe93000 r--p 00000000 /system/lib64/module/telephony/libradio.z.so
5b4fe93000-5b4fec4000 r-xp 00012000 /system/lib64/module/telephony/libradio.z.so
5b4fec4000-5b4fed4000 r--p 00042000 /system/lib64/module/telephony/libradio.z.so
5b4fed4000-5b4fed5000 rw-p 00051000 /system/lib64/module/telephony/libradio.z.so
5b4fed5000-5b4fed6000 rw-p 00000000 [anon:libradio.z.so.bss]
5b4ff00000-5b4ff0b000 r--p 00000000 /system/lib64/module/telephony/libsim.z.so
5b4ff0b000-5b4ff32000 r-xp 0000a000 /system/lib64/module/telephony/libsim.z.so
5b4ff32000-5b4ff35000 r--p 00030000 /system/lib64/module/telephony/libsim.z.so
5b4ff35000-5b4ff36000 rw-p 00032000 /system/lib64/module/telephony/libsim.z.so
5b4ff40000-5b4ff44000 r--p 00000000 /system/lib64/module/liburi.z.so
5b4ff44000-5b4ff5a000 r-xp 00003000 /system/lib64/module/liburi.z.so
5b4ff5a000-5b4ff5c000 r--p 00018000 /system/lib64/module/liburi.z.so
5b4ff5c000-5b4ff64000 rw-p 00019000 /system/lib64/module/liburi.z.so
5b4ff80000-5b4ff87000 r--p 00000000 /system/lib64/module/liburl.z.so
5b4ff87000-5b4ffaf000 r-xp 00006000 /system/lib64/module/liburl.z.so
5b4ffaf000-5b4ffb1000 r--p 0002d000 /system/lib64/module/liburl.z.so
5b4ffb1000-5b4ffbe000 rw-p 0002e000 /system/lib64/module/liburl.z.so
5b4ffc0000-5b4ffc8000 r--p 00000000 /system/lib64/module/libutil.z.so
5b4ffc8000-5b4ffdf000 r-xp 00007000 /system/lib64/module/libutil.z.so
5b4ffdf000-5b4ffe2000 r--p 0001d000 /system/lib64/module/libutil.z.so
5b4ffe2000-5b4fffc000 rw-p 0001f000 /system/lib64/module/libutil.z.so
5b50000000-5b50001000 r--p 00000000 /system/lib64/module/util/libarraylist.z.so
5b50001000-5b50004000 r-xp 00000000 /system/lib64/module/util/libarraylist.z.so
5b50004000-5b50005000 r--p 00002000 /system/lib64/module/util/libarraylist.z.so
5b50005000-5b5000b000 rw-p 00002000 /system/lib64/module/util/libarraylist.z.so
5b50040000-5b50041000 r--p 00000000 /system/lib64/module/util/libhashmap.z.so
5b50041000-5b50044000 r-xp 00000000 /system/lib64/module/util/libhashmap.z.so
5b50044000-5b50045000 r--p 00002000 /system/lib64/module/util/libhashmap.z.so
5b50045000-5b50048000 rw-p 00002000 /system/lib64/module/util/libhashmap.z.so
5b50080000-5b50081000 r--p 00000000 /system/lib64/module/util/libhashset.z.so
5b50081000-5b50084000 r-xp 00000000 /system/lib64/module/util/libhashset.z.so
5b50084000-5b50085000 r--p 00002000 /system/lib64/module/util/libhashset.z.so
5b50085000-5b50088000 rw-p 00002000 /system/lib64/module/util/libhashset.z.so
5b500c0000-5b500c1000 r--p 00000000 /system/lib64/module/util/liblist.z.so
5b500c1000-5b500c4000 r-xp 00000000 /system/lib64/module/util/liblist.z.so
5b500c4000-5b500c5000 r--p 00002000 /system/lib64/module/util/liblist.z.so
5b500c5000-5b500cc000 rw-p 00002000 /system/lib64/module/util/liblist.z.so
5b50100000-5b50101000 r--p 00000000 /system/lib64/module/util/libqueue.z.so
5b50101000-5b50104000 r-xp 00000000 /system/lib64/module/util/libqueue.z.so
5b50104000-5b50105000 r--p 00002000 /system/lib64/module/util/libqueue.z.so
5b50105000-5b50108000 rw-p 00002000 /system/lib64/module/util/libqueue.z.so
5b50140000-5b50141000 r--p 00000000 /system/lib64/module/util/libjson.z.so
5b50141000-5b50144000 r-xp 00000000 /system/lib64/module/util/libjson.z.so
5b50144000-5b50145000 r--p 00002000 /system/lib64/module/util/libjson.z.so
5b50145000-5b50148000 rw-p 00002000 /system/lib64/module/util/libjson.z.so
5b50180000-5b50187000 r--p 00000000 /system/lib64/module/libvibrator.z.so
5b50187000-5b5019d000 r-xp 00006000 /system/lib64/module/libvibrator.z.so
5b5019d000-5b5019e000 r--p 0001b000 /system/lib64/module/libvibrator.z.so
5b5019e000-5b5019f000 rw-p 0001b000 /system/lib64/module/libvibrator.z.so
5b501c0000-5b501d1000 r--p 00000000 /system/lib64/module/libwindow_napi.z.so
5b501d1000-5b501f3000 r-xp 00010000 /system/lib64/module/libwindow_napi.z.so
5b501f3000-5b501f7000 r--p 00031000 /system/lib64/module/libwindow_napi.z.so
5b501f7000-5b501f8000 rw-p 00034000 /system/lib64/module/libwindow_napi.z.so
5b501f8000-5b501f9000 rw-p 00000000 [anon:libwindow_napi.z.so.bss]
5b50200000-5b5020c000 r--p 00000000 /system/lib64/module/libworker.z.so
5b5020c000-5b50230000 r-xp 0000b000 /system/lib64/module/libworker.z.so
5b50230000-5b50232000 r--p 0002e000 /system/lib64/module/libworker.z.so
5b50232000-5b50233000 rw-p 0002f000 /system/lib64/module/libworker.z.so
5b50240000-5b5025e000 r--p 00000000 /system/lib64/module/libzlib.z.so
5b5025e000-5b502c3000 r-xp 0001d000 /system/lib64/module/libzlib.z.so
5b502c3000-5b502ca000 r--p 00081000 /system/lib64/module/libzlib.z.so
5b502ca000-5b502cb000 rw-p 00087000 /system/lib64/module/libzlib.z.so
5b502cb000-5b502cc000 rw-p 00000000 [anon:libzlib.z.so.bss]
5b50300000-5b5046f000 r--p 00000000 /system/lib64/libark_jsoptimizer.so
5b5046f000-5b51629000 r-xp 0016e000 /system/lib64/libark_jsoptimizer.so
5b51629000-5b51687000 r--p 01327000 /system/lib64/libark_jsoptimizer.so
5b51687000-5b51688000 rw-p 01384000 /system/lib64/libark_jsoptimizer.so
5b51688000-5b5171d000 rw-p 00000000 [anon:libark_jsoptimizer.so.bss]
5b51740000-5b51e77000 r--p 00000000 /system/lib64/libark_llvmcodegen.so
5b51e77000-5b533e6000 r-xp 00736000 /system/lib64/libark_llvmcodegen.so
5b533e6000-5b534da000 r--p 01ca4000 /system/lib64/libark_llvmcodegen.so
5b534da000-5b534dd000 rw-p 01d97000 /system/lib64/libark_llvmcodegen.so
5b534dd000-5b5351c000 rw-p 00000000 [anon:libark_llvmcodegen.so.bss]
5b5351c000-5b9351c000 rw-p 00000000 
5b93540000-5b94485000 r--p 00000000 /data/storage/el1/bundle/arkwebcore/libs/arm64/libarkweb_engine.so
5b94485000-5b9da0c000 r-xp 00f44000 /data/storage/el1/bundle/arkwebcore/libs/arm64/libarkweb_engine.so
5b9da0c000-5b9e283000 r--p 0a4ca000 /data/storage/el1/bundle/arkwebcore/libs/arm64/libarkweb_engine.so
5b9e283000-5b9e290000 r--p 0ad43000 /data/storage/el1/bundle/arkwebcore/libs/arm64/libarkweb_engine.so
5b9e290000-5b9e381000 rw-p 0ad50000 /data/storage/el1/bundle/arkwebcore/libs/arm64/libarkweb_engine.so
5b9e381000-5b9e4fe000 rw-p 00000000 [anon:libarkweb_engine.so.bss]
5b9e4fe000-5b9f7a4000 r--p 00001000 /data/storage/el1/bundle/entry.hap
5b9f7a4000-5ba0a4a000 r--p 00001000 /data/storage/el1/bundle/entry.hap
5c9e500000-5c9e5ad000 r--p 00000000 /data/storage/el1/bundle/libs/arm64/libneaudioeffects.so
5c9e5ad000-5c9e669000 r-xp 000ac000 /data/storage/el1/bundle/libs/arm64/libneaudioeffects.so
5c9e669000-5c9e66e000 r--p 00167000 /data/storage/el1/bundle/libs/arm64/libneaudioeffects.so
5c9e66e000-5c9e671000 rw-p 0016b000 /data/storage/el1/bundle/libs/arm64/libneaudioeffects.so
5c9e671000-5c9e728000 rw-p 00000000 [anon:libneaudioeffects.so.bss]
5c9e740000-5c9e7de000 r--p 00000000 /data/storage/el1/bundle/libs/arm64/librnoh_videoplayer.so
5c9e7de000-5c9e8d8000 r-xp 0009d000 /data/storage/el1/bundle/libs/arm64/librnoh_videoplayer.so
5c9e8d8000-5c9e8de000 r--p 00196000 /data/storage/el1/bundle/libs/arm64/librnoh_videoplayer.so
5c9e8de000-5c9e8df000 rw-p 0019b000 /data/storage/el1/bundle/libs/arm64/librnoh_videoplayer.so
5c9e900000-5c9ea9a000 r--p 00000000 /data/storage/el1/bundle/libs/arm64/libcaesar.so
5c9ea9a000-5c9ecb4000 r-xp 00199000 /data/storage/el1/bundle/libs/arm64/libcaesar.so
5c9ecb4000-5c9ed23000 r--p 003b2000 /data/storage/el1/bundle/libs/arm64/libcaesar.so
5c9ed23000-5c9ed26000 rw-p 00420000 /data/storage/el1/bundle/libs/arm64/libcaesar.so
5c9ed26000-5c9ed2a000 rw-p 00000000 [anon:libcaesar.so.bss]
5c9ed40000-5c9eda5000 r--p 00000000 /data/storage/el1/bundle/libs/arm64/librnoh_quick_sqlite.so
5c9eda5000-5c9eef5000 r-xp 00064000 /data/storage/el1/bundle/libs/arm64/librnoh_quick_sqlite.so
5c9eef5000-5c9eefa000 r--p 001b3000 /data/storage/el1/bundle/libs/arm64/librnoh_quick_sqlite.so
5c9eefa000-5c9eefe000 rw-p 001b7000 /data/storage/el1/bundle/libs/arm64/librnoh_quick_sqlite.so
5c9eefe000-5c9eeff000 rw-p 00000000 [anon:librnoh_quick_sqlite.so.bss]
5c9ef00000-5c9f11c000 r--p 00000000 /data/storage/el1/bundle/libs/arm64/libnetwork_strategy_sdk.so
5c9f11c000-5c9f770000 r-xp 0021b000 /data/storage/el1/bundle/libs/arm64/libnetwork_strategy_sdk.so
5c9f770000-5c9f783000 r--p 0086e000 /data/storage/el1/bundle/libs/arm64/libnetwork_strategy_sdk.so
5c9f783000-5c9f787000 rw-p 00880000 /data/storage/el1/bundle/libs/arm64/libnetwork_strategy_sdk.so
5c9f787000-5c9f78b000 rw-p 00000000 [anon:libnetwork_strategy_sdk.so.bss]
5c9f7c0000-5c9f7ec000 r--p 00000000 /data/storage/el1/bundle/libs/arm64/librnoh_slider.so
5c9f7ec000-5c9f811000 r-xp 0002b000 /data/storage/el1/bundle/libs/arm64/librnoh_slider.so
5c9f811000-5c9f814000 r--p 0004f000 /data/storage/el1/bundle/libs/arm64/librnoh_slider.so
5c9f814000-5c9f815000 rw-p 00051000 /data/storage/el1/bundle/libs/arm64/librnoh_slider.so
5c9f840000-5c9f90d000 r--p 00000000 /data/storage/el1/bundle/libs/arm64/libhermesvm.so
5c9f90d000-5c9fbc4000 r-xp 000cc000 /data/storage/el1/bundle/libs/arm64/libhermesvm.so
5c9fbc4000-5c9fbd2000 r--p 00382000 /data/storage/el1/bundle/libs/arm64/libhermesvm.so
5c9fbd2000-5c9fbd4000 rw-p 0038f000 /data/storage/el1/bundle/libs/arm64/libhermesvm.so
5c9fbd4000-5c9fbd8000 rw-p 00000000 [anon:libhermesvm.so.bss]
5c9fc00000-5c9fc8d000 r--p 00000000 /data/storage/el1/bundle/libs/arm64/libAegisSDK.so
5c9fc8d000-5c9fc91000 r--p 0008d000 /data/storage/el1/bundle/libs/arm64/libAegisSDK.so
5c9fc91000-5c9fde4000 r-xp 0008d000 /data/storage/el1/bundle/libs/arm64/libAegisSDK.so
5c9fde4000-5c9fde7000 r--p 001e4000 /data/storage/el1/bundle/libs/arm64/libAegisSDK.so
5c9fde7000-5c9fe10000 r--p 001df000 /data/storage/el1/bundle/libs/arm64/libAegisSDK.so
5c9fe10000-5c9fe13000 r--p 00210000 /data/storage/el1/bundle/libs/arm64/libAegisSDK.so
5c9fe13000-5c9fe15000 rw-p 00207000 /data/storage/el1/bundle/libs/arm64/libAegisSDK.so
5c9fe15000-5c9fe1b000 rw-p 00000000 [anon:libAegisSDK.so.bss]
5c9fe40000-5ca0034000 r--p 00000000 /data/storage/el1/bundle/libs/arm64/librnoh_core.so
5ca0034000-5ca024f000 r-xp 001f3000 /data/storage/el1/bundle/libs/arm64/librnoh_core.so
5ca024f000-5ca025b000 r--p 0040d000 /data/storage/el1/bundle/libs/arm64/librnoh_core.so
5ca025b000-5ca025c000 rw-p 00418000 /data/storage/el1/bundle/libs/arm64/librnoh_core.so
5ca025c000-5ca026d000 rw-p 00000000 [anon:librnoh_core.so.bss]
5ca0280000-5ca0282000 r--p 00000000 /system/lib64/ndk/libnative_display_soloist.so
5ca0282000-5ca0285000 r-xp 00001000 /system/lib64/ndk/libnative_display_soloist.so
5ca0285000-5ca0286000 r--p 00003000 /system/lib64/ndk/libnative_display_soloist.so
5ca0286000-5ca0287000 rw-p 00003000 /system/lib64/ndk/libnative_display_soloist.so
5ca02c0000-5ca057e000 r--p 00000000 /data/storage/el1/bundle/libs/arm64/librnoh_svg.so
5ca057e000-5ca0848000 r-xp 002bd000 /data/storage/el1/bundle/libs/arm64/librnoh_svg.so
5ca0848000-5ca086e000 r--p 00586000 /data/storage/el1/bundle/libs/arm64/librnoh_svg.so
5ca086e000-5ca086f000 rw-p 005ab000 /data/storage/el1/bundle/libs/arm64/librnoh_svg.so
5ca086f000-5ca0870000 rw-p 00000000 [anon:librnoh_svg.so.bss]
5ca0880000-5ca08b2000 r--p 00000000 /data/storage/el1/bundle/libs/arm64/libpagepresentation.so
5ca08b2000-5ca08e3000 r-xp 00031000 /data/storage/el1/bundle/libs/arm64/libpagepresentation.so
5ca08e3000-5ca08e5000 r--p 00061000 /data/storage/el1/bundle/libs/arm64/libpagepresentation.so
5ca08e5000-5ca08e6000 rw-p 00062000 /data/storage/el1/bundle/libs/arm64/libpagepresentation.so
5ca0900000-5ca090b000 r--p 00000000 /data/storage/el1/bundle/libs/arm64/librnoh_image_crop_picker.so
5ca090b000-5ca0917000 r-xp 0000a000 /data/storage/el1/bundle/libs/arm64/librnoh_image_crop_picker.so
5ca0917000-5ca0918000 r--p 00015000 /data/storage/el1/bundle/libs/arm64/librnoh_image_crop_picker.so
5ca0918000-5ca0919000 rw-p 00015000 /data/storage/el1/bundle/libs/arm64/librnoh_image_crop_picker.so
5ca0940000-5ca09c5000 r--p 00000000 /data/storage/el1/bundle/libs/arm64/librnoh_gesture_handler.so
5ca09c5000-5ca0a39000 r-xp 00084000 /data/storage/el1/bundle/libs/arm64/librnoh_gesture_handler.so
5ca0a39000-5ca0a3d000 r--p 000f7000 /data/storage/el1/bundle/libs/arm64/librnoh_gesture_handler.so
5ca0a3d000-5ca0a3e000 rw-p 000fa000 /data/storage/el1/bundle/libs/arm64/librnoh_gesture_handler.so
5ca0a40000-5ca0a8f000 r--p 00000000 /data/storage/el1/bundle/libs/arm64/librnoh_safe_area.so
5ca0a8f000-5ca0ad1000 r-xp 0004e000 /data/storage/el1/bundle/libs/arm64/librnoh_safe_area.so
5ca0ad1000-5ca0ad5000 r--p 0008f000 /data/storage/el1/bundle/libs/arm64/librnoh_safe_area.so
5ca0ad5000-5ca0ad6000 rw-p 00092000 /data/storage/el1/bundle/libs/arm64/librnoh_safe_area.so
5ca0b00000-5ca0b1f000 r--p 00000000 /data/storage/el1/bundle/libs/arm64/libneaudioaiif.so
5ca0b1f000-5ca0b72000 r-xp 0001e000 /data/storage/el1/bundle/libs/arm64/libneaudioaiif.so
5ca0b72000-5ca0b74000 r--p 00070000 /data/storage/el1/bundle/libs/arm64/libneaudioaiif.so
5ca0b74000-5ca0b75000 rw-p 00071000 /data/storage/el1/bundle/libs/arm64/libneaudioaiif.so
5ca0b75000-5ca0b76000 rw-p 00000000 [anon:libneaudioaiif.so.bss]
5ca0b80000-5ca0be9000 r--p 00000000 /data/storage/el1/bundle/libs/arm64/libjsi.so
5ca0be9000-5ca0c53000 r-xp 00068000 /data/storage/el1/bundle/libs/arm64/libjsi.so
5ca0c53000-5ca0c57000 r--p 000d1000 /data/storage/el1/bundle/libs/arm64/libjsi.so
5ca0c57000-5ca0c58000 rw-p 000d4000 /data/storage/el1/bundle/libs/arm64/libjsi.so
5ca0c58000-5ca0c68000 rw-p 00000000 [anon:libjsi.so.bss]
5ca0c80000-5ca0ca1000 r--p 00000000 /data/storage/el1/bundle/libs/arm64/librnoh_picker.so
5ca0ca1000-5ca0cba000 r-xp 00020000 /data/storage/el1/bundle/libs/arm64/librnoh_picker.so
5ca0cba000-5ca0cbc000 r--p 00038000 /data/storage/el1/bundle/libs/arm64/librnoh_picker.so
5ca0cbc000-5ca0cbd000 rw-p 00039000 /data/storage/el1/bundle/libs/arm64/librnoh_picker.so
5ca0cc0000-5ca0dd0000 r--p 00000000 /data/storage/el1/bundle/libs/arm64/libffmpeg.so
5ca0dd0000-5ca11da000 r-xp 0010f000 /data/storage/el1/bundle/libs/arm64/libffmpeg.so
5ca11da000-5ca1208000 r--p 00518000 /data/storage/el1/bundle/libs/arm64/libffmpeg.so
5ca1208000-5ca1216000 rw-p 00545000 /data/storage/el1/bundle/libs/arm64/libffmpeg.so
5ca1216000-5ca1648000 rw-p 00000000 [anon:libffmpeg.so.bss]
5ca1680000-5ca178e000 r--p 00000000 /data/storage/el1/bundle/libs/arm64/librnoh_worklets.so
5ca178e000-5ca18c1000 r-xp 0010d000 /data/storage/el1/bundle/libs/arm64/librnoh_worklets.so
5ca18c1000-5ca18ca000 r--p 0023f000 /data/storage/el1/bundle/libs/arm64/librnoh_worklets.so
5ca18ca000-5ca18cb000 rw-p 00247000 /data/storage/el1/bundle/libs/arm64/librnoh_worklets.so
5ca1900000-5ca197f000 r--p 00000000 /data/storage/el1/bundle/libs/arm64/libjsincmaudioplayer.so
5ca197f000-5ca1a5b000 r-xp 0007e000 /data/storage/el1/bundle/libs/arm64/libjsincmaudioplayer.so
5ca1a5b000-5ca1a61000 r--p 00159000 /data/storage/el1/bundle/libs/arm64/libjsincmaudioplayer.so
5ca1a61000-5ca1a62000 rw-p 0015e000 /data/storage/el1/bundle/libs/arm64/libjsincmaudioplayer.so
5ca1a62000-5ca1ae3000 rw-p 00000000 [anon:libjsincmaudioplayer.so.bss]
5ca1b00000-5ca1ef6000 r--p 00000000 /data/storage/el1/bundle/libs/arm64/librnoh_reanimated.so
5ca1ef6000-5ca22ef000 r-xp 003f5000 /data/storage/el1/bundle/libs/arm64/librnoh_reanimated.so
5ca22ef000-5ca2304000 r--p 007ed000 /data/storage/el1/bundle/libs/arm64/librnoh_reanimated.so
5ca2304000-5ca2305000 rw-p 00801000 /data/storage/el1/bundle/libs/arm64/librnoh_reanimated.so
5ca2305000-5ca2306000 rw-p 00000000 [anon:librnoh_reanimated.so.bss]
5ca2340000-5ca23bc000 r--p 00000000 /data/storage/el1/bundle/libs/arm64/librnoh_ncmplayerengine.so
5ca23bc000-5ca245e000 r-xp 0007b000 /data/storage/el1/bundle/libs/arm64/librnoh_ncmplayerengine.so
5ca245e000-5ca2462000 r--p 0011c000 /data/storage/el1/bundle/libs/arm64/librnoh_ncmplayerengine.so
5ca2462000-5ca2463000 rw-p 0011f000 /data/storage/el1/bundle/libs/arm64/librnoh_ncmplayerengine.so
5ca2480000-5ca24a9000 r--p 00000000 /data/storage/el1/bundle/libs/arm64/librnoh_masked_view.so
5ca24a9000-5ca24c9000 r-xp 00028000 /data/storage/el1/bundle/libs/arm64/librnoh_masked_view.so
5ca24c9000-5ca24cc000 r--p 00047000 /data/storage/el1/bundle/libs/arm64/librnoh_masked_view.so
5ca24cc000-5ca24cd000 rw-p 00049000 /data/storage/el1/bundle/libs/arm64/librnoh_masked_view.so
5ca2500000-5ca26f9000 r--p 00000000 /data/storage/el1/bundle/libs/arm64/libbase.so
5ca26f9000-5ca2a69000 r-xp 001f8000 /data/storage/el1/bundle/libs/arm64/libbase.so
5ca2a69000-5ca2a76000 r--p 00567000 /data/storage/el1/bundle/libs/arm64/libbase.so
5ca2a76000-5ca2a78000 rw-p 00573000 /data/storage/el1/bundle/libs/arm64/libbase.so
5ca2a78000-5ca2a7b000 rw-p 00000000 [anon:libbase.so.bss]
5ca2a80000-5ca2bd3000 r--p 00000000 /data/storage/el1/bundle/libs/arm64/librnoh_core_package.so
5ca2bd3000-5ca2d3b000 r-xp 00152000 /data/storage/el1/bundle/libs/arm64/librnoh_core_package.so
5ca2d3b000-5ca2d48000 r--p 002b9000 /data/storage/el1/bundle/libs/arm64/librnoh_core_package.so
5ca2d48000-5ca2d49000 rw-p 002c5000 /data/storage/el1/bundle/libs/arm64/librnoh_core_package.so
5ca2d49000-5ca2d4a000 rw-p 00000000 [anon:librnoh_core_package.so.bss]
5ca2d80000-5ca3336000 r--p 00000000 /data/storage/el1/bundle/libs/arm64/libreactnative.so
5ca3336000-5ca3985000 r-xp 005b5000 /data/storage/el1/bundle/libs/arm64/libreactnative.so
5ca3985000-5ca39a5000 r--p 00c03000 /data/storage/el1/bundle/libs/arm64/libreactnative.so
5ca39a5000-5ca39a8000 rw-p 00c22000 /data/storage/el1/bundle/libs/arm64/libreactnative.so
5ca39a8000-5ca39bc000 rw-p 00000000 [anon:libreactnative.so.bss]
5ca39c0000-5ca3a11000 r--p 00000000 /data/storage/el1/bundle/libs/arm64/librnoh_ohvideo_global.so
5ca3a11000-5ca3a7f000 r-xp 00050000 /data/storage/el1/bundle/libs/arm64/librnoh_ohvideo_global.so
5ca3a7f000-5ca3a83000 r--p 000bd000 /data/storage/el1/bundle/libs/arm64/librnoh_ohvideo_global.so
5ca3a83000-5ca3a84000 rw-p 000c0000 /data/storage/el1/bundle/libs/arm64/librnoh_ohvideo_global.so
5ca3ac0000-5ca3acc000 r--p 00000000 /data/storage/el1/bundle/libs/arm64/librnoh_fs.so
5ca3acc000-5ca3ad9000 r-xp 0000b000 /data/storage/el1/bundle/libs/arm64/librnoh_fs.so
5ca3ad9000-5ca3ada000 r--p 00017000 /data/storage/el1/bundle/libs/arm64/librnoh_fs.so
5ca3ada000-5ca3adb000 rw-p 00017000 /data/storage/el1/bundle/libs/arm64/librnoh_fs.so
5ca3b00000-5ca3b40000 r--p 00000000 /data/storage/el1/bundle/libs/arm64/libjsiCommonCache.so
5ca3b40000-5ca3b86000 r-xp 0003f000 /data/storage/el1/bundle/libs/arm64/libjsiCommonCache.so
5ca3b86000-5ca3b89000 r--p 00084000 /data/storage/el1/bundle/libs/arm64/libjsiCommonCache.so
5ca3b89000-5ca3b8b000 rw-p 00086000 /data/storage/el1/bundle/libs/arm64/libjsiCommonCache.so
5ca3bc0000-5ca3c52000 r--p 00000000 /data/storage/el1/bundle/libs/arm64/libc++_shared.so
5ca3c52000-5ca3cec000 r-xp 00091000 /data/storage/el1/bundle/libs/arm64/libc++_shared.so
5ca3cec000-5ca3cf6000 r--p 0012a000 /data/storage/el1/bundle/libs/arm64/libc++_shared.so
5ca3cf6000-5ca3cf7000 rw-p 00133000 /data/storage/el1/bundle/libs/arm64/libc++_shared.so
5ca3cf7000-5ca3cff000 rw-p 00000000 [anon:libc++_shared.so.bss]
5ca3d00000-5ca3d46000 r--p 00000000 /data/storage/el1/bundle/libs/arm64/librnoh_pager_view.so
5ca3d46000-5ca3d83000 r-xp 00045000 /data/storage/el1/bundle/libs/arm64/librnoh_pager_view.so
5ca3d83000-5ca3d86000 r--p 00081000 /data/storage/el1/bundle/libs/arm64/librnoh_pager_view.so
5ca3d86000-5ca3d87000 rw-p 00083000 /data/storage/el1/bundle/libs/arm64/librnoh_pager_view.so
5ca3dc0000-5ca3e6e000 r--p 00000000 /data/storage/el1/bundle/libs/arm64/libvideoplayer.so
5ca3e6e000-5ca4000000 r-xp 000ad000 /data/storage/el1/bundle/libs/arm64/libvideoplayer.so
5ca4000000-5ca4023000 r--p 0023e000 /data/storage/el1/bundle/libs/arm64/libvideoplayer.so
5ca4023000-5ca403c000 rw-p 00260000 /data/storage/el1/bundle/libs/arm64/libvideoplayer.so
5ca403c000-5ca4040000 rw-p 00000000 [anon:libvideoplayer.so.bss]
5ca4040000-5ca407b000 r--p 00000000 /data/storage/el1/bundle/libs/arm64/libncmplayerengine.so
5ca407b000-5ca40bf000 r-xp 0003a000 /data/storage/el1/bundle/libs/arm64/libncmplayerengine.so
5ca40bf000-5ca40c3000 r--p 0007d000 /data/storage/el1/bundle/libs/arm64/libncmplayerengine.so
5ca40c3000-5ca40c4000 rw-p 00080000 /data/storage/el1/bundle/libs/arm64/libncmplayerengine.so
5ca40c4000-5ca40c5000 rw-p 00000000 [anon:libncmplayerengine.so.bss]
5ca4100000-5ca4149000 r--p 00000000 /data/storage/el1/bundle/libs/arm64/librnoh_linear_gradient.so
5ca4149000-5ca4188000 r-xp 00048000 /data/storage/el1/bundle/libs/arm64/librnoh_linear_gradient.so
5ca4188000-5ca418a000 r--p 00086000 /data/storage/el1/bundle/libs/arm64/librnoh_linear_gradient.so
5ca418a000-5ca418b000 rw-p 00087000 /data/storage/el1/bundle/libs/arm64/librnoh_linear_gradient.so
5ca41c0000-5ca41c5000 r--p 00000000 /system/lib64/librawfile.z.so
5ca41c5000-5ca41cf000 r-xp 00004000 /system/lib64/librawfile.z.so
5ca41cf000-5ca41d0000 r--p 0000d000 /system/lib64/librawfile.z.so
5ca41d0000-5ca41d1000 rw-p 0000d000 /system/lib64/librawfile.z.so
5ca4200000-5ca423f000 r--p 00000000 /data/storage/el1/bundle/libs/arm64/librnoh_commoncache.so
5ca423f000-5ca4283000 r-xp 0003e000 /data/storage/el1/bundle/libs/arm64/librnoh_commoncache.so
5ca4283000-5ca4286000 r--p 00081000 /data/storage/el1/bundle/libs/arm64/librnoh_commoncache.so
5ca4286000-5ca4287000 rw-p 00083000 /data/storage/el1/bundle/libs/arm64/librnoh_commoncache.so
5ca4287000-5ca5687000 rw-p 00000000 [anon:native_heap:jemalloc]
5ca5687000-5ca5689000 ---p 00000000 [anon:guard:55497]
5ca5689000-5ca578a000 rw-p 00000000 [anon:stack:55497]
5ca5800000-5ca5801000 ---p 00000000 [anon:native_heap:jemalloc meta]
5ca5801000-5ca6000000 rw-p 00000000 [anon:native_heap:jemalloc meta]
5ca6000000-5ca6001000 ---p 00000000 [anon:native_heap:jemalloc meta]
5ca6001000-5ca6003000 ---p 00000000 [anon:guard:55498]
5ca6003000-5ca6104000 rw-p 00000000 [anon:stack:55498]
5ca6140000-5ca6177000 r--p 00000000 /system/lib64/module/net/libhttp.z.so
5ca6177000-5ca6178000 r--p 00037000 /system/lib64/module/net/libhttp.z.so
5ca6178000-5ca6256000 r-xp 00037000 /system/lib64/module/net/libhttp.z.so
5ca6256000-5ca6267000 r--p 00114000 /system/lib64/module/net/libhttp.z.so
5ca6267000-5ca6268000 rw-p 00124000 /system/lib64/module/net/libhttp.z.so
5ca6268000-5ca6269000 rw-p 00000000 [anon:libhttp.z.so.bss]
5ca6280000-5ca628b000 r--p 00000000 /system/lib64/platformsdk/libstack_utils_common.z.so
5ca628b000-5ca62a9000 r-xp 0000a000 /system/lib64/platformsdk/libstack_utils_common.z.so
5ca62a9000-5ca62ab000 r--p 00027000 /system/lib64/platformsdk/libstack_utils_common.z.so
5ca62ab000-5ca62ac000 rw-p 00028000 /system/lib64/platformsdk/libstack_utils_common.z.so
5ca62c0000-5ca62f0000 r--p 00000000 /system/lib64/module/file/libfs.z.so
5ca62f0000-5ca640a000 r-xp 0002f000 /system/lib64/module/file/libfs.z.so
5ca640a000-5ca641c000 r--p 00148000 /system/lib64/module/file/libfs.z.so
5ca641c000-5ca641d000 rw-p 00159000 /system/lib64/module/file/libfs.z.so
5ca641d000-5ca6420000 rw-p 00000000 [anon:libfs.z.so.bss]
5ca6440000-5ca6442000 r--p 00000000 /system/lib64/platformsdk/libtask_signal_native.z.so
5ca6442000-5ca6445000 r-xp 00001000 /system/lib64/platformsdk/libtask_signal_native.z.so
5ca6445000-5ca6446000 r--p 00003000 /system/lib64/platformsdk/libtask_signal_native.z.so
5ca6446000-5ca6447000 rw-p 00003000 /system/lib64/platformsdk/libtask_signal_native.z.so
5ca6480000-5ca6486000 r--p 00000000 /system/lib64/platformsdk/librust_file.z.so
5ca6486000-5ca648f000 r-xp 00005000 /system/lib64/platformsdk/librust_file.z.so
5ca648f000-5ca6490000 r--p 0000d000 /system/lib64/platformsdk/librust_file.z.so
5ca6490000-5ca6491000 rw-p 0000d000 /system/lib64/platformsdk/librust_file.z.so
5ca6491000-5ca6492000 rw-p 00000000 [anon:librust_file.z.so.bss]
5ca64c0000-5ca64d8000 r--p 00000000 /system/lib64/module/net/libwebsocket.z.so
5ca64d8000-5ca6548000 r-xp 00017000 /system/lib64/module/net/libwebsocket.z.so
5ca6548000-5ca654b000 r--p 00086000 /system/lib64/module/net/libwebsocket.z.so
5ca654b000-5ca654c000 rw-p 00088000 /system/lib64/module/net/libwebsocket.z.so
5ca654c000-5ca654d000 rw-p 00000000 [anon:libwebsocket.z.so.bss]
5ca6580000-5ca658a000 r--p 00000000 /system/lib64/libbundle_manager_common.z.so
5ca658a000-5ca659d000 r-xp 00009000 /system/lib64/libbundle_manager_common.z.so
5ca659d000-5ca659f000 r--p 0001b000 /system/lib64/libbundle_manager_common.z.so
5ca659f000-5ca65a0000 rw-p 0001c000 /system/lib64/libbundle_manager_common.z.so
5ca65c0000-5ca65d6000 r--p 00000000 /system/lib64/module/bundle/libbundlemanager.z.so
5ca65d6000-5ca661e000 r-xp 00015000 /system/lib64/module/bundle/libbundlemanager.z.so
5ca661e000-5ca6620000 r--p 0005c000 /system/lib64/module/bundle/libbundlemanager.z.so
5ca6620000-5ca6621000 rw-p 0005d000 /system/lib64/module/bundle/libbundlemanager.z.so
5ca6640000-5ca6646000 r--p 00000000 /system/lib64/module/libfont.z.so
5ca6646000-5ca665b000 r-xp 00005000 /system/lib64/module/libfont.z.so
5ca665b000-5ca665d000 r--p 00019000 /system/lib64/module/libfont.z.so
5ca665d000-5ca665e000 rw-p 0001a000 /system/lib64/module/libfont.z.so
5ca6680000-5ca6681000 r--p 00000000 /system/lib64/module/events/libemitter.z.so
5ca6681000-5ca6684000 r-xp 00000000 /system/lib64/module/events/libemitter.z.so
5ca6684000-5ca6685000 r--p 00002000 /system/lib64/module/events/libemitter.z.so
5ca6685000-5ca6686000 rw-p 00002000 /system/lib64/module/events/libemitter.z.so
5ca66c0000-5ca66c5000 r--p 00000000 /system/lib64/libemitter_interops.z.so
5ca66c5000-5ca66d1000 r-xp 00004000 /system/lib64/libemitter_interops.z.so
5ca66d1000-5ca66d3000 r--p 0000f000 /system/lib64/libemitter_interops.z.so
5ca66d3000-5ca66d4000 rw-p 00010000 /system/lib64/libemitter_interops.z.so
5ca6700000-5ca6708000 r--p 00000000 /system/lib64/libhidebug_native.z.so
5ca6708000-5ca6712000 r-xp 00007000 /system/lib64/libhidebug_native.z.so
5ca6712000-5ca6713000 r--p 00010000 /system/lib64/libhidebug_native.z.so
5ca6713000-5ca6714000 rw-p 00010000 /system/lib64/libhidebug_native.z.so
5ca6714000-5ca6715000 rw-p 00000000 [anon:libhidebug_native.z.so.bss]
5ca6740000-5ca6742000 r--p 00000000 /system/lib64/platformsdk/lib_dump_usage.z.so
5ca6742000-5ca6744000 r-xp 00001000 /system/lib64/platformsdk/lib_dump_usage.z.so
5ca6744000-5ca6746000 r--p 00002000 /system/lib64/platformsdk/lib_dump_usage.z.so
5ca6746000-5ca6747000 rw-p 00003000 /system/lib64/platformsdk/lib_dump_usage.z.so
5ca6780000-5ca67a2000 r--p 00000000 /system/lib64/platformsdk/libwifi_sdk.z.so
5ca67a2000-5ca67f9000 r-xp 00021000 /system/lib64/platformsdk/libwifi_sdk.z.so
5ca67f9000-5ca6803000 r--p 00077000 /system/lib64/platformsdk/libwifi_sdk.z.so
5ca6803000-5ca6804000 rw-p 00080000 /system/lib64/platformsdk/libwifi_sdk.z.so
5ca6804000-5ca6805000 rw-p 00000000 [anon:libwifi_sdk.z.so.bss]
5ca6840000-5ca6845000 r--p 00000000 /system/lib64/libhidumper_client.z.so
5ca6845000-5ca684b000 r-xp 00004000 /system/lib64/libhidumper_client.z.so
5ca684b000-5ca684e000 r--p 00009000 /system/lib64/libhidumper_client.z.so
5ca684e000-5ca684f000 rw-p 0000b000 /system/lib64/libhidumper_client.z.so
5ca6880000-5ca6888000 r--p 00000000 /system/lib64/platformsdk/libthermalsrv_client.z.so
5ca6888000-5ca6894000 r-xp 00007000 /system/lib64/platformsdk/libthermalsrv_client.z.so
5ca6894000-5ca6898000 r--p 00012000 /system/lib64/platformsdk/libthermalsrv_client.z.so
5ca6898000-5ca6899000 rw-p 00015000 /system/lib64/platformsdk/libthermalsrv_client.z.so
5ca68c0000-5ca68c9000 r--p 00000000 /system/lib64/libtrace_manager.z.so
5ca68c9000-5ca68e0000 r-xp 00008000 /system/lib64/libtrace_manager.z.so
5ca68e0000-5ca68e2000 r--p 0001e000 /system/lib64/libtrace_manager.z.so
5ca68e2000-5ca68e3000 rw-p 0001f000 /system/lib64/libtrace_manager.z.so
5ca6900000-5ca6916000 r--p 00000000 /system/lib64/platformsdk/libucollection_utility.z.so
5ca6916000-5ca696b000 r-xp 00015000 /system/lib64/platformsdk/libucollection_utility.z.so
5ca696b000-5ca6970000 r--p 00069000 /system/lib64/platformsdk/libucollection_utility.z.so
5ca6970000-5ca6971000 rw-p 0006d000 /system/lib64/platformsdk/libucollection_utility.z.so
5ca6980000-5ca6985000 r--p 00000000 /system/lib64/platformsdk/libhiperf_client.z.so
5ca6985000-5ca698b000 r-xp 00004000 /system/lib64/platformsdk/libhiperf_client.z.so
5ca698b000-5ca698d000 r--p 00009000 /system/lib64/platformsdk/libhiperf_client.z.so
5ca698d000-5ca698e000 rw-p 0000a000 /system/lib64/platformsdk/libhiperf_client.z.so
5ca69c0000-5ca69ce000 r--p 00000000 /system/lib64/platformsdk/libhitrace_dump.z.so
5ca69ce000-5ca69f7000 r-xp 0000d000 /system/lib64/platformsdk/libhitrace_dump.z.so
5ca69f7000-5ca69f9000 r--p 00035000 /system/lib64/platformsdk/libhitrace_dump.z.so
5ca69f9000-5ca69fa000 rw-p 00036000 /system/lib64/platformsdk/libhitrace_dump.z.so
5ca69fa000-5ca69fb000 rw-p 00000000 [anon:libhitrace_dump.z.so.bss]
5ca6a00000-5ca6a07000 r--p 00000000 /system/lib64/module/libhidebug.z.so
5ca6a07000-5ca6a16000 r-xp 00006000 /system/lib64/module/libhidebug.z.so
5ca6a16000-5ca6a18000 r--p 00014000 /system/lib64/module/libhidebug.z.so
5ca6a18000-5ca6a19000 rw-p 00015000 /system/lib64/module/libhidebug.z.so
5ca6a40000-5ca6a74000 r--p 00000000 /system/lib64/libhiviewbase.z.so
5ca6a74000-5ca6b10000 r-xp 00033000 /system/lib64/libhiviewbase.z.so
5ca6b10000-5ca6b18000 r--p 000ce000 /system/lib64/libhiviewbase.z.so
5ca6b18000-5ca6b19000 rw-p 000d5000 /system/lib64/libhiviewbase.z.so
5ca6b40000-5ca6b50000 r--p 00000000 /system/lib64/platformsdk/libwifi_utils.z.so
5ca6b50000-5ca6b75000 r-xp 0000f000 /system/lib64/platformsdk/libwifi_utils.z.so
5ca6b75000-5ca6b7a000 r--p 00033000 /system/lib64/platformsdk/libwifi_utils.z.so
5ca6b7a000-5ca6b7b000 rw-p 00037000 /system/lib64/platformsdk/libwifi_utils.z.so
5ca6b80000-5ca6b86000 r--p 00000000 /system/lib64/chipset-sdk/libfaultlogger.z.so
5ca6b86000-5ca6b90000 r-xp 00005000 /system/lib64/chipset-sdk/libfaultlogger.z.so
5ca6b90000-5ca6b92000 r--p 0000e000 /system/lib64/chipset-sdk/libfaultlogger.z.so
5ca6b92000-5ca6b93000 rw-p 0000f000 /system/lib64/chipset-sdk/libfaultlogger.z.so
5ca6bc0000-5ca6bcd000 r--p 00000000 /system/lib64/libha_app_event.z.so
5ca6bcd000-5ca6c01000 r-xp 0000c000 /system/lib64/libha_app_event.z.so
5ca6c01000-5ca6c03000 r--p 0003f000 /system/lib64/libha_app_event.z.so
5ca6c03000-5ca6c04000 rw-p 00040000 /system/lib64/libha_app_event.z.so
5ca6c04000-5ca6c06000 rw-p 00000000 [anon:libha_app_event.z.so.bss]
5ca6c40000-5ca6c4b000 r--p 00000000 /system/lib64/module/libaccessibility_napi.z.so
5ca6c4b000-5ca6c6a000 r-xp 0000a000 /system/lib64/module/libaccessibility_napi.z.so
5ca6c6a000-5ca6c6c000 r--p 00028000 /system/lib64/module/libaccessibility_napi.z.so
5ca6c6c000-5ca6c6d000 rw-p 00029000 /system/lib64/module/libaccessibility_napi.z.so
5ca6c6d000-5ca6c6f000 ---p 00000000 [anon:guard:55507]
5ca6c6f000-5ca6d70000 rw-p 00000000 [anon:stack:55507]
5ca6d80000-5ca6d8c000 r--p 00000000 /system/lib64/module/telephony/libcall.z.so
5ca6d8c000-5ca6db8000 r-xp 0000b000 /system/lib64/module/telephony/libcall.z.so
5ca6db8000-5ca6dbb000 r--p 00036000 /system/lib64/module/telephony/libcall.z.so
5ca6dbb000-5ca6dc1000 rw-p 00038000 /system/lib64/module/telephony/libcall.z.so
5ca6e00000-5ca6e14000 r--p 00000000 /system/lib64/platformsdk/libtel_call_manager_api.z.so
5ca6e14000-5ca6e4c000 r-xp 00013000 /system/lib64/platformsdk/libtel_call_manager_api.z.so
5ca6e4c000-5ca6e52000 r--p 0004a000 /system/lib64/platformsdk/libtel_call_manager_api.z.so
5ca6e52000-5ca6e53000 rw-p 0004f000 /system/lib64/platformsdk/libtel_call_manager_api.z.so
5ca6e53000-5ca6e55000 ---p 00000000 [anon:guard:55510]
5ca6e55000-5ca6f56000 rw-p 00000000 [anon:stack:55510]
5ca6f56000-5ca6f58000 ---p 00000000 [anon:guard:55987]
5ca6f58000-5ca7059000 rw-p 00000000 [anon:stack:55987]
5ca7059000-5ca72d9000 rw-p 00000000 [anon:native_heap:jemalloc]
5ca7300000-5ca730c000 r--p 00000000 /system/lib64/libsystemshare_jskits.z.so
5ca730c000-5ca7324000 r-xp 0000b000 /system/lib64/libsystemshare_jskits.z.so
5ca7324000-5ca7327000 r--p 00022000 /system/lib64/libsystemshare_jskits.z.so
5ca7327000-5ca7328000 rw-p 00024000 /system/lib64/libsystemshare_jskits.z.so
5ca7340000-5ca7346000 r--p 00000000 /system/lib64/libsystemshare_innerkits.z.so
5ca7346000-5ca734e000 r-xp 00005000 /system/lib64/libsystemshare_innerkits.z.so
5ca734e000-5ca7350000 r--p 0000c000 /system/lib64/libsystemshare_innerkits.z.so
5ca7350000-5ca7351000 rw-p 0000d000 /system/lib64/libsystemshare_innerkits.z.so
5ca7380000-5ca7381000 r--p 00000000 /system/lib64/module/hms/collaboration/libsystemshare.z.so
5ca7381000-5ca7383000 r-xp 00000000 /system/lib64/module/hms/collaboration/libsystemshare.z.so
5ca7383000-5ca7384000 r--p 00001000 /system/lib64/module/hms/collaboration/libsystemshare.z.so
5ca7384000-5ca7385000 rw-p 00001000 /system/lib64/module/hms/collaboration/libsystemshare.z.so
5ca73c0000-5ca73c9000 r--p 00000000 /system/lib64/libsystemshare_base.z.so
5ca73c9000-5ca73d9000 r-xp 00008000 /system/lib64/libsystemshare_base.z.so
5ca73d9000-5ca73db000 r--p 00017000 /system/lib64/libsystemshare_base.z.so
5ca73db000-5ca73dc000 rw-p 00018000 /system/lib64/libsystemshare_base.z.so
5ca7400000-5ca7409000 r--p 00000000 /system/lib64/module/data/libuniformtypedescriptor_napi.z.so
5ca7409000-5ca7420000 r-xp 00008000 /system/lib64/module/data/libuniformtypedescriptor_napi.z.so
5ca7420000-5ca7422000 r--p 0001e000 /system/lib64/module/data/libuniformtypedescriptor_napi.z.so
5ca7422000-5ca7423000 rw-p 0001f000 /system/lib64/module/data/libuniformtypedescriptor_napi.z.so
5ca7423000-5ca7424000 rw-p 00000000 [anon:libuniformtypedescriptor_napi.z.so.bss]
5ca7440000-5ca7448000 r--p 00000000 /system/lib64/liblbsbase_module.z.so
5ca7448000-5ca7454000 r-xp 00007000 /system/lib64/liblbsbase_module.z.so
5ca7454000-5ca7458000 r--p 00012000 /system/lib64/liblbsbase_module.z.so
5ca7458000-5ca7459000 rw-p 00015000 /system/lib64/liblbsbase_module.z.so
5ca7480000-5ca74bb000 r--p 00000000 /system/lib64/module/web/libwebview_napi.z.so
5ca74bb000-5ca757c000 r-xp 0003a000 /system/lib64/module/web/libwebview_napi.z.so
5ca757c000-5ca7586000 r--p 000fa000 /system/lib64/module/web/libwebview_napi.z.so
5ca7586000-5ca7599000 rw-p 00103000 /system/lib64/module/web/libwebview_napi.z.so
5ca7599000-5ca759a000 rw-p 00000000 [anon:libwebview_napi.z.so.bss]
5ca75c0000-5ca75e0000 r--p 00000000 /system/lib64/platformsdk/liblbsservice_common.z.so
5ca75e0000-5ca7619000 r-xp 0001f000 /system/lib64/platformsdk/liblbsservice_common.z.so
5ca7619000-5ca761e000 r--p 00057000 /system/lib64/platformsdk/liblbsservice_common.z.so
5ca761e000-5ca761f000 rw-p 0005b000 /system/lib64/platformsdk/liblbsservice_common.z.so
5ca761f000-5ca7621000 rw-p 00000000 [anon:liblbsservice_common.z.so.bss]
5ca7640000-5ca764a000 r--p 00000000 /system/lib64/chipset-sdk/libcert_manager_sdk.z.so
5ca764a000-5ca7658000 r-xp 00009000 /system/lib64/chipset-sdk/libcert_manager_sdk.z.so
5ca7658000-5ca765a000 r--p 00016000 /system/lib64/chipset-sdk/libcert_manager_sdk.z.so
5ca765a000-5ca765b000 rw-p 00017000 /system/lib64/chipset-sdk/libcert_manager_sdk.z.so
5ca7680000-5ca76e0000 r--p 00000000 /system/lib64/platformsdk/libnweb_ohos_adapter.z.so
5ca76e0000-5ca77a3000 r-xp 0005f000 /system/lib64/platformsdk/libnweb_ohos_adapter.z.so
5ca77a3000-5ca77b2000 r--p 00121000 /system/lib64/platformsdk/libnweb_ohos_adapter.z.so
5ca77b2000-5ca77b3000 rw-p 0012f000 /system/lib64/platformsdk/libnweb_ohos_adapter.z.so
5ca77b3000-5ca77b7000 rw-p 00000000 [anon:libnweb_ohos_adapter.z.so.bss]
5ca77c0000-5ca77c4000 r--p 00000000 /system/lib64/module/file/libphotoaccesshelpernative.z.so
5ca77c4000-5ca77d0000 r-xp 00003000 /system/lib64/module/file/libphotoaccesshelpernative.z.so
5ca77d0000-5ca77d1000 r--p 0000e000 /system/lib64/module/file/libphotoaccesshelpernative.z.so
5ca77d1000-5ca77d2000 rw-p 0000e000 /system/lib64/module/file/libphotoaccesshelpernative.z.so
5ca77d2000-5ca77d4000 rw-p 00000000 [anon:libphotoaccesshelpernative.z.so.bss]
5ca7800000-5ca7809000 r--p 00000000 /system/lib64/platformsdk/libmedia_cloud_enhance_plugin.z.so
5ca7809000-5ca781b000 r-xp 00008000 /system/lib64/platformsdk/libmedia_cloud_enhance_plugin.z.so
5ca781b000-5ca781d000 r--p 00019000 /system/lib64/platformsdk/libmedia_cloud_enhance_plugin.z.so
5ca781d000-5ca781e000 rw-p 0001a000 /system/lib64/platformsdk/libmedia_cloud_enhance_plugin.z.so
5ca7840000-5ca7851000 r--p 00000000 /system/lib64/platformsdk/libmedia_cloud_enhance_client.z.so
5ca7851000-5ca786b000 r-xp 00010000 /system/lib64/platformsdk/libmedia_cloud_enhance_client.z.so
5ca786b000-5ca7873000 r--p 00029000 /system/lib64/platformsdk/libmedia_cloud_enhance_client.z.so
5ca7873000-5ca7874000 rw-p 00030000 /system/lib64/platformsdk/libmedia_cloud_enhance_client.z.so
5ca7880000-5ca7886000 r--p 00000000 /system/lib64/module/multimedia/libcamerapicker_napi.z.so
5ca7886000-5ca7891000 r-xp 00005000 /system/lib64/module/multimedia/libcamerapicker_napi.z.so
5ca7891000-5ca7892000 r--p 0000f000 /system/lib64/module/multimedia/libcamerapicker_napi.z.so
5ca7892000-5ca7893000 rw-p 0000f000 /system/lib64/module/multimedia/libcamerapicker_napi.z.so
5ca7893000-5ca7894000 rw-p 00000000 [anon:libcamerapicker_napi.z.so.bss]
5ca78c0000-5ca78c4000 r--p 00000000 /system/lib64/module/web/libwebnativemessagingextensionmanager_napi.z.so
5ca78c4000-5ca78cd000 r-xp 00003000 /system/lib64/module/web/libwebnativemessagingextensionmanager_napi.z.so
5ca78cd000-5ca78ce000 r--p 0000b000 /system/lib64/module/web/libwebnativemessagingextensionmanager_napi.z.so
5ca78ce000-5ca78cf000 rw-p 0000b000 /system/lib64/module/web/libwebnativemessagingextensionmanager_napi.z.so
5ca7900000-5ca7904000 r--p 00000000 /system/lib64/module/graphics/libdisplaysync.z.so
5ca7904000-5ca7912000 r-xp 00003000 /system/lib64/module/graphics/libdisplaysync.z.so
5ca7912000-5ca7914000 r--p 00010000 /system/lib64/module/graphics/libdisplaysync.z.so
5ca7914000-5ca7915000 rw-p 00011000 /system/lib64/module/graphics/libdisplaysync.z.so
5ca7940000-5ca796e000 r--p 00000000 /system/lib64/libconnection_if.z.so
5ca796e000-5ca799a000 r-xp 0002d000 /system/lib64/libconnection_if.z.so
5ca799a000-5ca79a0000 r--p 00058000 /system/lib64/libconnection_if.z.so
5ca79a0000-5ca79a1000 rw-p 0005d000 /system/lib64/libconnection_if.z.so
5ca79c0000-5ca79cc000 r--p 00000000 /system/lib64/module/net/libconnection.z.so
5ca79cc000-5ca79df000 r-xp 0000b000 /system/lib64/module/net/libconnection.z.so
5ca79df000-5ca79e1000 r--p 0001e000 /system/lib64/module/net/libconnection.z.so
5ca79e1000-5ca79e2000 rw-p 0001f000 /system/lib64/module/net/libconnection.z.so
5ca7a00000-5ca7a02000 r--p 00000000 /system/lib64/module/app/ability/libwantconstant_napi.z.so
5ca7a02000-5ca7a05000 r-xp 00001000 /system/lib64/module/app/ability/libwantconstant_napi.z.so
5ca7a05000-5ca7a07000 r--p 00003000 /system/lib64/module/app/ability/libwantconstant_napi.z.so
5ca7a07000-5ca7a08000 rw-p 00004000 /system/lib64/module/app/ability/libwantconstant_napi.z.so
5ca7a40000-5ca7a43000 r--p 00000000 /data/storage/el1/bundle/libs/arm64/libutdid_native.so
5ca7a43000-5ca7a49000 r-xp 00002000 /data/storage/el1/bundle/libs/arm64/libutdid_native.so
5ca7a49000-5ca7a4a000 r--p 00007000 /data/storage/el1/bundle/libs/arm64/libutdid_native.so
5ca7a4a000-5ca7a4b000 rw-p 00007000 /data/storage/el1/bundle/libs/arm64/libutdid_native.so
5ca7a80000-5ca7b5a000 r--p 00000000 /data/storage/el1/bundle/libs/arm64/libblueshield.so
5ca7b5a000-5ca7b5c000 r--p 000da000 /data/storage/el1/bundle/libs/arm64/libblueshield.so
5ca7b5c000-5ca7ed8000 r-xp 000dc000 /data/storage/el1/bundle/libs/arm64/libblueshield.so
5ca7ed8000-5ca7ef2000 r--p 00457000 /data/storage/el1/bundle/libs/arm64/libblueshield.so
5ca7ef2000-5ca7f1a000 rw-p 00470000 /data/storage/el1/bundle/libs/arm64/libblueshield.so
5ca7f1a000-5ca7f49000 rw-p 00000000 [anon:libblueshield.so.bss]
5ca7f80000-5ca7f93000 r--p 00000000 /system/lib64/module/libtaskpool.z.so
5ca7f93000-5ca7fd7000 r-xp 00012000 /system/lib64/module/libtaskpool.z.so
5ca7fd7000-5ca7fdb000 r--p 00055000 /system/lib64/module/libtaskpool.z.so
5ca7fdb000-5ca7fdc000 rw-p 00058000 /system/lib64/module/libtaskpool.z.so
5ca7fdc000-5ca7fdd000 rw-p 00000000 [anon:libtaskpool.z.so.bss]
5ca7fdd000-5ca7fdf000 ---p 00000000 [anon:guard:55518]
5ca7fdf000-5ca87e0000 rw-p 00000000 [anon:stack:55518]
5ca87e0000-5ca87e2000 ---p 00000000 [anon:guard:55519]
5ca87e2000-5ca88e3000 rw-p 00000000 [anon:stack:55519]
5ca8900000-5ca8903000 r--p 00000000 /system/lib64/libpush_service_client.z.so
5ca8903000-5ca8906000 r-xp 00002000 /system/lib64/libpush_service_client.z.so
5ca8906000-5ca8908000 r--p 00004000 /system/lib64/libpush_service_client.z.so
5ca8908000-5ca8909000 rw-p 00005000 /system/lib64/libpush_service_client.z.so
5ca8940000-5ca8945000 r--p 00000000 /system/lib64/libpush_manager_client.z.so
5ca8945000-5ca894c000 r-xp 00004000 /system/lib64/libpush_manager_client.z.so
5ca894c000-5ca894e000 r--p 0000a000 /system/lib64/libpush_manager_client.z.so
5ca894e000-5ca894f000 rw-p 0000b000 /system/lib64/libpush_manager_client.z.so
5ca8980000-5ca8982000 r--p 00000000 /system/lib64/module/hms/core/libaaid_napi.z.so
5ca8982000-5ca8984000 r-xp 00001000 /system/lib64/module/hms/core/libaaid_napi.z.so
5ca8984000-5ca8985000 r--p 00002000 /system/lib64/module/hms/core/libaaid_napi.z.so
5ca8985000-5ca8986000 rw-p 00002000 /system/lib64/module/hms/core/libaaid_napi.z.so
5ca89c0000-5ca89c2000 r--p 00000000 /system/lib64/libaaid_client.z.so
5ca89c2000-5ca89c4000 r-xp 00001000 /system/lib64/libaaid_client.z.so
5ca89c4000-5ca89c6000 r--p 00002000 /system/lib64/libaaid_client.z.so
5ca89c6000-5ca89c7000 rw-p 00003000 /system/lib64/libaaid_client.z.so
5ca8a00000-5ca8a0b000 r--p 00000000 /system/lib64/module/libwifimanager.z.so
5ca8a0b000-5ca8a38000 r-xp 0000a000 /system/lib64/module/libwifimanager.z.so
5ca8a38000-5ca8a40000 r--p 00036000 /system/lib64/module/libwifimanager.z.so
5ca8a40000-5ca8a41000 rw-p 0003d000 /system/lib64/module/libwifimanager.z.so
5ca8a41000-5ca8a42000 rw-p 00000000 [anon:libwifimanager.z.so.bss]
5ca8a80000-5ca8a84000 r--p 00000000 /system/lib64/module/file/libstatvfs.z.so
5ca8a84000-5ca8a8f000 r-xp 00003000 /system/lib64/module/file/libstatvfs.z.so
5ca8a8f000-5ca8a91000 r--p 0000d000 /system/lib64/module/file/libstatvfs.z.so
5ca8a91000-5ca8a92000 rw-p 0000e000 /system/lib64/module/file/libstatvfs.z.so
5ca8ac0000-5ca8acc000 r--p 00000000 /system/lib64/module/libdistributeddevicemanager.z.so
5ca8acc000-5ca8af5000 r-xp 0000b000 /system/lib64/module/libdistributeddevicemanager.z.so
5ca8af5000-5ca8af7000 r--p 00033000 /system/lib64/module/libdistributeddevicemanager.z.so
5ca8af7000-5ca8af8000 rw-p 00034000 /system/lib64/module/libdistributeddevicemanager.z.so
5ca8af8000-5ca8af9000 rw-p 00000000 [anon:libdistributeddevicemanager.z.so.bss]
5ca8b00000-5ca8b05000 r--p 00000000 /system/lib64/platformsdk/libsg_classify_sdk.z.so
5ca8b05000-5ca8b0c000 r-xp 00004000 /system/lib64/platformsdk/libsg_classify_sdk.z.so
5ca8b0c000-5ca8b0e000 r--p 0000a000 /system/lib64/platformsdk/libsg_classify_sdk.z.so
5ca8b0e000-5ca8b0f000 rw-p 0000b000 /system/lib64/platformsdk/libsg_classify_sdk.z.so
5ca8b40000-5ca8b49000 r--p 00000000 /system/lib64/platformsdk/libsg_real_time_sdk.z.so
5ca8b49000-5ca8b5a000 r-xp 00008000 /system/lib64/platformsdk/libsg_real_time_sdk.z.so
5ca8b5a000-5ca8b5f000 r--p 00018000 /system/lib64/platformsdk/libsg_real_time_sdk.z.so
5ca8b5f000-5ca8b60000 rw-p 0001c000 /system/lib64/platformsdk/libsg_real_time_sdk.z.so
5ca8b80000-5ca8b8d000 r--p 00000000 /system/lib64/module/hms/security/libsafetydetect_napi.z.so
5ca8b8d000-5ca8bb7000 r-xp 0000c000 /system/lib64/module/hms/security/libsafetydetect_napi.z.so
5ca8bb7000-5ca8bbb000 r--p 00035000 /system/lib64/module/hms/security/libsafetydetect_napi.z.so
5ca8bbb000-5ca8bbc000 rw-p 00038000 /system/lib64/module/hms/security/libsafetydetect_napi.z.so
5ca8bc0000-5ca8bd3000 r--p 00000000 /system/lib64/platformsdk/liblocator_ext_sdk.z.so
5ca8bd3000-5ca8bf0000 r-xp 00012000 /system/lib64/platformsdk/liblocator_ext_sdk.z.so
5ca8bf0000-5ca8bf8000 r--p 0002e000 /system/lib64/platformsdk/liblocator_ext_sdk.z.so
5ca8bf8000-5ca8bf9000 rw-p 00035000 /system/lib64/platformsdk/liblocator_ext_sdk.z.so
5ca8c00000-5ca8c10000 r--p 00000000 /system/lib64/liblocator_interface_proxy.z.so
5ca8c10000-5ca8c34000 r-xp 0000f000 /system/lib64/liblocator_interface_proxy.z.so
5ca8c34000-5ca8c37000 r--p 00032000 /system/lib64/liblocator_interface_proxy.z.so
5ca8c37000-5ca8c38000 rw-p 00034000 /system/lib64/liblocator_interface_proxy.z.so
5ca8c40000-5ca8c53000 r--p 00000000 /system/lib64/platformsdk/liblbsservice_ext_common.z.so
5ca8c53000-5ca8c6f000 r-xp 00012000 /system/lib64/platformsdk/liblbsservice_ext_common.z.so
5ca8c6f000-5ca8c75000 r--p 0002d000 /system/lib64/platformsdk/liblbsservice_ext_common.z.so
5ca8c75000-5ca8c76000 rw-p 00032000 /system/lib64/platformsdk/liblbsservice_ext_common.z.so
5ca8c76000-5ca8c77000 rw-p 00000000 [anon:liblbsservice_ext_common.z.so.bss]
5ca8c80000-5ca8c89000 r--p 00000000 /system/lib64/libtrusted_app_service_client.so
5ca8c89000-5ca8c95000 r-xp 00009000 /system/lib64/libtrusted_app_service_client.so
5ca8c95000-5ca8c98000 r--p 00015000 /system/lib64/libtrusted_app_service_client.so
5ca8c98000-5ca8c99000 rw-p 00017000 /system/lib64/libtrusted_app_service_client.so
5ca8cc0000-5ca8cd3000 r--p 00000000 /system/lib64/platformsdk/liblocator_sdk.z.so
5ca8cd3000-5ca8cf2000 r-xp 00012000 /system/lib64/platformsdk/liblocator_sdk.z.so
5ca8cf2000-5ca8cf9000 r--p 00030000 /system/lib64/platformsdk/liblocator_sdk.z.so
5ca8cf9000-5ca8cfa000 rw-p 00036000 /system/lib64/platformsdk/liblocator_sdk.z.so
5ca8cfa000-5ca8cfb000 rw-p 00000000 [anon:liblocator_sdk.z.so.bss]
5ca8d00000-5ca8d07000 r--p 00000000 /system/lib64/module/hms/security/libtrustedappservice_napi.z.so
5ca8d07000-5ca8d12000 r-xp 00006000 /system/lib64/module/hms/security/libtrustedappservice_napi.z.so
5ca8d12000-5ca8d15000 r--p 00010000 /system/lib64/module/hms/security/libtrustedappservice_napi.z.so
5ca8d15000-5ca8d16000 rw-p 00012000 /system/lib64/module/hms/security/libtrustedappservice_napi.z.so
5ca8d40000-5ca8d45000 r--p 00000000 /system/lib64/libbrid_client.z.so
5ca8d45000-5ca8d4c000 r-xp 00004000 /system/lib64/libbrid_client.z.so
5ca8d4c000-5ca8d4f000 r--p 0000a000 /system/lib64/libbrid_client.z.so
5ca8d4f000-5ca8d50000 rw-p 0000c000 /system/lib64/libbrid_client.z.so
5ca8d80000-5ca8d83000 r--p 00000000 /system/lib64/module/hms/security/libbusinessriskintelligentdetection_napi.z.so
5ca8d83000-5ca8d89000 r-xp 00002000 /system/lib64/module/hms/security/libbusinessriskintelligentdetection_napi.z.so
5ca8d89000-5ca8d8a000 r--p 00007000 /system/lib64/module/hms/security/libbusinessriskintelligentdetection_napi.z.so
5ca8d8a000-5ca8d8b000 rw-p 00007000 /system/lib64/module/hms/security/libbusinessriskintelligentdetection_napi.z.so
5ca8dc0000-5ca8dc5000 r--p 00000000 /system/lib64/module/security/libasset_napi.z.so
5ca8dc5000-5ca8dd6000 r-xp 00004000 /system/lib64/module/security/libasset_napi.z.so
5ca8dd6000-5ca8dd9000 r--p 00014000 /system/lib64/module/security/libasset_napi.z.so
5ca8dd9000-5ca8dda000 rw-p 00016000 /system/lib64/module/security/libasset_napi.z.so
5ca8dda000-5ca8ddb000 rw-p 00000000 [anon:libasset_napi.z.so.bss]
5ca8e00000-5ca8ebf000 r--p 00000000 /data/storage/el1/bundle/libs/arm64/libbilog.so
5ca8ebf000-5ca902b000 r-xp 000be000 /data/storage/el1/bundle/libs/arm64/libbilog.so
5ca902b000-5ca9032000 r--p 00229000 /data/storage/el1/bundle/libs/arm64/libbilog.so
5ca9032000-5ca9033000 rw-p 0022f000 /data/storage/el1/bundle/libs/arm64/libbilog.so
5ca9033000-5ca9035000 rw-p 00000000 [anon:libbilog.so.bss]
5ca9040000-5ca904f000 r--p 00000000 /data/storage/el1/bundle/libs/arm64/liblocallog.so
5ca904f000-5ca9062000 r-xp 0000e000 /data/storage/el1/bundle/libs/arm64/liblocallog.so
5ca9062000-5ca9064000 r--p 00020000 /data/storage/el1/bundle/libs/arm64/liblocallog.so
5ca9064000-5ca9065000 rw-p 00021000 /data/storage/el1/bundle/libs/arm64/liblocallog.so
5ca9065000-5ca9066000 rw-p 00000000 [anon:liblocallog.so.bss]
5ca9080000-5ca90b9000 r--p 00000000 /data/storage/el1/bundle/libs/arm64/libnet_htprotect.so
5ca90b9000-5ca9177000 r-xp 00038000 /data/storage/el1/bundle/libs/arm64/libnet_htprotect.so
5ca9177000-5ca917c000 r--p 000f5000 /data/storage/el1/bundle/libs/arm64/libnet_htprotect.so
5ca917c000-5ca9185000 rw-p 000f9000 /data/storage/el1/bundle/libs/arm64/libnet_htprotect.so
5ca9185000-5ca91db000 rw-p 00000000 [anon:libnet_htprotect.so.bss]
5ca9200000-5ca9206000 r--p 00000000 /system/lib64/module/app/ability/libapplication_napi.z.so
5ca9206000-5ca920e000 r-xp 00005000 /system/lib64/module/app/ability/libapplication_napi.z.so
5ca920e000-5ca9210000 r--p 0000c000 /system/lib64/module/app/ability/libapplication_napi.z.so
5ca9210000-5ca9211000 rw-p 0000d000 /system/lib64/module/app/ability/libapplication_napi.z.so
5ca9240000-5ca925a000 r--p 00000000 /data/storage/el1/bundle/libs/arm64/libpoison.so
5ca925a000-5ca927d000 r-xp 00019000 /data/storage/el1/bundle/libs/arm64/libpoison.so
5ca927d000-5ca927f000 r--p 0003b000 /data/storage/el1/bundle/libs/arm64/libpoison.so
5ca927f000-5ca9280000 rw-p 0003c000 /data/storage/el1/bundle/libs/arm64/libpoison.so
5ca9280000-5ca9281000 rw-p 00000000 [anon:libpoison.so.bss]
5ca92c0000-5ca92d1000 r--p 00000000 /data/storage/el1/bundle/libs/arm64/libcustomconfig.so
5ca92d1000-5ca92f6000 r-xp 00010000 /data/storage/el1/bundle/libs/arm64/libcustomconfig.so
5ca92f6000-5ca92f7000 r--p 00034000 /data/storage/el1/bundle/libs/arm64/libcustomconfig.so
5ca92f7000-5ca92f8000 rw-p 00034000 /data/storage/el1/bundle/libs/arm64/libcustomconfig.so
5ca9300000-5ca9301000 r--p 00000000 /data/storage/el1/bundle/libs/arm64/libdebug.so
5ca9301000-5ca9302000 r-xp 00000000 /data/storage/el1/bundle/libs/arm64/libdebug.so
5ca9302000-5ca9304000 r--p 00000000 /data/storage/el1/bundle/libs/arm64/libdebug.so
5ca9304000-5ca9305000 rw-p 00001000 /data/storage/el1/bundle/libs/arm64/libdebug.so
5ca9340000-5ca9377000 r--p 00000000 /data/storage/el1/bundle/libs/arm64/libncmaudioplayer.so
5ca9377000-5ca93b9000 r-xp 00036000 /data/storage/el1/bundle/libs/arm64/libncmaudioplayer.so
5ca93b9000-5ca93bd000 r--p 00077000 /data/storage/el1/bundle/libs/arm64/libncmaudioplayer.so
5ca93bd000-5ca93be000 rw-p 0007a000 /data/storage/el1/bundle/libs/arm64/libncmaudioplayer.so
5ca93be000-5ca943e000 rw-p 00000000 [anon:libncmaudioplayer.so.bss]
5ca9440000-5ca94eb000 r--p 00000000 /data/storage/el1/bundle/libs/arm64/libNMCommonCache.so
5ca94eb000-5ca9590000 r-xp 000aa000 /data/storage/el1/bundle/libs/arm64/libNMCommonCache.so
5ca9590000-5ca9597000 r--p 0014e000 /data/storage/el1/bundle/libs/arm64/libNMCommonCache.so
5ca9597000-5ca9598000 rw-p 00154000 /data/storage/el1/bundle/libs/arm64/libNMCommonCache.so
5ca9598000-5ca9599000 rw-p 00000000 [anon:libNMCommonCache.so.bss]
5ca95c0000-5ca95c9000 r--p 00000000 /system/lib64/module/app/ability/libwantagent_napi.z.so
5ca95c9000-5ca95d2000 r-xp 00008000 /system/lib64/module/app/ability/libwantagent_napi.z.so
5ca95d2000-5ca95d4000 r--p 00010000 /system/lib64/module/app/ability/libwantagent_napi.z.so
5ca95d4000-5ca95d5000 rw-p 00011000 /system/lib64/module/app/ability/libwantagent_napi.z.so
5ca9600000-5ca9611000 r--p 00000000 /system/lib64/module/resourceschedule/libbackgroundtaskmanager_napi.z.so
5ca9611000-5ca9631000 r-xp 00010000 /system/lib64/module/resourceschedule/libbackgroundtaskmanager_napi.z.so
5ca9631000-5ca9634000 r--p 0002f000 /system/lib64/module/resourceschedule/libbackgroundtaskmanager_napi.z.so
5ca9634000-5ca9635000 rw-p 00031000 /system/lib64/module/resourceschedule/libbackgroundtaskmanager_napi.z.so
5ca9635000-5ca9636000 rw-p 00000000 [anon:libbackgroundtaskmanager_napi.z.so.bss]
5ca9640000-5ca9643000 r--p 00000000 /system/lib64/module/arkui/advanced/libdialog.z.so
5ca9643000-5ca964e000 r-xp 00002000 /system/lib64/module/arkui/advanced/libdialog.z.so
5ca964e000-5ca964f000 r--p 0000c000 /system/lib64/module/arkui/advanced/libdialog.z.so
5ca964f000-5ca9694000 rw-p 0000c000 /system/lib64/module/arkui/advanced/libdialog.z.so
5ca9694000-5ca9695000 rw-p 00000000 [anon:libdialog.z.so.bss]
5ca96c0000-5ca96c9000 r--p 00000000 /system/lib64/module/multimodalinput/libkeycode.z.so
5ca96c9000-5ca96d2000 r-xp 00008000 /system/lib64/module/multimodalinput/libkeycode.z.so
5ca96d2000-5ca96d4000 r--p 00010000 /system/lib64/module/multimodalinput/libkeycode.z.so
5ca96d4000-5ca96d5000 rw-p 00011000 /system/lib64/module/multimodalinput/libkeycode.z.so
5ca9700000-5ca970d000 r--p 00000000 /system/lib64/module/arkui/libobserver.z.so
5ca970d000-5ca9759000 r-xp 0000c000 /system/lib64/module/arkui/libobserver.z.so
5ca9759000-5ca975c000 r--p 00057000 /system/lib64/module/arkui/libobserver.z.so
5ca975c000-5ca975d000 rw-p 00059000 /system/lib64/module/arkui/libobserver.z.so
5ca975d000-5ca975e000 rw-p 00000000 [anon:libobserver.z.so.bss]
5ca9780000-5ca9781000 r--p 00000000 /system/lib64/module/arkts/libcollections.z.so
5ca9781000-5ca9784000 r-xp 00000000 /system/lib64/module/arkts/libcollections.z.so
5ca9784000-5ca9785000 r--p 00002000 /system/lib64/module/arkts/libcollections.z.so
5ca9785000-5ca9786000 rw-p 00002000 /system/lib64/module/arkts/libcollections.z.so
5ca97c0000-5ca97c1000 r--p 00000000 /system/lib64/module/util/libtreeset.z.so
5ca97c1000-5ca97c4000 r-xp 00000000 /system/lib64/module/util/libtreeset.z.so
5ca97c4000-5ca97c5000 r--p 00002000 /system/lib64/module/util/libtreeset.z.so
5ca97c5000-5ca97c9000 rw-p 00002000 /system/lib64/module/util/libtreeset.z.so
5ca9800000-5ca980d000 r--p 00000000 /system/lib64/module/arkts/libutils.z.so
5ca980d000-5ca981f000 r-xp 0000c000 /system/lib64/module/arkts/libutils.z.so
5ca981f000-5ca9821000 r--p 0001d000 /system/lib64/module/arkts/libutils.z.so
5ca9821000-5ca9825000 rw-p 0001e000 /system/lib64/module/arkts/libutils.z.so
5ca9825000-5ca9826000 rw-p 00000000 [anon:libutils.z.so.bss]
5ca9840000-5ca9845000 r--p 00000000 /data/storage/el1/bundle/libs/arm64/libhmrouterlibrary.so
5ca9845000-5ca984d000 r-xp 00004000 /data/storage/el1/bundle/libs/arm64/libhmrouterlibrary.so
5ca984d000-5ca984e000 r--p 0000b000 /data/storage/el1/bundle/libs/arm64/libhmrouterlibrary.so
5ca984e000-5ca984f000 rw-p 0000b000 /data/storage/el1/bundle/libs/arm64/libhmrouterlibrary.so
5ca984f000-5ca9850000 rw-p 00000000 [anon:libhmrouterlibrary.so.bss]
5ca9880000-5ca98a0000 r--p 00000000 /system/lib64/module/net/libsocket.z.so
5ca98a0000-5ca9986000 r-xp 0001f000 /system/lib64/module/net/libsocket.z.so
5ca9986000-5ca998e000 r--p 00104000 /system/lib64/module/net/libsocket.z.so
5ca998e000-5ca998f000 rw-p 0010b000 /system/lib64/module/net/libsocket.z.so
5ca99c0000-5ca99c3000 r--p 00000000 /system/lib64/module/libmediaquery.z.so
5ca99c3000-5ca99c9000 r-xp 00002000 /system/lib64/module/libmediaquery.z.so
5ca99c9000-5ca99ca000 r--p 00007000 /system/lib64/module/libmediaquery.z.so
5ca99ca000-5ca99cb000 rw-p 00007000 /system/lib64/module/libmediaquery.z.so
5ca9a00000-5ca9a06000 r--p 00000000 /data/storage/el1/bundle/libs/arm64/liblzma.so.5
5ca9a06000-5ca9a12000 r-xp 00005000 /data/storage/el1/bundle/libs/arm64/liblzma.so.5
5ca9a12000-5ca9a13000 r--p 00010000 /data/storage/el1/bundle/libs/arm64/liblzma.so.5
5ca9a13000-5ca9a14000 rw-p 00010000 /data/storage/el1/bundle/libs/arm64/liblzma.so.5
5ca9a40000-5ca9a41000 r--p 00000000 /data/storage/el1/bundle/libs/arm64/libxz.so
5ca9a41000-5ca9a43000 r-xp 00000000 /data/storage/el1/bundle/libs/arm64/libxz.so
5ca9a43000-5ca9a44000 r--p 00001000 /data/storage/el1/bundle/libs/arm64/libxz.so
5ca9a44000-5ca9a45000 rw-p 00001000 /data/storage/el1/bundle/libs/arm64/libxz.so
5ca9a80000-5ca9a84000 r--p 00000000 /data/storage/el1/bundle/libs/arm64/libbsdiffAPI.so
5ca9a84000-5ca9a9b000 r-xp 00003000 /data/storage/el1/bundle/libs/arm64/libbsdiffAPI.so
5ca9a9b000-5ca9a9d000 r--p 00019000 /data/storage/el1/bundle/libs/arm64/libbsdiffAPI.so
5ca9a9d000-5ca9a9f000 rw-p 0001a000 /data/storage/el1/bundle/libs/arm64/libbsdiffAPI.so
5ca9ac0000-5ca9ad7000 r--p 00000000 /data/storage/el1/bundle/libs/arm64/libzstdnapi.so
5ca9ad7000-5ca9b61000 r-xp 00016000 /data/storage/el1/bundle/libs/arm64/libzstdnapi.so
5ca9b61000-5ca9b63000 r--p 0009f000 /data/storage/el1/bundle/libs/arm64/libzstdnapi.so
5ca9b63000-5ca9b64000 rw-p 000a0000 /data/storage/el1/bundle/libs/arm64/libzstdnapi.so
5ca9b80000-5ca9baa000 r--p 00000000 /data/storage/el1/bundle/libs/arm64/libdatacenter.so
5ca9baa000-5ca9be8000 r-xp 00029000 /data/storage/el1/bundle/libs/arm64/libdatacenter.so
5ca9be8000-5ca9bea000 r--p 00066000 /data/storage/el1/bundle/libs/arm64/libdatacenter.so
5ca9bea000-5ca9beb000 rw-p 00067000 /data/storage/el1/bundle/libs/arm64/libdatacenter.so
5ca9beb000-5ca9bec000 rw-p 00000000 [anon:libdatacenter.so.bss]
5ca9c00000-5ca9c79000 r--p 00000000 /data/storage/el1/bundle/libs/arm64/libmusicdatacenter_core.so
5ca9c79000-5ca9d25000 r-xp 00078000 /data/storage/el1/bundle/libs/arm64/libmusicdatacenter_core.so
5ca9d25000-5ca9d29000 r--p 00123000 /data/storage/el1/bundle/libs/arm64/libmusicdatacenter_core.so
5ca9d29000-5ca9d2a000 rw-p 00126000 /data/storage/el1/bundle/libs/arm64/libmusicdatacenter_core.so
5ca9d2a000-5ca9d2b000 rw-p 00000000 [anon:libmusicdatacenter_core.so.bss]
5ca9d40000-5ca9d41000 r--p 00000000 /system/lib64/module/graphics/libdrawing_napi.z.so
5ca9d41000-5ca9d42000 r-xp 00000000 /system/lib64/module/graphics/libdrawing_napi.z.so
5ca9d42000-5ca9d43000 r--p 00000000 /system/lib64/module/graphics/libdrawing_napi.z.so
5ca9d43000-5ca9d44000 rw-p 00000000 /system/lib64/module/graphics/libdrawing_napi.z.so
5ca9d80000-5ca9dcb000 r--p 00000000 /data/storage/el1/bundle/libs/arm64/libdatareport_napi.so
5ca9dcb000-5ca9e39000 r-xp 0004a000 /data/storage/el1/bundle/libs/arm64/libdatareport_napi.so
5ca9e39000-5ca9e3e000 r--p 000b7000 /data/storage/el1/bundle/libs/arm64/libdatareport_napi.so
5ca9e3e000-5ca9e3f000 rw-p 000bb000 /data/storage/el1/bundle/libs/arm64/libdatareport_napi.so
5ca9e3f000-5ca9e41000 rw-p 00000000 [anon:libdatareport_napi.so.bss]
5ca9e80000-5ca9e8a000 r--p 00000000 /system/lib64/module/app/form/libformprovider.z.so
5ca9e8a000-5ca9e9e000 r-xp 00009000 /system/lib64/module/app/form/libformprovider.z.so
5ca9e9e000-5ca9ea1000 r--p 0001c000 /system/lib64/module/app/form/libformprovider.z.so
5ca9ea1000-5ca9ea2000 rw-p 0001e000 /system/lib64/module/app/form/libformprovider.z.so
5ca9ec0000-5ca9ec2000 r--p 00000000 /system/lib64/module/app/form/libformbindingdata.z.so
5ca9ec2000-5ca9ec6000 r-xp 00001000 /system/lib64/module/app/form/libformbindingdata.z.so
5ca9ec6000-5ca9ec7000 r--p 00004000 /system/lib64/module/app/form/libformbindingdata.z.so
5ca9ec7000-5ca9ec8000 rw-p 00004000 /system/lib64/module/app/form/libformbindingdata.z.so
5ca9f00000-5ca9f02000 r--p 00000000 /system/lib64/module/app/form/libforminfo.z.so
5ca9f02000-5ca9f07000 r-xp 00001000 /system/lib64/module/app/form/libforminfo.z.so
5ca9f07000-5ca9f08000 r--p 00005000 /system/lib64/module/app/form/libforminfo.z.so
5ca9f08000-5ca9f09000 rw-p 00005000 /system/lib64/module/app/form/libforminfo.z.so
5ca9f40000-5ca9f65000 r--p 00000000 /data/storage/el1/bundle/libs/arm64/libpalette.so
5ca9f65000-5ca9f94000 r-xp 00024000 /data/storage/el1/bundle/libs/arm64/libpalette.so
5ca9f94000-5ca9f96000 r--p 00052000 /data/storage/el1/bundle/libs/arm64/libpalette.so
5ca9f96000-5ca9f97000 rw-p 00053000 /data/storage/el1/bundle/libs/arm64/libpalette.so
5ca9fc0000-5ca9fc8000 r--p 00000000 /system/lib64/module/hms/core/account/liblogincomponent.z.so
5ca9fc8000-5ca9fd6000 r-xp 00007000 /system/lib64/module/hms/core/account/liblogincomponent.z.so
5ca9fd6000-5ca9fd9000 r--p 00014000 /system/lib64/module/hms/core/account/liblogincomponent.z.so
5ca9fd9000-5caa005000 rw-p 00016000 /system/lib64/module/hms/core/account/liblogincomponent.z.so
5caa005000-5caa006000 rw-p 00000000 [anon:liblogincomponent.z.so.bss]
5caa040000-5caa043000 r--p 00000000 /system/lib64/module/libconfigpolicy.z.so
5caa043000-5caa048000 r-xp 00002000 /system/lib64/module/libconfigpolicy.z.so
5caa048000-5caa04a000 r--p 00006000 /system/lib64/module/libconfigpolicy.z.so
5caa04a000-5caa04b000 rw-p 00007000 /system/lib64/module/libconfigpolicy.z.so
5caa080000-5caa08b000 r--p 00000000 /system/lib64/module/multimodalinput/libpointer.z.so
5caa08b000-5caa0ce000 r-xp 0000a000 /system/lib64/module/multimodalinput/libpointer.z.so
5caa0ce000-5caa0d1000 r--p 0004c000 /system/lib64/module/multimodalinput/libpointer.z.so
5caa0d1000-5caa0d2000 rw-p 0004e000 /system/lib64/module/multimodalinput/libpointer.z.so
5caa0d2000-5caa0d3000 rw-p 00000000 [anon:libpointer.z.so.bss]
5caa100000-5caa112000 r--p 00000000 /data/storage/el1/bundle/libs/arm64/libdat_harmony.so
5caa112000-5caa125000 r-xp 00011000 /data/storage/el1/bundle/libs/arm64/libdat_harmony.so
5caa125000-5caa127000 r--p 00023000 /data/storage/el1/bundle/libs/arm64/libdat_harmony.so
5caa127000-5caa128000 rw-p 00024000 /data/storage/el1/bundle/libs/arm64/libdat_harmony.so
5caa128000-5caa129000 rw-p 00000000 [anon:libdat_harmony.so.bss]
5caa140000-5caa145000 r--p 00000000 /system/lib64/module/telephony/libdata.z.so
5caa145000-5caa150000 r-xp 00004000 /system/lib64/module/telephony/libdata.z.so
5caa150000-5caa152000 r--p 0000e000 /system/lib64/module/telephony/libdata.z.so
5caa152000-5caa153000 rw-p 0000f000 /system/lib64/module/telephony/libdata.z.so
5caa180000-5caa195000 r--p 00000000 /system/lib64/module/hms/collaboration/librcp.z.so
5caa195000-5caa1cb000 r-xp 00014000 /system/lib64/module/hms/collaboration/librcp.z.so
5caa1cb000-5caa1d0000 r--p 00049000 /system/lib64/module/hms/collaboration/librcp.z.so
5caa1d0000-5caa1fd000 rw-p 0004d000 /system/lib64/module/hms/collaboration/librcp.z.so
5caa200000-5caa20f000 r--p 00000000 /data/storage/el1/bundle/libs/arm64/libctaccount.so
5caa20f000-5caa228000 r-xp 0000e000 /data/storage/el1/bundle/libs/arm64/libctaccount.so
5caa228000-5caa22a000 r--p 00026000 /data/storage/el1/bundle/libs/arm64/libctaccount.so
5caa22a000-5caa22b000 rw-p 00027000 /data/storage/el1/bundle/libs/arm64/libctaccount.so
5caa22b000-5caa22c000 rw-p 00000000 [anon:libctaccount.so.bss]
5caa240000-5caa247000 r--p 00000000 /system/lib64/platformsdk/libgeofence_sdk.z.so
5caa247000-5caa253000 r-xp 00006000 /system/lib64/platformsdk/libgeofence_sdk.z.so
5caa253000-5caa255000 r--p 00011000 /system/lib64/platformsdk/libgeofence_sdk.z.so
5caa255000-5caa256000 rw-p 00012000 /system/lib64/platformsdk/libgeofence_sdk.z.so
5caa280000-5caa29e000 r--p 00000000 /system/lib64/module/libgeolocationmanager.z.so
5caa29e000-5caa305000 r-xp 0001d000 /system/lib64/module/libgeolocationmanager.z.so
5caa305000-5caa313000 r--p 00083000 /system/lib64/module/libgeolocationmanager.z.so
5caa313000-5caa314000 rw-p 00090000 /system/lib64/module/libgeolocationmanager.z.so
5caa314000-5caa316000 rw-p 00000000 [anon:libgeolocationmanager.z.so.bss]
5caa340000-5caa345000 r--p 00000000 /system/lib64/ndk/libohcrypto.so
5caa345000-5caa34f000 r-xp 00004000 /system/lib64/ndk/libohcrypto.so
5caa34f000-5caa351000 r--p 0000d000 /system/lib64/ndk/libohcrypto.so
5caa351000-5caa352000 rw-p 0000e000 /system/lib64/ndk/libohcrypto.so
5caa380000-5caa3ac000 r--p 00000000 /data/storage/el1/bundle/libs/arm64/libupload.so
5caa3ac000-5caa3df000 r-xp 0002b000 /data/storage/el1/bundle/libs/arm64/libupload.so
5caa3df000-5caa3e2000 r--p 0005d000 /data/storage/el1/bundle/libs/arm64/libupload.so
5caa3e2000-5caa3e3000 rw-p 0005f000 /data/storage/el1/bundle/libs/arm64/libupload.so
5caa400000-5caa401000 r--p 00000000 /system/lib64/module/hms/core/scan/libscancore_napi.z.so
5caa401000-5caa404000 r-xp 00000000 /system/lib64/module/hms/core/scan/libscancore_napi.z.so
5caa404000-5caa405000 r--p 00002000 /system/lib64/module/hms/core/scan/libscancore_napi.z.so
5caa405000-5caa406000 rw-p 00002000 /system/lib64/module/hms/core/scan/libscancore_napi.z.so
5caa440000-5caa441000 r--p 00000000 /system/lib64/module/hms/core/scan/libscanbarcode_napi.z.so
5caa441000-5caa444000 r-xp 00000000 /system/lib64/module/hms/core/scan/libscanbarcode_napi.z.so
5caa444000-5caa445000 r--p 00002000 /system/lib64/module/hms/core/scan/libscanbarcode_napi.z.so
5caa445000-5caa44a000 rw-p 00002000 /system/lib64/module/hms/core/scan/libscanbarcode_napi.z.so
5caa480000-5caa48b000 r--p 00000000 /system/lib64/module/hms/core/scan/libscanuiextservice_napi.z.so
5caa48b000-5caa4a7000 r-xp 0000a000 /system/lib64/module/hms/core/scan/libscanuiextservice_napi.z.so
5caa4a7000-5caa4a9000 r--p 00025000 /system/lib64/module/hms/core/scan/libscanuiextservice_napi.z.so
5caa4a9000-5caa4aa000 rw-p 00026000 /system/lib64/module/hms/core/scan/libscanuiextservice_napi.z.so
5caa4aa000-5caa4ac000 rw-p 00000000 [anon:libscanuiextservice_napi.z.so.bss]
5caa4c0000-5caa4c7000 r--p 00000000 /system/lib64/module/hms/core/scan/libscanha_napi.z.so
5caa4c7000-5caa4da000 r-xp 00006000 /system/lib64/module/hms/core/scan/libscanha_napi.z.so
5caa4da000-5caa4dc000 r--p 00018000 /system/lib64/module/hms/core/scan/libscanha_napi.z.so
5caa4dc000-5caa4dd000 rw-p 00019000 /system/lib64/module/hms/core/scan/libscanha_napi.z.so
5caa500000-5caa516000 r--p 00000000 /data/storage/el1/bundle/libs/arm64/libbugbash_hilog.so
5caa516000-5caa52e000 r-xp 00015000 /data/storage/el1/bundle/libs/arm64/libbugbash_hilog.so
5caa52e000-5caa52f000 r--p 0002c000 /data/storage/el1/bundle/libs/arm64/libbugbash_hilog.so
5caa52f000-5caa530000 rw-p 0002c000 /data/storage/el1/bundle/libs/arm64/libbugbash_hilog.so
5caa530000-5caa531000 rw-p 00000000 [anon:libbugbash_hilog.so.bss]
5caa540000-5caa544000 r--p 00000000 /system/lib64/module/libthermal.z.so
5caa544000-5caa549000 r-xp 00003000 /system/lib64/module/libthermal.z.so
5caa549000-5caa54c000 r--p 00007000 /system/lib64/module/libthermal.z.so
5caa54c000-5caa54d000 rw-p 00009000 /system/lib64/module/libthermal.z.so
5caa580000-5caa581000 r--p 00000000 /data/storage/el1/bundle/libs/arm64/libmichelin.so
5caa581000-5caa582000 r-xp 00000000 /data/storage/el1/bundle/libs/arm64/libmichelin.so
5caa582000-5caa584000 r--p 00000000 /data/storage/el1/bundle/libs/arm64/libmichelin.so
5caa584000-5caa585000 rw-p 00001000 /data/storage/el1/bundle/libs/arm64/libmichelin.so
5caa5c0000-5caa5d2000 r--p 00000000 /system/lib64/module/hms/core/account/libminorsprotection.z.so
5caa5d2000-5caa601000 r-xp 00011000 /system/lib64/module/hms/core/account/libminorsprotection.z.so
5caa601000-5caa605000 r--p 0003f000 /system/lib64/module/hms/core/account/libminorsprotection.z.so
5caa605000-5caa606000 rw-p 00042000 /system/lib64/module/hms/core/account/libminorsprotection.z.so
5caa606000-5caa608000 rw-p 00000000 [anon:libminorsprotection.z.so.bss]
5caa640000-5caa6c8000 r--p 00000000 /data/storage/el1/bundle/libs/arm64/libsongrecognition.so
5caa6c8000-5caa740000 r-xp 00087000 /data/storage/el1/bundle/libs/arm64/libsongrecognition.so
5caa740000-5caa744000 r--p 000fe000 /data/storage/el1/bundle/libs/arm64/libsongrecognition.so
5caa744000-5caa745000 rw-p 00101000 /data/storage/el1/bundle/libs/arm64/libsongrecognition.so
5caa745000-5caa7c7000 rw-p 00000000 [anon:libsongrecognition.so.bss]
5caa800000-5caa801000 r--p 00000000 /system/lib64/ndk/libimage_ndk.z.so
5caa801000-5caa804000 r-xp 00000000 /system/lib64/ndk/libimage_ndk.z.so
5caa804000-5caa805000 r--p 00002000 /system/lib64/ndk/libimage_ndk.z.so
5caa805000-5caa806000 rw-p 00002000 /system/lib64/ndk/libimage_ndk.z.so
5caa840000-5caa843000 r--p 00000000 /system/lib64/libnative_media_avsource.so
5caa843000-5caa846000 r-xp 00002000 /system/lib64/libnative_media_avsource.so
5caa846000-5caa848000 r--p 00004000 /system/lib64/libnative_media_avsource.so
5caa848000-5caa849000 rw-p 00005000 /system/lib64/libnative_media_avsource.so
5caa880000-5caa887000 r--p 00000000 /system/lib64/libel5_filekey_manager_sdk.z.so
5caa887000-5caa88f000 r-xp 00006000 /system/lib64/libel5_filekey_manager_sdk.z.so
5caa88f000-5caa892000 r--p 0000d000 /system/lib64/libel5_filekey_manager_sdk.z.so
5caa892000-5caa893000 rw-p 0000f000 /system/lib64/libel5_filekey_manager_sdk.z.so
5caa8c0000-5caa8e4000 r--p 00000000 /data/storage/el1/bundle/libs/arm64/libdttoyger.so
5caa8e4000-5caa9ad000 r-xp 00023000 /data/storage/el1/bundle/libs/arm64/libdttoyger.so
5caa9ad000-5caa9b1000 r--p 000eb000 /data/storage/el1/bundle/libs/arm64/libdttoyger.so
5caa9b1000-5caa9b3000 rw-p 000ee000 /data/storage/el1/bundle/libs/arm64/libdttoyger.so
5caa9c0000-5caa9c4000 r--p 00000000 /system/lib64/libnative_media_adec.so
5caa9c4000-5caa9c8000 r-xp 00003000 /system/lib64/libnative_media_adec.so
5caa9c8000-5caa9c9000 r--p 00006000 /system/lib64/libnative_media_adec.so
5caa9c9000-5caa9ca000 rw-p 00006000 /system/lib64/libnative_media_adec.so
5caaa00000-5caaa09000 r--p 00000000 /system/lib64/platformsdk/libnativetoken_shared.z.so
5caaa09000-5caaa20000 r-xp 00008000 /system/lib64/platformsdk/libnativetoken_shared.z.so
5caaa20000-5caaa21000 r--p 0001e000 /system/lib64/platformsdk/libnativetoken_shared.z.so
5caaa21000-5caaa22000 rw-p 0001e000 /system/lib64/platformsdk/libnativetoken_shared.z.so
5caaa40000-5caaa43000 r--p 00000000 /system/lib64/libnative_media_avdemuxer.so
5caaa43000-5caaa46000 r-xp 00002000 /system/lib64/libnative_media_avdemuxer.so
5caaa46000-5caaa47000 r--p 00004000 /system/lib64/libnative_media_avdemuxer.so
5caaa47000-5caaa48000 rw-p 00004000 /system/lib64/libnative_media_avdemuxer.so
5caaa80000-5caaa86000 r--p 00000000 /system/lib64/libnative_media_avmuxer.so
5caaa86000-5caaa98000 r-xp 00005000 /system/lib64/libnative_media_avmuxer.so
5caaa98000-5caaa99000 r--p 00016000 /system/lib64/libnative_media_avmuxer.so
5caaa99000-5caaa9b000 rw-p 00016000 /system/lib64/libnative_media_avmuxer.so
5caaac0000-5caaac2000 r--p 00000000 /system/lib64/ndk/libimage_receiver_ndk.z.so
5caaac2000-5caaac5000 r-xp 00001000 /system/lib64/ndk/libimage_receiver_ndk.z.so
5caaac5000-5caaac6000 r--p 00003000 /system/lib64/ndk/libimage_receiver_ndk.z.so
5caaac6000-5caaac7000 rw-p 00003000 /system/lib64/ndk/libimage_receiver_ndk.z.so
5caab00000-5caab23000 r--p 00000000 /system/lib64/ndk/libohcamera.so
5caab23000-5caab5f000 r-xp 00022000 /system/lib64/ndk/libohcamera.so
5caab5f000-5caab61000 r--p 0005d000 /system/lib64/ndk/libohcamera.so
5caab61000-5caab62000 rw-p 0005e000 /system/lib64/ndk/libohcamera.so
5caab62000-5caab63000 rw-p 00000000 [anon:libohcamera.so.bss]
5caab80000-5caab9c000 r--p 00000000 /system/lib64/libmedia_library_asset_manager.z.so
5caab9c000-5caabd1000 r-xp 0001b000 /system/lib64/libmedia_library_asset_manager.z.so
5caabd1000-5caabd3000 r--p 0004f000 /system/lib64/libmedia_library_asset_manager.z.so
5caabd3000-5caabd4000 rw-p 00050000 /system/lib64/libmedia_library_asset_manager.z.so
5caabd4000-5caabd9000 rw-p 00000000 [anon:libmedia_library_asset_manager.z.so.bss]
5caac00000-5caac04000 r--p 00000000 /system/lib64/libnative_media_aenc.so
5caac04000-5caac08000 r-xp 00003000 /system/lib64/libnative_media_aenc.so
5caac08000-5caac09000 r--p 00006000 /system/lib64/libnative_media_aenc.so
5caac09000-5caac0a000 rw-p 00006000 /system/lib64/libnative_media_aenc.so
5caac40000-5caac41000 r--p 00000000 /system/lib64/ndk/libimage_packer_ndk.z.so
5caac41000-5caac44000 r-xp 00000000 /system/lib64/ndk/libimage_packer_ndk.z.so
5caac44000-5caac45000 r--p 00002000 /system/lib64/ndk/libimage_packer_ndk.z.so
5caac45000-5caac46000 rw-p 00002000 /system/lib64/ndk/libimage_packer_ndk.z.so
5caac80000-5caac8d000 r--p 00000000 /data/storage/el1/bundle/libs/arm64/libtoygerWrapper.so
5caac8d000-5caacc0000 r-xp 0000c000 /data/storage/el1/bundle/libs/arm64/libtoygerWrapper.so
5caacc0000-5caacc2000 r--p 0003e000 /data/storage/el1/bundle/libs/arm64/libtoygerWrapper.so
5caacc2000-5caacc3000 rw-p 0003f000 /data/storage/el1/bundle/libs/arm64/libtoygerWrapper.so
5caacc3000-5caacc4000 rw-p 00000000 [anon:libtoygerWrapper.so.bss]
5caad00000-5caaee9000 r--p 00000000 /data/storage/el1/bundle/libs/arm64/libfacedevice.so
5caaee9000-5caaeea000 r--p 001e9000 /data/storage/el1/bundle/libs/arm64/libfacedevice.so
5caaeea000-5cab2ed000 r-xp 001e9000 /data/storage/el1/bundle/libs/arm64/libfacedevice.so
5cab2ed000-5cab329000 r--p 005eb000 /data/storage/el1/bundle/libs/arm64/libfacedevice.so
5cab329000-5cab3af000 rw-p 00626000 /data/storage/el1/bundle/libs/arm64/libfacedevice.so
5cab3af000-5cab3b7000 rw-p 00000000 [anon:libfacedevice.so.bss]
5cab3c0000-5cab3d3000 r--p 00000000 /data/storage/el1/bundle/libs/arm64/libalive.so
5cab3d3000-5cab408000 r-xp 00012000 /data/storage/el1/bundle/libs/arm64/libalive.so
5cab408000-5cab40a000 r--p 00046000 /data/storage/el1/bundle/libs/arm64/libalive.so
5cab40a000-5cab40b000 rw-p 00047000 /data/storage/el1/bundle/libs/arm64/libalive.so
5cab40b000-5cab40c000 rw-p 00000000 [anon:libalive.so.bss]
5cab440000-5cab496000 r--p 00000000 /data/storage/el1/bundle/libs/arm64/libNEYDnn.so
5cab496000-5cab60d000 r-xp 00055000 /data/storage/el1/bundle/libs/arm64/libNEYDnn.so
5cab60d000-5cab618000 r--p 001cb000 /data/storage/el1/bundle/libs/arm64/libNEYDnn.so
5cab618000-5cab61a000 rw-p 001d5000 /data/storage/el1/bundle/libs/arm64/libNEYDnn.so
5cab640000-5cab6d0000 r--p 00000000 /data/storage/el1/bundle/libs/arm64/libfpGenerate.so
5cab6d0000-5cab75e000 r-xp 0008f000 /data/storage/el1/bundle/libs/arm64/libfpGenerate.so
5cab75e000-5cab766000 r--p 0011c000 /data/storage/el1/bundle/libs/arm64/libfpGenerate.so
5cab766000-5cab767000 rw-p 00123000 /data/storage/el1/bundle/libs/arm64/libfpGenerate.so
5cab767000-5cab768000 rw-p 00000000 [anon:libfpGenerate.so.bss]
5cab780000-5cab78f000 r--p 00000000 /data/storage/el1/bundle/libs/arm64/librnoh_fpgenerate.so
5cab78f000-5cab79f000 r-xp 0000e000 /data/storage/el1/bundle/libs/arm64/librnoh_fpgenerate.so
5cab79f000-5cab7a1000 r--p 0001d000 /data/storage/el1/bundle/libs/arm64/librnoh_fpgenerate.so
5cab7a1000-5cab7a2000 rw-p 0001e000 /data/storage/el1/bundle/libs/arm64/librnoh_fpgenerate.so
5cab7a2000-5cab7a3000 rw-p 00000000 [anon:librnoh_fpgenerate.so.bss]
5cab7c0000-5cab7d5000 r--p 00000000 /data/storage/el1/bundle/libs/arm64/librnoh_serialcore.so
5cab7d5000-5cab7f0000 r-xp 00014000 /data/storage/el1/bundle/libs/arm64/librnoh_serialcore.so
5cab7f0000-5cab7f2000 r--p 0002e000 /data/storage/el1/bundle/libs/arm64/librnoh_serialcore.so
5cab7f2000-5cab7f3000 rw-p 0002f000 /data/storage/el1/bundle/libs/arm64/librnoh_serialcore.so
5cab7f3000-5cab7f4000 rw-p 00000000 [anon:librnoh_serialcore.so.bss]
5cab800000-5cab815000 r--p 00000000 /data/storage/el1/bundle/libs/arm64/libserial_core.so
5cab815000-5cab830000 r-xp 00014000 /data/storage/el1/bundle/libs/arm64/libserial_core.so
5cab830000-5cab832000 r--p 0002e000 /data/storage/el1/bundle/libs/arm64/libserial_core.so
5cab832000-5cab833000 rw-p 0002f000 /data/storage/el1/bundle/libs/arm64/libserial_core.so
5cab833000-5cad033000 rw-p 00000000 [anon:native_heap:jemalloc]
5cad040000-5cad049000 r--p 00000000 /system/lib64/libcommentmanager_client.z.so
5cad049000-5cad052000 r-xp 00008000 /system/lib64/libcommentmanager_client.z.so
5cad052000-5cad055000 r--p 00010000 /system/lib64/libcommentmanager_client.z.so
5cad055000-5cad056000 rw-p 00012000 /system/lib64/libcommentmanager_client.z.so
5cad080000-5cad085000 r--p 00000000 /system/lib64/module/hms/core/appgalleryservice/libcommentmanager_napi.z.so
5cad085000-5cad092000 r-xp 00004000 /system/lib64/module/hms/core/appgalleryservice/libcommentmanager_napi.z.so
5cad092000-5cad094000 r--p 00010000 /system/lib64/module/hms/core/appgalleryservice/libcommentmanager_napi.z.so
5cad094000-5cad095000 rw-p 00011000 /system/lib64/module/hms/core/appgalleryservice/libcommentmanager_napi.z.so
5cad0c0000-5cad0c1000 r--p 00000000 /system/lib64/module/hms/core/scan/libdetectbarcode_napi.z.so
5cad0c1000-5cad0c4000 r-xp 00000000 /system/lib64/module/hms/core/scan/libdetectbarcode_napi.z.so
5cad0c4000-5cad0c5000 r--p 00002000 /system/lib64/module/hms/core/scan/libdetectbarcode_napi.z.so
5cad0c5000-5cad0d5000 rw-p 00002000 /system/lib64/module/hms/core/scan/libdetectbarcode_napi.z.so
5cad100000-5cad120000 r--p 00000000 /system/lib64/platformsdk/libmindir.z.so
5cad120000-5cad198000 r-xp 0001f000 /system/lib64/platformsdk/libmindir.z.so
5cad198000-5cad19a000 r--p 00096000 /system/lib64/platformsdk/libmindir.z.so
5cad19a000-5cad19b000 rw-p 00097000 /system/lib64/platformsdk/libmindir.z.so
5cad1c0000-5cad1c8000 r--p 00000000 /system/lib64/module/hms/core/scan/libscandecode_napi.z.so
5cad1c8000-5cad1da000 r-xp 00007000 /system/lib64/module/hms/core/scan/libscandecode_napi.z.so
5cad1da000-5cad1dc000 r--p 00018000 /system/lib64/module/hms/core/scan/libscandecode_napi.z.so
5cad1dc000-5cad1dd000 rw-p 00019000 /system/lib64/module/hms/core/scan/libscandecode_napi.z.so
5cad1dd000-5cad1de000 rw-p 00000000 [anon:libscandecode_napi.z.so.bss]
5cad200000-5cad2e3000 r--p 00000000 /system/lib64/chipset-sdk/libopencv_core.z.so
5cad2e3000-5cad472000 r-xp 000e2000 /system/lib64/chipset-sdk/libopencv_core.z.so
5cad472000-5cad480000 r--p 00270000 /system/lib64/chipset-sdk/libopencv_core.z.so
5cad480000-5cad484000 rw-p 0027d000 /system/lib64/chipset-sdk/libopencv_core.z.so
5cad484000-5cad48a000 rw-p 00000000 [anon:libopencv_core.z.so.bss]
5cad4c0000-5cad5c3000 r--p 00000000 /system/lib64/chipset-sdk/libopencv_imgproc.z.so
5cad5c3000-5cad7af000 r-xp 00102000 /system/lib64/chipset-sdk/libopencv_imgproc.z.so
5cad7af000-5cad7c0000 r--p 002ed000 /system/lib64/chipset-sdk/libopencv_imgproc.z.so
5cad7c0000-5cad7c8000 rw-p 002fd000 /system/lib64/chipset-sdk/libopencv_imgproc.z.so
5cad7c8000-5cad867000 rw-p 00000000 [anon:libopencv_imgproc.z.so.bss]
5cad880000-5cad88f000 r--p 00000000 /system/lib64/platformsdk/libscandecode.z.so
5cad88f000-5cad8a2000 r-xp 0000e000 /system/lib64/platformsdk/libscandecode.z.so
5cad8a2000-5cad8a4000 r--p 00020000 /system/lib64/platformsdk/libscandecode.z.so
5cad8a4000-5cad8a5000 rw-p 00021000 /system/lib64/platformsdk/libscandecode.z.so
5cad8a5000-5cad8a7000 rw-p 00000000 [anon:libscandecode.z.so.bss]
5cad8c0000-5cad8cd000 r--p 00000000 /system/lib64/ndk/libmindspore_lite_ndk.so
5cad8cd000-5cad8e5000 r-xp 0000c000 /system/lib64/ndk/libmindspore_lite_ndk.so
5cad8e5000-5cad8e7000 r--p 00023000 /system/lib64/ndk/libmindspore_lite_ndk.so
5cad8e7000-5cad8e8000 rw-p 00024000 /system/lib64/ndk/libmindspore_lite_ndk.so
5cad900000-5cad987000 r--p 00000000 /system/lib64/platformsdk/libscan_zxreader.z.so
5cad987000-5cada85000 r-xp 00086000 /system/lib64/platformsdk/libscan_zxreader.z.so
5cada85000-5cada8c000 r--p 00183000 /system/lib64/platformsdk/libscan_zxreader.z.so
5cada8c000-5cada8e000 rw-p 00189000 /system/lib64/platformsdk/libscan_zxreader.z.so
5cada8e000-5cada90000 rw-p 00000000 [anon:libscan_zxreader.z.so.bss]
5cadac0000-5cadbb7000 r--p 00000000 /system/lib64/platformsdk/libmindspore-lite.so
5cadbb7000-5cadeea000 r-xp 000f6000 /system/lib64/platformsdk/libmindspore-lite.so
5cadeea000-5cadf07000 r--p 00428000 /system/lib64/platformsdk/libmindspore-lite.so
5cadf07000-5cadf08000 rw-p 00444000 /system/lib64/platformsdk/libmindspore-lite.so
5cadf08000-5cadf1b000 rw-p 00000000 [anon:libmindspore-lite.so.bss]
5cadf40000-5cadf7a000 r--p 00000000 /system/lib64/platformsdk/libmindspore-lite-train.so
5cadf7a000-5cae016000 r-xp 00039000 /system/lib64/platformsdk/libmindspore-lite-train.so
5cae016000-5cae01e000 r--p 000d4000 /system/lib64/platformsdk/libmindspore-lite-train.so
5cae01e000-5cae01f000 rw-p 000db000 /system/lib64/platformsdk/libmindspore-lite-train.so
5cae040000-5cae041000 r--p 00000000 /system/lib64/module/graphics/libtext_napi.z.so
5cae041000-5cae044000 r-xp 00000000 /system/lib64/module/graphics/libtext_napi.z.so
5cae044000-5cae045000 r--p 00002000 /system/lib64/module/graphics/libtext_napi.z.so
5cae045000-5cae046000 rw-p 00002000 /system/lib64/module/graphics/libtext_napi.z.so
5cae080000-5cae095000 r--p 00000000 /system/lib64/module/libcalendarmanager.z.so
5cae095000-5cae0e7000 r-xp 00014000 /system/lib64/module/libcalendarmanager.z.so
5cae0e7000-5cae0ea000 r--p 00065000 /system/lib64/module/libcalendarmanager.z.so
5cae0ea000-5cae0ed000 rw-p 00067000 /system/lib64/module/libcalendarmanager.z.so
5cae0ed000-5cae0ee000 rw-p 00000000 [anon:libcalendarmanager.z.so.bss]
5cae100000-5cae11e000 r--p 00000000 /data/storage/el1/bundle/libs/arm64/libohvideo_global_arkui.so
5cae11e000-5cae150000 r-xp 0001d000 /data/storage/el1/bundle/libs/arm64/libohvideo_global_arkui.so
5cae150000-5cae152000 r--p 0004e000 /data/storage/el1/bundle/libs/arm64/libohvideo_global_arkui.so
5cae152000-5cae153000 rw-p 0004f000 /data/storage/el1/bundle/libs/arm64/libohvideo_global_arkui.so
5cae153000-5cae154000 rw-p 00000000 [anon:libohvideo_global_arkui.so.bss]
5cae180000-5cae1ce000 r--p 00000000 /data/storage/el1/bundle/libs/arm64/libohvideo_global.so
5cae1ce000-5cae25d000 r-xp 0004d000 /data/storage/el1/bundle/libs/arm64/libohvideo_global.so
5cae25d000-5cae260000 r--p 000db000 /data/storage/el1/bundle/libs/arm64/libohvideo_global.so
5cae260000-5cae261000 rw-p 000dd000 /data/storage/el1/bundle/libs/arm64/libohvideo_global.so
5cae261000-5cae262000 rw-p 00000000 [anon:libohvideo_global.so.bss]
5cae280000-5cae282000 r--p 00000000 /data/storage/el1/bundle/libs/arm64/libmonitor.so
5cae282000-5cae283000 r-xp 00001000 /data/storage/el1/bundle/libs/arm64/libmonitor.so
5cae283000-5cae285000 r--p 00001000 /data/storage/el1/bundle/libs/arm64/libmonitor.so
5cae285000-5cae286000 rw-p 00002000 /data/storage/el1/bundle/libs/arm64/libmonitor.so
5cae2c0000-5cae2c7000 r--p 00000000 /system/lib64/module/app/ability/liberrormanager.z.so
5cae2c7000-5cae2d1000 r-xp 00006000 /system/lib64/module/app/ability/liberrormanager.z.so
5cae2d1000-5cae2d3000 r--p 0000f000 /system/lib64/module/app/ability/liberrormanager.z.so
5cae2d3000-5cae2d4000 rw-p 00010000 /system/lib64/module/app/ability/liberrormanager.z.so
5cae300000-5cae305000 r--p 00000000 /system/lib64/module/libfaultlogger_napi.z.so
5cae305000-5cae30d000 r-xp 00004000 /system/lib64/module/libfaultlogger_napi.z.so
5cae30d000-5cae30f000 r--p 0000b000 /system/lib64/module/libfaultlogger_napi.z.so
5cae30f000-5cae310000 rw-p 0000c000 /system/lib64/module/libfaultlogger_napi.z.so
5cae340000-5cae347000 r--p 00000000 /system/lib64/module/hms/core/push/libpushservice_napi.z.so
5cae347000-5cae353000 r-xp 00006000 /system/lib64/module/hms/core/push/libpushservice_napi.z.so
5cae353000-5cae355000 r--p 00011000 /system/lib64/module/hms/core/push/libpushservice_napi.z.so
5cae355000-5cae356000 rw-p 00012000 /system/lib64/module/hms/core/push/libpushservice_napi.z.so
5cae380000-5cae381000 r--p 00000000 /system/lib64/module/util/liblinkedlist.z.so
5cae381000-5cae384000 r-xp 00000000 /system/lib64/module/util/liblinkedlist.z.so
5cae384000-5cae385000 r--p 00002000 /system/lib64/module/util/liblinkedlist.z.so
5cae385000-5cae38c000 rw-p 00002000 /system/lib64/module/util/liblinkedlist.z.so
5cae38c000-5cae38e000 ---p 00000000 [anon:guard:55537]
5cae38e000-5cae48f000 rw-p 00000000 [anon:stack:55537]
5cae48f000-5cae58f000 rw-p 00000000 [anon:async_stack_table]
5cae58f000-5cae591000 ---p 00000000 [anon:guard:55538]
5cae591000-5cae692000 rw-p 00000000 [anon:stack:55538]
5cae6c0000-5cae6c3000 r--p 00000000 /system/lib64/libnet_bundle_utils.z.so
5cae6c3000-5cae6c8000 r-xp 00002000 /system/lib64/libnet_bundle_utils.z.so
5cae6c8000-5cae6c9000 r--p 00006000 /system/lib64/libnet_bundle_utils.z.so
5cae6c9000-5cae6ca000 rw-p 00006000 /system/lib64/libnet_bundle_utils.z.so
5cae6ca000-5cae9ca000 rw-p 00000000 [anon:native_heap:jemalloc]
5cae9ca000-5cae9cc000 ---p 00000000 [anon:guard:55546]
5cae9cc000-5caeacd000 rw-p 00000000 [anon:stack:55546]
5caeacd000-5caeacf000 ---p 00000000 [anon:guard:55548]
5caeacf000-5caebd0000 rw-p 00000000 [anon:stack:55548]
5caebd0000-5caebd2000 ---p 00000000 [anon:guard:55549]
5caebd2000-5caecd3000 rw-p 00000000 [anon:stack:55549]
5caecd3000-5caecd5000 ---p 00000000 [anon:guard:55552]
5caecd5000-5caedd6000 rw-p 00000000 [anon:stack:55552]
5caedd6000-5caedd8000 ---p 00000000 [anon:guard:55553]
5caedd8000-5caeed9000 rw-p 00000000 [anon:stack:55553]
5caeed9000-5caeedb000 ---p 00000000 [anon:guard:55554]
5caeedb000-5caefdc000 rw-p 00000000 [anon:stack:55554]
5caefdc000-5caefde000 ---p 00000000 [anon:guard:55555]
5caefde000-5caf7df000 rw-p 00000000 [anon:stack:55555]
5caf7df000-5caf7e1000 ---p 00000000 [anon:guard:55556]
5caf7e1000-5caffe2000 rw-p 00000000 [anon:stack:55556]
5caffe2000-5caffe4000 ---p 00000000 [anon:guard:55557]
5caffe4000-5cb07e5000 rw-p 00000000 [anon:stack:55557]
5cb07e5000-5cb07e7000 ---p 00000000 [anon:guard:55558]
5cb07e7000-5cb0fe8000 rw-p 00000000 [anon:stack:55558]
5cb0fe8000-5cb0fea000 ---p 00000000 [anon:guard:55559]
5cb0fea000-5cb10eb000 rw-p 00000000 [anon:stack:55559]
5cb10eb000-5cb146b000 rw-p 00000000 [anon:native_heap:jemalloc]
5cb146b000-5cb146d000 ---p 00000000 [anon:guard:55560]
5cb146d000-5cb156e000 rw-p 00000000 [anon:stack:55560]
5cb156e000-5cb1570000 ---p 00000000 [anon:guard:55561]
5cb1570000-5cb1671000 rw-p 00000000 [anon:stack:55561]
5cb1671000-5cb1673000 ---p 00000000 [anon:guard:55562]
5cb1673000-5cb1774000 rw-p 00000000 [anon:stack:55562]
5cb1774000-5cb1f74000 rw-p 00000000 
5cb1f74000-5cb1f76000 ---p 00000000 [anon:guard:55563]
5cb1f76000-5cb2077000 rw-p 00000000 [anon:stack:55563]
5cb2077000-5cb2079000 ---p 00000000 [anon:guard:55564]
5cb2079000-5cb217a000 rw-p 00000000 [anon:stack:55564]
5cb217a000-5cb217c000 ---p 00000000 [anon:guard:55565]
5cb217c000-5cb227d000 rw-p 00000000 [anon:stack:55565]
5cb227d000-5cb227f000 ---p 00000000 [anon:guard:55566]
5cb227f000-5cb2380000 rw-p 00000000 [anon:stack:55566]
5cb2380000-5cb2780000 rw-p 00000000 [anon:native_heap:jemalloc]
5cb2780000-5cb2782000 ---p 00000000 [anon:guard:55567]
5cb2782000-5cb2883000 rw-p 00000000 [anon:stack:55567]
5cb2883000-5cb2885000 ---p 00000000 [anon:guard:55568]
5cb2885000-5cb2986000 rw-p 00000000 [anon:stack:55568]
5cb2986000-5cb2a86000 rw-p 00000000 
5cb2a86000-5cb2a88000 ---p 00000000 [anon:guard:55572]
5cb2a88000-5cb2b89000 rw-p 00000000 [anon:stack:55572]
5cb2b89000-5cb2b8b000 ---p 00000000 [anon:guard:55573]
5cb2b8b000-5cb2c8c000 rw-p 00000000 [anon:stack:55573]
5cb2c8c000-5cb2c8e000 ---p 00000000 [anon:guard:55575]
5cb2c8e000-5cb2d8f000 rw-p 00000000 [anon:stack:55575]
5cb2d8f000-5cb2d91000 ---p 00000000 [anon:guard:55577]
5cb2d91000-5cb2e92000 rw-p 00000000 [anon:stack:55577]
5cb2e92000-5cb2e94000 ---p 00000000 [anon:guard:55578]
5cb2e94000-5cb2f95000 rw-p 00000000 [anon:stack:55578]
5cb2f95000-5cb2f97000 ---p 00000000 [anon:guard:55579]
5cb2f97000-5cb3098000 rw-p 00000000 [anon:stack:55579]
5cb3098000-5cb309a000 ---p 00000000 [anon:guard:55580]
5cb309a000-5cb319b000 rw-p 00000000 [anon:stack:55580]
5cb319b000-5cb319d000 ---p 00000000 [anon:guard:55581]
5cb319d000-5cb329e000 rw-p 00000000 [anon:stack:55581]
5cb329e000-5cb32a0000 ---p 00000000 [anon:guard:55582]
5cb32a0000-5cb33a1000 rw-p 00000000 [anon:stack:55582]
5cb33a1000-5cb33a3000 ---p 00000000 [anon:guard:55583]
5cb33a3000-5cb34a4000 rw-p 00000000 [anon:stack:55583]
5cb34a4000-5cb34a6000 ---p 00000000 [anon:guard:55584]
5cb34a6000-5cb35a7000 rw-p 00000000 [anon:stack:55584]
5cb35a7000-5cb35a9000 ---p 00000000 [anon:guard:55585]
5cb35a9000-5cb36aa000 rw-p 00000000 [anon:stack:55585]
5cb36aa000-5cb36ac000 ---p 00000000 [anon:guard:55586]
5cb36ac000-5cb37ad000 rw-p 00000000 [anon:stack:55586]
5cb37ad000-5cb37af000 ---p 00000000 [anon:guard:55591]
5cb37af000-5cb38b0000 rw-p 00000000 [anon:stack:55591]
5cb38b0000-5cb38b2000 ---p 00000000 [anon:guard:55588]
5cb38b2000-5cb39b3000 rw-p 00000000 [anon:stack:55588]
5cb39b3000-5cb39b5000 ---p 00000000 [anon:guard:55589]
5cb39b5000-5cb3ab6000 rw-p 00000000 [anon:stack:55589]
5cb3ab6000-5cb3ab8000 ---p 00000000 [anon:guard:55590]
5cb3ab8000-5cb3bb9000 rw-p 00000000 [anon:stack:55590]
5cb3bb9000-5cb3eb8000 r--p 0b1f1000 /data/storage/el1/bundle/entry.hap
5cb3ec0000-5cb3ec8000 r--p 00000000 /system/lib64/libaps_client.z.so
5cb3ec8000-5cb3ed6000 r-xp 00007000 /system/lib64/libaps_client.z.so
5cb3ed6000-5cb3ed9000 r--p 00014000 /system/lib64/libaps_client.z.so
5cb3ed9000-5cb3eda000 rw-p 00016000 /system/lib64/libaps_client.z.so
5cb3eda000-5cb3edb000 rw-p 00000000 [anon:libaps_client.z.so.bss]
5cb3edb000-5cb43db000 rw-p 00000000 [anon:native_heap:jemalloc]
5cb43db000-5cb43dd000 ---p 00000000 [anon:guard:55593]
5cb43dd000-5cb44de000 rw-p 00000000 [anon:stack:55593]
5cb4500000-5cb4501000 r--p 00000000 /system/lib64/libgamecontroller_event.z.so
5cb4501000-5cb4504000 r-xp 00000000 /system/lib64/libgamecontroller_event.z.so
5cb4504000-5cb4505000 r--p 00002000 /system/lib64/libgamecontroller_event.z.so
5cb4505000-5cb4506000 rw-p 00002000 /system/lib64/libgamecontroller_event.z.so
5cb4540000-5cb454d000 r--p 00000000 /system/lib64/libgamecontroller_client.z.so
5cb454d000-5cb4565000 r-xp 0000c000 /system/lib64/libgamecontroller_client.z.so
5cb4565000-5cb456b000 r--p 00023000 /system/lib64/libgamecontroller_client.z.so
5cb456b000-5cb456c000 rw-p 00028000 /system/lib64/libgamecontroller_client.z.so
5cb4580000-5cb45ae000 r--p 00000000 /system/lib64/libgamecontroller_fwk_client.z.so
5cb45ae000-5cb460f000 r-xp 0002d000 /system/lib64/libgamecontroller_fwk_client.z.so
5cb460f000-5cb4615000 r--p 0008d000 /system/lib64/libgamecontroller_fwk_client.z.so
5cb4615000-5cb4616000 rw-p 00092000 /system/lib64/libgamecontroller_fwk_client.z.so
5cb4616000-5cb4618000 ---p 00000000 [anon:guard:55595]
5cb4618000-5cb4719000 rw-p 00000000 [anon:stack:55595]
5cb4740000-5cb4746000 r--p 00000000 /system/lib64/libframeawaresched.so
5cb4746000-5cb4764000 r-xp 00005000 /system/lib64/libframeawaresched.so
5cb4764000-5cb4765000 r--p 00022000 /system/lib64/libframeawaresched.so
5cb4765000-5cb4766000 rw-p 00022000 /system/lib64/libframeawaresched.so
5cb4766000-5cb4767000 rw-p 00000000 [anon:libframeawaresched.so.bss]
5cb4780000-5cb4785000 r--p 00000000 /system/lib64/libframe_ui_utils.z.so
5cb4785000-5cb478a000 r-xp 00004000 /system/lib64/libframe_ui_utils.z.so
5cb478a000-5cb478b000 r--p 00008000 /system/lib64/libframe_ui_utils.z.so
5cb478b000-5cb478c000 rw-p 00008000 /system/lib64/libframe_ui_utils.z.so
5cb478c000-5cb478e000 ---p 00000000 [anon:guard:55596]
5cb478e000-5cb488f000 rw-p 00000000 [anon:stack:55596]
5cb488f000-5cb648f000 rw-p 00000000 [anon:native_heap:jemalloc]
5cb648f000-5cb6491000 ---p 00000000 [anon:guard:55602]
5cb6491000-5cb6592000 rw-p 00000000 [anon:stack:55602]
5cb6592000-5cb6594000 ---p 00000000 [anon:guard:55603]
5cb6594000-5cb6695000 rw-p 00000000 [anon:stack:55603]
5cb6695000-5cb6697000 ---p 00000000 [anon:guard:55604]
5cb6697000-5cb6798000 rw-p 00000000 [anon:stack:55604]
5cb6798000-5cb6898000 rw-p 00000000 
5cb6898000-5cb689a000 ---p 00000000 [anon:guard:55605]
5cb689a000-5cb699b000 rw-p 00000000 [anon:stack:55605]
5cb69c0000-5cb69cd000 r--p 00000000 /system/lib64/ndk/libnetwork_boost.so
5cb69cd000-5cb69d6000 r-xp 0000c000 /system/lib64/ndk/libnetwork_boost.so
5cb69d6000-5cb69df000 r--p 00014000 /system/lib64/ndk/libnetwork_boost.so
5cb69df000-5cb69e0000 rw-p 0001c000 /system/lib64/ndk/libnetwork_boost.so
5cb6a00000-5cb6a04000 r--p 00000000 /system/lib64/libhttp_handover.z.so
5cb6a04000-5cb6a0b000 r-xp 00003000 /system/lib64/libhttp_handover.z.so
5cb6a0b000-5cb6a0d000 r--p 00009000 /system/lib64/libhttp_handover.z.so
5cb6a0d000-5cb6a0e000 rw-p 0000a000 /system/lib64/libhttp_handover.z.so
5cb6a40000-5cb6a41000 r--p 00000000 /system/lib64/lib_cpuboost.so
5cb6a41000-5cb6a43000 r-xp 00000000 /system/lib64/lib_cpuboost.so
5cb6a43000-5cb6a44000 r--p 00001000 /system/lib64/lib_cpuboost.so
5cb6a44000-5cb6a45000 rw-p 00001000 /system/lib64/lib_cpuboost.so
5cb6a9e000-5cb6aa0000 ---p 00000000 [anon:guard:55607]
5cb6aa0000-5cb6ba1000 rw-p 00000000 [anon:stack:55607]
5cb6ba1000-5cb6ba3000 ---p 00000000 [anon:guard:55608]
5cb6ba3000-5cb6ca4000 rw-p 00000000 [anon:stack:55608]
5cb6ca4000-5cb6d25000 r--s 01c92000 /system/app/ArkWebCore/ArkWebCore.hap
5cb6d40000-5cb6d4b000 r--p 00000000 /system/lib64/libsafe_browsing_client.z.so
5cb6d4b000-5cb6d59000 r-xp 0000a000 /system/lib64/libsafe_browsing_client.z.so
5cb6d59000-5cb6d5e000 r--p 00017000 /system/lib64/libsafe_browsing_client.z.so
5cb6d5e000-5cb6d5f000 rw-p 0001b000 /system/lib64/libsafe_browsing_client.z.so
5cb6da7000-5cb6da9000 ---p 00000000 [anon:guard:55610]
5cb6da9000-5cb6eaa000 rw-p 00000000 [anon:stack:55610]
5cb6eaa000-5cb6eac000 ---p 00000000 [anon:guard:55611]
5cb6eac000-5cb6fad000 rw-p 00000000 [anon:stack:55611]
5cb6fad000-5cb6faf000 ---p 00000000 [anon:guard:55612]
5cb6faf000-5cb70b0000 rw-p 00000000 [anon:stack:55612]
5cb70b0000-5cb70b2000 ---p 00000000 [anon:guard:55613]
5cb70b2000-5cb71b3000 rw-p 00000000 [anon:stack:55613]
5cb71b3000-5cb71b5000 ---p 00000000 [anon:guard:55614]
5cb71b5000-5cb72b6000 rw-p 00000000 [anon:stack:55614]
5cb72b6000-5cb72b8000 ---p 00000000 [anon:guard:55615]
5cb72b8000-5cb73b9000 rw-p 00000000 [anon:stack:55615]
5cb73b9000-5cb73bb000 ---p 00000000 [anon:guard:55616]
5cb73bb000-5cb74bc000 rw-p 00000000 [anon:stack:55616]
5cb74bc000-5cb74be000 ---p 00000000 [anon:guard:55617]
5cb74be000-5cb75bf000 rw-p 00000000 [anon:stack:55617]
5cb75bf000-5cb75c1000 ---p 00000000 [anon:guard:55618]
5cb75c1000-5cb76c2000 rw-p 00000000 [anon:stack:55618]
5cb76c2000-5cb76c4000 ---p 00000000 [anon:guard:55619]
5cb76c4000-5cb77c5000 rw-p 00000000 [anon:stack:55619]
5cb77c5000-5cb77c7000 ---p 00000000 [anon:guard:55620]
5cb77c7000-5cb78c8000 rw-p 00000000 [anon:stack:55620]
5cb78c8000-5cb78ca000 ---p 00000000 [anon:guard:55621]
5cb78ca000-5cb79cb000 rw-p 00000000 [anon:stack:55621]
5cb79cb000-5cb79cd000 ---p 00000000 [anon:guard:55622]
5cb79cd000-5cb7ace000 rw-p 00000000 [anon:stack:55622]
5cb7ace000-5cb7ad0000 ---p 00000000 [anon:guard:55623]
5cb7ad0000-5cb7bd1000 rw-p 00000000 [anon:stack:55623]
5cb7bd1000-5cb7bd3000 ---p 00000000 [anon:guard:55624]
5cb7bd3000-5cb7cd4000 rw-p 00000000 [anon:stack:55624]
5cb7cd4000-5cb7cd6000 ---p 00000000 [anon:guard:55625]
5cb7cd6000-5cb7dd7000 rw-p 00000000 [anon:stack:55625]
5cb7dd7000-5cb7dd9000 ---p 00000000 [anon:guard:55627]
5cb7dd9000-5cb7eda000 rw-p 00000000 [anon:stack:55627]
5cb7eda000-5cb7edc000 ---p 00000000 [anon:guard:55626]
5cb7edc000-5cb7fdd000 rw-p 00000000 [anon:stack:55626]
5cb7fdd000-5cb7fdf000 ---p 00000000 [anon:guard:55628]
5cb7fdf000-5cb80e0000 rw-p 00000000 [anon:stack:55628]
5cb80e0000-5cb83bd000 r--p 00000000 /data/storage/el2/base/haps/entry/files/bundle-0.82/js-kernel-harmony/1787712990002/js-kernel-harmony.hbc
5cb83bd000-5cb83bf000 ---p 00000000 [anon:guard:55629]
5cb83bf000-5cb84c0000 rw-p 00000000 [anon:stack:55629]
5cb84c0000-5cb84c2000 ---p 00000000 [anon:guard:55630]
5cb84c2000-5cb85c3000 rw-p 00000000 [anon:stack:55630]
5cb85c3000-5cb85c5000 ---p 00000000 [anon:guard:55631]
5cb85c5000-5cb86c6000 rw-p 00000000 [anon:stack:55631]
5cb86c6000-5cb86c8000 ---p 00000000 [anon:guard:55632]
5cb86c8000-5cb87c9000 rw-p 00000000 [anon:stack:55632]
5cb87c9000-5cb87cb000 ---p 00000000 [anon:guard:55637]
5cb87cb000-5cb88cc000 rw-p 00000000 [anon:stack:55637]
5cb88cc000-5cb88ce000 ---p 00000000 [anon:guard:55636]
5cb88ce000-5cb89cf000 rw-p 00000000 [anon:stack:55636]
5cb89cf000-5cb89d1000 ---p 00000000 [anon:guard:55635]
5cb89d1000-5cb8ad2000 rw-p 00000000 [anon:stack:55635]
5cb8ad2000-5cb8ad4000 ---p 00000000 [anon:guard:55638]
5cb8ad4000-5cb8bd5000 rw-p 00000000 [anon:stack:55638]
5cb8bd5000-5cb8bd7000 ---p 00000000 [anon:guard:55639]
5cb8bd7000-5cb8cd8000 rw-p 00000000 [anon:stack:55639]
5cb8cd8000-5cb8cda000 ---p 00000000 [anon:guard:55640]
5cb8cda000-5cb8ddb000 rw-p 00000000 [anon:stack:55640]
5cb8ddb000-5cb8ddd000 ---p 00000000 [anon:guard:55641]
5cb8ddd000-5cb8ede000 rw-p 00000000 [anon:stack:55641]
5cb8ede000-5cb8ee0000 ---p 00000000 [anon:guard:55642]
5cb8ee0000-5cb8fe1000 rw-p 00000000 [anon:stack:55642]
5cb8fe1000-5cb8fe3000 ---p 00000000 [anon:guard:55643]
5cb8fe3000-5cb90e4000 rw-p 00000000 [anon:stack:55643]
5cb90e4000-5cb90e6000 ---p 00000000 [anon:guard:55644]
5cb90e6000-5cb91e7000 rw-p 00000000 [anon:stack:55644]
5cb91e7000-5cb91e9000 ---p 00000000 [anon:guard:55645]
5cb91e9000-5cb92ea000 rw-p 00000000 [anon:stack:55645]
5cb92ea000-5cb92ec000 ---p 00000000 [anon:guard:55646]
5cb92ec000-5cb93ed000 rw-p 00000000 [anon:stack:55646]
5cb93ed000-5cb93ef000 ---p 00000000 [anon:guard:55647]
5cb93ef000-5cb94f0000 rw-p 00000000 [anon:stack:55647]
5cb94f0000-5cb94f2000 ---p 00000000 [anon:guard:55648]
5cb94f2000-5cb95f3000 rw-p 00000000 [anon:stack:55648]
5cb95f3000-5cb95f5000 ---p 00000000 [anon:guard:55650]
5cb95f5000-5cb96f6000 rw-p 00000000 [anon:stack:55650]
5cb96f6000-5cb96f8000 ---p 00000000 [anon:guard:55696]
5cb96f8000-5cb97f9000 rw-p 00000000 [anon:stack:55696]
5cb97f9000-5cb97fb000 ---p 00000000 [anon:guard:55692]
5cb97fb000-5cb98fc000 rw-p 00000000 [anon:stack:55692]
5cb98fc000-5cb99bd000 r--s 00000000 /data/storage/el2/base/haps/entry/files/APMStorageDatabaseNGBTKXYfis8eT4gsG3iEGSdPo5SVn9ff.db
5cb99bd000-5cb99bf000 ---p 00000000 [anon:guard:55657]
5cb99bf000-5cb9ac0000 rw-p 00000000 [anon:stack:55657]
5cb9ac0000-5cb9ac2000 ---p 00000000 [anon:guard:55656]
5cb9ac2000-5cb9bc3000 rw-p 00000000 [anon:stack:55656]
5cb9bc3000-5cb9bc5000 ---p 00000000 [anon:guard:55658]
5cb9bc5000-5cb9cc6000 rw-p 00000000 [anon:stack:55658]
5cb9cc6000-5cb9cc8000 ---p 00000000 [anon:guard:55659]
5cb9cc8000-5cb9dc9000 rw-p 00000000 [anon:stack:55659]
5cb9dc9000-5cb9dcb000 ---p 00000000 [anon:guard:55660]
5cb9dcb000-5cb9ecc000 rw-p 00000000 [anon:stack:55660]
5cb9ecc000-5cb9ece000 ---p 00000000 [anon:guard:55697]
5cb9ece000-5cb9fcf000 rw-p 00000000 [anon:stack:55697]
5cb9fcf000-5cb9fd1000 ---p 00000000 [anon:guard:55698]
5cb9fd1000-5cba0d2000 rw-p 00000000 [anon:stack:55698]
5cba0d2000-5cba1d2000 rw-p 00000000 
5cba1d5000-5cba2d5000 rw-p 00000000 
5cba2d5000-5cba2d7000 ---p 00000000 [anon:guard:55699]
5cba2d7000-5cba3d8000 rw-p 00000000 [anon:stack:55699]
5cba3d8000-5cba3da000 ---p 00000000 [anon:guard:55721]
5cba3da000-5cba4db000 rw-p 00000000 [anon:stack:55721]
5cba4de000-5cba7e5000 r--p 00000000 /data/storage/el2/base/haps/entry/files/bundle-0.82/rn-fastplay-harmony/1787811028404/rn-fastplay-harmony.hbc
5cba7e5000-5cba7e7000 ---p 00000000 [anon:guard:55722]
5cba7e7000-5cba8e8000 rw-p 00000000 [anon:stack:55722]
5cba8ea000-5cbb0ea000 rw-p 00000000 
5cbb0ea000-5cbb0ec000 ---p 00000000 [anon:guard:55725]
5cbb0ec000-5cbb1ed000 rw-p 00000000 [anon:stack:55725]
5cbb1ed000-5cbb1ef000 ---p 00000000 [anon:guard:55693]
5cbb1ef000-5cbb2f0000 rw-p 00000000 [anon:stack:55693]
5cbb2f0000-5cbb2f2000 ---p 00000000 [anon:guard:55694]
5cbb2f2000-5cbb3f3000 rw-p 00000000 [anon:stack:55694]
5cbb3f3000-5cbb4f3000 rw-p 00000000 
5cbb4f3000-5cbb4f5000 ---p 00000000 [anon:guard:55695]
5cbb4f5000-5cbb5f6000 rw-p 00000000 [anon:stack:55695]
5cbb5f6000-5cbbbf6000 rw-p 00000000 [anon:native_heap:jemalloc]
5cbbbf6000-5cbbe04000 r--p 00000000 /data/storage/el2/base/haps/entry/files/bundle-0.82/rn-minibar-harmony/1787799059759/rn-minibar-harmony.hbc
5cbbe04000-5cbd1ae000 r--p 00000000 /system/fonts/HarmonyOS_Sans_SC.ttf
5cbd1ae000-5cbf1ae000 rw-p 00000000 [anon:native_heap:jemalloc]
5cbf1ae000-5cbf1b0000 ---p 00000000 [anon:guard:55726]
5cbf1b0000-5cbf2b1000 rw-p 00000000 [anon:stack:55726]
5cbf2c0000-5cbf2d3000 r--p 00000000 /system/lib64/libGameAwareLayer.so
5cbf2d3000-5cbf2f8000 r-xp 00012000 /system/lib64/libGameAwareLayer.so
5cbf2f8000-5cbf2fa000 r--p 00036000 /system/lib64/libGameAwareLayer.so
5cbf2fa000-5cbf2fb000 rw-p 00037000 /system/lib64/libGameAwareLayer.so
5cbf2fb000-5cbf2fd000 rw-p 00000000 [anon:libGameAwareLayer.so.bss]
5cbf300000-5cbf318000 r--p 00000000 /system/lib64/platformsdk/libgame_acc_sched_client.z.so
5cbf318000-5cbf337000 r-xp 00017000 /system/lib64/platformsdk/libgame_acc_sched_client.z.so
5cbf337000-5cbf346000 r--p 00035000 /system/lib64/platformsdk/libgame_acc_sched_client.z.so
5cbf346000-5cbf347000 rw-p 00043000 /system/lib64/platformsdk/libgame_acc_sched_client.z.so
5cbf380000-5cbf434000 r--p 00000000 /system/lib64/libiGraphicsCore.z.so
5cbf434000-5cbf669000 r-xp 000b3000 /system/lib64/libiGraphicsCore.z.so
5cbf669000-5cbf672000 r--p 002e7000 /system/lib64/libiGraphicsCore.z.so
5cbf672000-5cbf678000 rw-p 002ef000 /system/lib64/libiGraphicsCore.z.so
5cbf678000-5cbf68d000 rw-p 00000000 [anon:libiGraphicsCore.z.so.bss]
5cbf6c0000-5cbf6cc000 r--p 00000000 /system/lib64/libgameservice_graphic_plugin.z.so
5cbf6cc000-5cbf6dc000 r-xp 0000b000 /system/lib64/libgameservice_graphic_plugin.z.so
5cbf6dc000-5cbf6df000 r--p 0001a000 /system/lib64/libgameservice_graphic_plugin.z.so
5cbf6df000-5cbf6e0000 rw-p 0001c000 /system/lib64/libgameservice_graphic_plugin.z.so
5cbf6e0000-5cbf6e1000 rw-p 00000000 [anon:libgameservice_graphic_plugin.z.so.bss]
5cbf6e1000-5cbf6e3000 ---p 00000000 [anon:guard:55728]
5cbf6e3000-5cbf7e4000 rw-p 00000000 [anon:stack:55728]
5cbf7e4000-5cbf7e6000 ---p 00000000 [anon:guard:55729]
5cbf7e6000-5cbf8e7000 rw-p 00000000 [anon:stack:55729]
5cbf8e7000-5cbf8e9000 ---p 00000000 [anon:guard:55730]
5cbf8e9000-5cbf9ea000 rw-p 00000000 [anon:stack:55730]
5cbf9ea000-5cbf9ec000 ---p 00000000 [anon:guard:55731]
5cbf9ec000-5cbfaed000 rw-p 00000000 [anon:stack:55731]
5cbfaed000-5cbfaef000 ---p 00000000 [anon:guard:55732]
5cbfaef000-5cbfbf0000 rw-p 00000000 [anon:stack:55732]
5cbfbf0000-5cbfbf2000 ---p 00000000 [anon:guard:55733]
5cbfbf2000-5cbfcf3000 rw-p 00000000 [anon:stack:55733]
5cbfcf3000-5cbfcf5000 ---p 00000000 [anon:guard:55734]
5cbfcf5000-5cbfdf6000 rw-p 00000000 [anon:stack:55734]
5cbfdf6000-5cbfdf8000 ---p 00000000 [anon:guard:56049]
5cbfdf8000-5cbfef9000 rw-p 00000000 [anon:stack:56049]
5cbfef9000-5cbfefb000 ---p 00000000 [anon:guard:55736]
5cbfefb000-5cbfffc000 rw-p 00000000 [anon:stack:55736]
5cbfffc000-5cc06fc000 rw-p 00000000 [anon:native_heap:jemalloc]
5cc06fc000-5cc06fe000 ---p 00000000 [anon:guard:55790]
5cc06fe000-5cc07ff000 rw-p 00000000 [anon:stack:55790]
5cc07ff000-5cc0801000 ---p 00000000 [anon:guard:55751]
5cc0801000-5cc0902000 rw-p 00000000 [anon:stack:55751]
5cc0902000-5cc0904000 ---p 00000000 [anon:guard:55742]
5cc0904000-5cc0a05000 rw-p 00000000 [anon:stack:55742]
5cc0a05000-5cc0a07000 ---p 00000000 [anon:guard:55741]
5cc0a07000-5cc0b08000 rw-p 00000000 [anon:stack:55741]
5cc0b08000-5cc0b0a000 ---p 00000000 [anon:guard:55743]
5cc0b0a000-5cc0c0b000 rw-p 00000000 [anon:stack:55743]
5cc0c0b000-5cc0c0d000 ---p 00000000 [anon:guard:55744]
5cc0c0d000-5cc0d0e000 rw-p 00000000 [anon:stack:55744]
5cc0d0e000-5cc0e0e000 rw-p 00000000 
5cc0e0e000-5cc0e10000 ---p 00000000 [anon:guard:55746]
5cc0e10000-5cc0f11000 rw-p 00000000 [anon:stack:55746]
5cc0f11000-5cc0f13000 ---p 00000000 [anon:guard:55747]
5cc0f13000-5cc1014000 rw-p 00000000 [anon:stack:55747]
5cc1014000-5cc1016000 ---p 00000000 [anon:guard:55748]
5cc1016000-5cc1117000 rw-p 00000000 [anon:stack:55748]
5cc1117000-5cc1119000 ---p 00000000 [anon:guard:55749]
5cc1119000-5cc121a000 rw-p 00000000 [anon:stack:55749]
5cc121a000-5cc131a000 rw-p 00000000 
5cc131a000-5cc131c000 ---p 00000000 [anon:guard:55750]
5cc131c000-5cc141d000 rw-p 00000000 [anon:stack:55750]
5cc141d000-5cc141f000 ---p 00000000 [anon:guard:55755]
5cc141f000-5cc1520000 rw-p 00000000 [anon:stack:55755]
5cc1520000-5cc1522000 ---p 00000000 [anon:guard:55753]
5cc1522000-5cc1623000 rw-p 00000000 [anon:stack:55753]
5cc1623000-5cc1625000 ---p 00000000 [anon:guard:55766]
5cc1625000-5cc1726000 rw-p 00000000 [anon:stack:55766]
5cc1726000-5cc1728000 ---p 00000000 [anon:guard:55756]
5cc1728000-5cc1829000 rw-p 00000000 [anon:stack:55756]
5cc1829000-5cc182b000 ---p 00000000 [anon:guard:55762]
5cc182b000-5cc192c000 rw-p 00000000 [anon:stack:55762]
5cc192c000-5cc212c000 rw-p 00000000 [anon:native_heap:jemalloc]
5cc212c000-5cc212e000 ---p 00000000 [anon:guard:55919]
5cc212e000-5cc222f000 rw-p 00000000 [anon:stack:55919]
5cc222f000-5cc2c2f000 rw-p 00000000 [anon:native_heap:jemalloc]
5cc2c2f000-5cc342f000 rw-p 00000000 
5cc342f000-5cc3431000 ---p 00000000 [anon:guard:55767]
5cc3431000-5cc3532000 rw-p 00000000 [anon:stack:55767]
5cc3540000-5cc3543000 r--p 00000000 /vendor/lib64/passthrough/libmapper_service_1.0.z.so
5cc3543000-5cc3546000 r-xp 00002000 /vendor/lib64/passthrough/libmapper_service_1.0.z.so
5cc3546000-5cc3548000 r--p 00004000 /vendor/lib64/passthrough/libmapper_service_1.0.z.so
5cc3548000-5cc3549000 rw-p 00005000 /vendor/lib64/passthrough/libmapper_service_1.0.z.so
5cc3580000-5cc3582000 r--p 00000000 /vendor/lib64/passthrough/libmetadata_service_1.1.z.so
5cc3582000-5cc3585000 r-xp 00001000 /vendor/lib64/passthrough/libmetadata_service_1.1.z.so
5cc3585000-5cc3586000 r--p 00003000 /vendor/lib64/passthrough/libmetadata_service_1.1.z.so
5cc3586000-5cc3587000 rw-p 00003000 /vendor/lib64/passthrough/libmetadata_service_1.1.z.so
5cc35c0000-5cc35c2000 r--p 00000000 /vendor/lib64/passthrough/libmapper_service_1.2.z.so
5cc35c2000-5cc35c4000 r-xp 00001000 /vendor/lib64/passthrough/libmapper_service_1.2.z.so
5cc35c4000-5cc35c5000 r--p 00002000 /vendor/lib64/passthrough/libmapper_service_1.2.z.so
5cc35c5000-5cc35c6000 rw-p 00002000 /vendor/lib64/passthrough/libmapper_service_1.2.z.so
5cc3600000-5cc3602000 r--p 00000000 /vendor/lib64/passthrough/libmapper_service_1.3.z.so
5cc3602000-5cc3604000 r-xp 00001000 /vendor/lib64/passthrough/libmapper_service_1.3.z.so
5cc3604000-5cc3606000 r--p 00002000 /vendor/lib64/passthrough/libmapper_service_1.3.z.so
5cc3606000-5cc3607000 rw-p 00003000 /vendor/lib64/passthrough/libmapper_service_1.3.z.so
5cc3607000-5cc3788000 rw-s 00000000 [io]
5cc3788000-5cc378a000 ---p 00000000 [anon:guard:55813]
5cc378a000-5cc388b000 rw-p 00000000 [anon:stack:55813]
5cc388b000-5cc388d000 ---p 00000000 [anon:guard:55808]
5cc388d000-5cc398e000 rw-p 00000000 [anon:stack:55808]
5cc398e000-5cc3990000 ---p 00000000 [anon:guard:55814]
5cc3990000-5cc3a91000 rw-p 00000000 [anon:stack:55814]
5cc3ac0000-5cc3ae4000 r--p 00000000 /system/lib64/media/media_plugins/libmedia_plugin_FFmpegAudioDecoders.z.so
5cc3ae4000-5cc3b16000 r-xp 00023000 /system/lib64/media/media_plugins/libmedia_plugin_FFmpegAudioDecoders.z.so
5cc3b16000-5cc3b1b000 r--p 00054000 /system/lib64/media/media_plugins/libmedia_plugin_FFmpegAudioDecoders.z.so
5cc3b1b000-5cc3b1c000 rw-p 00058000 /system/lib64/media/media_plugins/libmedia_plugin_FFmpegAudioDecoders.z.so
5cc3b1c000-5cc3b1d000 rw-p 00000000 [anon:libmedia_plugin_FFmpegAudioDecoders.z.so.bss]
5cc3b54000-5cc4274000 rw-s 00000000 [io]
5cc4274000-5cc45d7000 rw-s 00000000 [io]
5cc45d7000-5cc6dd7000 rw-p 00000000 [anon:native_heap:jemalloc]
5cc6e00000-5cc6e1d000 r--p 00000000 /system/lib64/platformsdk/libhttp_client.z.so
5cc6e1d000-5cc6e4e000 r-xp 0001c000 /system/lib64/platformsdk/libhttp_client.z.so
5cc6e4e000-5cc6e51000 r--p 0004c000 /system/lib64/platformsdk/libhttp_client.z.so
5cc6e51000-5cc6e52000 rw-p 0004e000 /system/lib64/platformsdk/libhttp_client.z.so
5cc6e80000-5cc6e84000 r--p 00000000 /system/lib64/platformsdk/libhttp_interceptor_http.z.so
5cc6e84000-5cc6e8b000 r-xp 00003000 /system/lib64/platformsdk/libhttp_interceptor_http.z.so
5cc6e8b000-5cc6e8c000 r--p 00009000 /system/lib64/platformsdk/libhttp_interceptor_http.z.so
5cc6e8c000-5cc6e8d000 rw-p 00009000 /system/lib64/platformsdk/libhttp_interceptor_http.z.so
5cc6e8d000-5cc6e8e000 rw-p 00000000 [anon:libhttp_interceptor_http.z.so.bss]
5cc6ec0000-5cc6ed7000 r--p 00000000 /system/lib64/libpreload_native.z.so
5cc6ed7000-5cc6ee0000 r-xp 00016000 /system/lib64/libpreload_native.z.so
5cc6ee0000-5cc6ee2000 r--p 0001e000 /system/lib64/libpreload_native.z.so
5cc6ee2000-5cc6ee3000 rw-p 0001f000 /system/lib64/libpreload_native.z.so
5cc6f00000-5cc6f0d000 r--p 00000000 /system/lib64/platformsdk/libace_network.z.so
5cc6f0d000-5cc6f26000 r-xp 0000c000 /system/lib64/platformsdk/libace_network.z.so
5cc6f26000-5cc6f29000 r--p 00024000 /system/lib64/platformsdk/libace_network.z.so
5cc6f29000-5cc6f2a000 rw-p 00026000 /system/lib64/platformsdk/libace_network.z.so
5cc6f40000-5cc6f43000 r--p 00000000 /system/lib64/libpreload_napi.z.so
5cc6f43000-5cc6f48000 r-xp 00002000 /system/lib64/libpreload_napi.z.so
5cc6f48000-5cc6f49000 r--p 00006000 /system/lib64/libpreload_napi.z.so
5cc6f49000-5cc6f4a000 rw-p 00006000 /system/lib64/libpreload_napi.z.so
5cc6f80000-5cc6fa5000 r--p 00000000 /system/lib64/libpreload_native_rust.z.so
5cc6fa5000-5cc6fec000 r-xp 00024000 /system/lib64/libpreload_native_rust.z.so
5cc6fec000-5cc6ff1000 r--p 0006a000 /system/lib64/libpreload_native_rust.z.so
5cc6ff1000-5cc6ff2000 rw-p 0006e000 /system/lib64/libpreload_native_rust.z.so
5cc6ff2000-5cc6ff3000 rw-p 00000000 [anon:libpreload_native_rust.z.so.bss]
5cc6ff3000-5cc6ff5000 ---p 00000000 [anon:guard:55775]
5cc6ff5000-5cc70f6000 rw-p 00000000 [anon:stack:55775]
5cc70f6000-5cc70f8000 ---p 00000000 [anon:guard:55776]
5cc70f8000-5cc71f9000 rw-p 00000000 [anon:stack:55776]
5cc71f9000-5cc71fb000 ---p 00000000 [anon:guard:55782]
5cc71fb000-5cc72fc000 rw-p 00000000 [anon:stack:55782]
5cc72fc000-5cc72fe000 ---p 00000000 [anon:guard:55783]
5cc72fe000-5cc73ff000 rw-p 00000000 [anon:stack:55783]
5cc73ff000-5cc7401000 ---p 00000000 [anon:guard:55784]
5cc7401000-5cc7502000 rw-p 00000000 [anon:stack:55784]
5cc7502000-5cc7504000 ---p 00000000 [anon:guard:55785]
5cc7504000-5cc7605000 rw-p 00000000 [anon:stack:55785]
5cc7605000-5cc7607000 ---p 00000000 [anon:guard:55786]
5cc7607000-5cc7708000 rw-p 00000000 [anon:stack:55786]
5cc7708000-5cc770a000 ---p 00000000 [anon:guard:55787]
5cc770a000-5cc780b000 rw-p 00000000 [anon:stack:55787]
5cc780b000-5cc7976000 rw-s 00000000 [io]
5cc7976000-5cc7978000 ---p 00000000 [anon:guard:55805]
5cc7978000-5cc7a79000 rw-p 00000000 [anon:stack:55805]
5cc7a79000-5cc7a7b000 ---p 00000000 [anon:guard:55806]
5cc7a7b000-5cc7b7c000 rw-p 00000000 [anon:stack:55806]
5cc7b7c000-5cc877c000 rw-p 00000000 [anon:native_heap:jemalloc]
5cc877c000-5cc88e7000 rw-s 00000000 [io]
5cc88e7000-5cc8a52000 rw-s 00000000 [io]
5cc8a52000-5cc8a54000 ---p 00000000 [anon:guard:55815]
5cc8a54000-5cc8b55000 rw-p 00000000 [anon:stack:55815]
5cc8b55000-5cc9955000 rw-p 00000000 [anon:native_heap:jemalloc]
5cc9955000-5cc9957000 ---p 00000000 [anon:guard:55832]
5cc9957000-5cc9a58000 rw-p 00000000 [anon:stack:55832]
5cc9a58000-5cc9a5a000 ---p 00000000 [anon:guard:55833]
5cc9a5a000-5cc9b5b000 rw-p 00000000 [anon:stack:55833]
5cc9b5b000-5cc9b5d000 ---p 00000000 [anon:guard:55834]
5cc9b5d000-5cc9c5e000 rw-p 00000000 [anon:stack:55834]
5cc9c5e000-5cc9d5e000 rw-p 00000000 
5cc9d5e000-5cc9d60000 ---p 00000000 [anon:guard:55835]
5cc9d60000-5cc9e61000 rw-p 00000000 [anon:stack:55835]
5cc9e61000-5cca22c000 r--p 00000000 /data/storage/el2/base/haps/entry/files/bundle-0.82/rn-songlist-detail-v2-harmony/1787832033290/rn-songlist-detail-v2-harmony.hb
5cca22c000-5cca22e000 ---p 00000000 [anon:guard:55842]
5cca22e000-5cca32f000 rw-p 00000000 [anon:stack:55842]
5cca32f000-5cca331000 ---p 00000000 [anon:guard:55837]
5cca331000-5cca432000 rw-p 00000000 [anon:stack:55837]
5cca432000-5cca434000 ---p 00000000 [anon:guard:55838]
5cca434000-5cca535000 rw-p 00000000 [anon:stack:55838]
5cca535000-5cca537000 ---p 00000000 [anon:guard:55839]
5cca537000-5cca638000 rw-p 00000000 [anon:stack:55839]
5cca638000-5cca738000 rw-p 00000000 
5cca738000-5cca73a000 ---p 00000000 [anon:guard:55841]
5cca73a000-5cca83b000 rw-p 00000000 [anon:stack:55841]
5cca83b000-5cca83d000 ---p 00000000 [anon:guard:55895]
5cca83d000-5cca93e000 rw-p 00000000 [anon:stack:55895]
5cca93e000-5cca940000 ---p 00000000 [anon:guard:55896]
5cca940000-5ccaa41000 rw-p 00000000 [anon:stack:55896]
5ccaa41000-5ccaa43000 ---p 00000000 [anon:guard:55897]
5ccaa43000-5ccab44000 rw-p 00000000 [anon:stack:55897]
5ccab44000-5ccac44000 rw-p 00000000 
5ccac44000-5ccac46000 ---p 00000000 [anon:guard:55898]
5ccac46000-5ccad47000 rw-p 00000000 [anon:stack:55898]
5ccad47000-5ccb034000 r--p 00000000 /data/storage/el2/base/haps/entry/files/bundle-0.82/rn-play-view-harmony/1787817559030/rn-play-view-harmony.hbc
5ccb034000-5ccb036000 ---p 00000000 [anon:guard:55920]
5ccb036000-5ccb137000 rw-p 00000000 [anon:stack:55920]
5ccb137000-5ccb139000 ---p 00000000 [anon:guard:55905]
5ccb139000-5ccb23a000 rw-p 00000000 [anon:stack:55905]
5ccb23a000-5ccb23c000 ---p 00000000 [anon:guard:55908]
5ccb23c000-5ccb33d000 rw-p 00000000 [anon:stack:55908]
5ccb33d000-5ccb33f000 ---p 00000000 [anon:guard:55909]
5ccb33f000-5ccb440000 rw-p 00000000 [anon:stack:55909]
5ccb440000-5ccb540000 rw-p 00000000 
5ccb540000-5ccb542000 ---p 00000000 [anon:guard:55913]
5ccb542000-5ccb643000 rw-p 00000000 [anon:stack:55913]
5ccb643000-5ccb743000 rw-s 00000000 [io]
5ccb743000-5ccb745000 ---p 00000000 [anon:guard:56050]
5ccb745000-5ccb846000 rw-p 00000000 [anon:stack:56050]
5ccb846000-5ccb848000 ---p 00000000 [anon:guard:56051]
5ccb848000-5ccb949000 rw-p 00000000 [anon:stack:56051]
5ccb980000-5ccb981000 r--p 00000000 /system/lib64/module/file/libstreamhash.z.so
5ccb981000-5ccb984000 r-xp 00000000 /system/lib64/module/file/libstreamhash.z.so
5ccb984000-5ccb985000 r--p 00002000 /system/lib64/module/file/libstreamhash.z.so
5ccb985000-5ccb987000 rw-p 00002000 /system/lib64/module/file/libstreamhash.z.so
5ccb9c0000-5ccb9c1000 r--p 00000000 /system/lib64/module/util/libstream.z.so
5ccb9c1000-5ccb9c2000 r-xp 00000000 /system/lib64/module/util/libstream.z.so
5ccb9c2000-5ccb9c3000 r--p 00000000 /system/lib64/module/util/libstream.z.so
5ccb9c3000-5ccb9dc000 rw-p 00000000 /system/lib64/module/util/libstream.z.so
5ccba0f000-5ccc12f000 rw-s 00000000 [io]
5ccc12f000-5ccc2b0000 rw-s 00000000 [io]
5ccc2b0000-5ccc613000 rw-s 00000000 [io]
5ccc613000-5ccd613000 rw-p 00000000 [anon:native_heap:jemalloc]
5ccd613000-5ccd615000 ---p 00000000 [anon:guard:55921]
5ccd615000-5ccd716000 rw-p 00000000 [anon:stack:55921]
5ccd716000-5ccd718000 ---p 00000000 [anon:guard:55922]
5ccd718000-5ccd819000 rw-p 00000000 [anon:stack:55922]
5ccd819000-5ccd81b000 ---p 00000000 [anon:guard:55923]
5ccd81b000-5ccd91c000 rw-p 00000000 [anon:stack:55923]
5ccd91c000-5ccda1c000 rw-p 00000000 
5ccda1c000-5ccda1e000 ---p 00000000 [anon:guard:55924]
5ccda1e000-5ccdb1f000 rw-p 00000000 [anon:stack:55924]
5ccdb1f000-5ccdf2f000 r--p 00000000 /data/storage/el2/base/haps/entry/files/bundle-0.82/rn-mine-harmony/1787823891433/rn-mine-harmony.hbc
5ccdf2f000-5ccdf31000 ---p 00000000 [anon:guard:55934]
5ccdf31000-5cce032000 rw-p 00000000 [anon:stack:55934]
5cce032000-5cce034000 ---p 00000000 [anon:guard:55927]
5cce034000-5cce135000 rw-p 00000000 [anon:stack:55927]
5cce135000-5cce137000 ---p 00000000 [anon:guard:55928]
5cce137000-5cce238000 rw-p 00000000 [anon:stack:55928]
5cce238000-5cce23a000 ---p 00000000 [anon:guard:55929]
5cce23a000-5cce33b000 rw-p 00000000 [anon:stack:55929]
5cce33b000-5cce43b000 rw-p 00000000 
5cce43b000-5cce5a6000 rw-s 00000000 [io]
5cce5a6000-5cce5a8000 ---p 00000000 [anon:guard:55993]
5cce5a8000-5cce6a9000 rw-p 00000000 [anon:stack:55993]
5cce6a9000-5cce7a9000 rw-p 00000000 
5cce847000-5cce849000 ---p 00000000 [anon:guard:55935]
5cce849000-5cce94a000 rw-p 00000000 [anon:stack:55935]
5cce94a000-5cce94c000 ---p 00000000 [anon:guard:55936]
5cce94c000-5ccea4d000 rw-p 00000000 [anon:stack:55936]
5ccea4d000-5ccea4f000 ---p 00000000 [anon:guard:55938]
5ccea4f000-5cceb50000 rw-p 00000000 [anon:stack:55938]
5cceb50000-5cceb52000 ---p 00000000 [anon:guard:56052]
5cceb52000-5ccec53000 rw-p 00000000 [anon:stack:56052]
5ccec53000-5ccedbe000 rw-s 00000000 [io]
5ccedbe000-5ccedc0000 ---p 00000000 [anon:guard:56086]
5ccedc0000-5cceec1000 rw-p 00000000 [anon:stack:56086]
5cceefc000-5cceefe000 ---p 00000000 [anon:guard:56062]
5cceefe000-5ccefff000 rw-p 00000000 [anon:stack:56062]
5ccefff000-5ccf001000 ---p 00000000 [anon:guard:56087]
5ccf001000-5ccf102000 rw-p 00000000 [anon:stack:56087]
5ccf119000-5cd2119000 rw-p 00000000 [anon:native_heap:jemalloc]
5cd2119000-5cd2284000 rw-s 00000000 [io]
5cd2284000-5cd2286000 ---p 00000000 [anon:guard:56088]
5cd2286000-5cd2387000 rw-p 00000000 [anon:stack:56088]
5cd2387000-5cd2389000 ---p 00000000 [anon:guard:56047]
5cd2389000-5cd248a000 rw-p 00000000 [anon:stack:56047]
5cd248a000-5cd248c000 ---p 00000000 [anon:guard:56035]
5cd248c000-5cd258d000 rw-p 00000000 [anon:stack:56035]
5cd258d000-5cd26cb000 rw-s 00000000 [io]
5cd26cb000-5cd27cb000 rw-p 00000000 
5cd27cb000-5cd27cd000 ---p 00000000 [anon:guard:56089]
5cd27cd000-5cd28ce000 rw-p 00000000 [anon:stack:56089]
5cd28ce000-5cd28d0000 ---p 00000000 [anon:guard:56090]
5cd28d0000-5cd29d1000 rw-p 00000000 [anon:stack:56090]
5cd29ea000-5cd31ea000 rw-p 00000000 
5cd31ea000-5cd35c0000 rw-s 00000000 [io]
5cd35c0000-5cd35c2000 ---p 00000000 [anon:guard:56091]
5cd35c2000-5cd36c3000 rw-p 00000000 [anon:stack:56091]
5cd36c3000-5cd36c5000 ---p 00000000 [anon:guard:56098]
5cd36c5000-5cd37c6000 rw-p 00000000 [anon:stack:56098]
5cd37c6000-5cd37c8000 ---p 00000000 [anon:guard:56099]
5cd37c8000-5cd38c9000 rw-p 00000000 [anon:stack:56099]
5cd38c9000-5cd38cb000 ---p 00000000 [anon:guard:56100]
5cd38cb000-5cd39cc000 rw-p 00000000 [anon:stack:56100]
5cd39cc000-5cd3acc000 rw-p 00000000 
5cd3acc000-5cd3ace000 ---p 00000000 [anon:guard:56101]
5cd3ace000-5cd3bcf000 rw-p 00000000 [anon:stack:56101]
5cd3bcf000-5cd3bd1000 ---p 00000000 [anon:guard:56102]
5cd3bd1000-5cd3cd2000 rw-p 00000000 [anon:stack:56102]
5cd3d12000-5cd40dd000 r--p 00000000 /data/storage/el2/base/haps/entry/files/bundle-0.82/rn-songlist-detail-v2-harmony/1787832033290/rn-songlist-detail-v2-harmony.hb
5cd40dd000-5cd41e6000 r--s 00009000 /system/app/ArkWebCore/ArkWebCore.hap
5cd42b2000-5cd42b4000 ---p 00000000 [anon:guard:56036]
5cd42b4000-5cd43b5000 rw-p 00000000 [anon:stack:56036]
5cd43c0000-5cd447c000 r--p 00000000 /system/lib64/libohos_adapter_glue_source.z.so
5cd447c000-5cd455a000 r-xp 000bb000 /system/lib64/libohos_adapter_glue_source.z.so
5cd455a000-5cd456e000 r--p 00198000 /system/lib64/libohos_adapter_glue_source.z.so
5cd456e000-5cd4570000 rw-p 001ab000 /system/lib64/libohos_adapter_glue_source.z.so
5cd4570000-5cd4573000 rw-p 00000000 [anon:libohos_adapter_glue_source.z.so.bss]
5cd46be000-5cd46c0000 ---p 00000000 [anon:guard:56037]
5cd46c0000-5cd47c1000 rw-p 00000000 [anon:stack:56037]
5cd47c1000-5cd48c1000 rw-p 00000000 
5cd48c1000-5cd48c3000 ---p 00000000 [anon:guard:56038]
5cd48c3000-5cd49c4000 rw-p 00000000 [anon:stack:56038]
5cd49c4000-5ce25c4000 rw-p 00000000 [anon:native_heap:jemalloc]
5ce25c4000-5ce2fc1000 r--s 0027a000 /system/app/ArkWebCore/ArkWebCore.hap
5ce2fc1000-5ce2fc3000 ---p 00000000 [anon:guard:56106]
5ce2fc3000-5ce31c4000 rw-p 00000000 [anon:stack:56106]
5ce31c4000-5ce332e000 r--s 00111000 /system/app/ArkWebCore/ArkWebCore.hap
5ce332e000-5ce3f2a000 r--s 01e0c000 /system/app/ArkWebCore/ArkWebCore.hap
5ce3f2a000-5ce3f2c000 ---p 00000000 [anon:guard:56107]
5ce3f2c000-5ce412d000 rw-p 00000000 [anon:stack:56107]
5ce412d000-5ce412f000 ---p 00000000 [anon:guard:56108]
5ce412f000-5ce4330000 rw-p 00000000 [anon:stack:56108]
5ce4330000-5ce4332000 ---p 00000000 [anon:guard:56109]
5ce4332000-5ce4533000 rw-p 00000000 [anon:stack:56109]
5ce4533000-5ce4535000 ---p 00000000 [anon:guard:56110]
5ce4535000-5ce4736000 rw-p 00000000 [anon:stack:56110]
5ce4736000-5ce4738000 ---p 00000000 [anon:guard:56111]
5ce4738000-5ce4939000 rw-p 00000000 [anon:stack:56111]
5ce4939000-5ce493b000 ---p 00000000 [anon:guard:56112]
5ce493b000-5ce4b3c000 rw-p 00000000 [anon:stack:56112]
5ce4b3c000-5ce4b3e000 ---p 00000000 [anon:guard:56113]
5ce4b3e000-5ce4d3f000 rw-p 00000000 [anon:stack:56113]
5ce4d3f000-5ce4d41000 ---p 00000000 [anon:guard:56114]
5ce4d41000-5ce4f42000 rw-p 00000000 [anon:stack:56114]
5ce4f42000-5ce4f44000 ---p 00000000 [anon:guard:56115]
5ce4f44000-5ce5145000 rw-p 00000000 [anon:stack:56115]
5ce5145000-5ce5147000 ---p 00000000 [anon:guard:56116]
5ce5147000-5ce5348000 rw-p 00000000 [anon:stack:56116]
5ce5348000-5ce534a000 ---p 00000000 [anon:guard:56117]
5ce534a000-5ce554b000 rw-p 00000000 [anon:stack:56117]
5ce554b000-5ce554d000 ---p 00000000 [anon:guard:56118]
5ce554d000-5ce574e000 rw-p 00000000 [anon:stack:56118]
5ce574e000-5ce5750000 ---p 00000000 [anon:guard:56119]
5ce5750000-5ce5951000 rw-p 00000000 [anon:stack:56119]
5ce5951000-5ce5953000 ---p 00000000 [anon:guard:56120]
5ce5953000-5ce5b54000 rw-p 00000000 [anon:stack:56120]
5ce5b54000-5ce5b56000 ---p 00000000 [anon:guard:56121]
5ce5b56000-5ce5d57000 rw-p 00000000 [anon:stack:56121]
5ce5d57000-5ce5d59000 ---p 00000000 [anon:guard:56122]
5ce5d59000-5ce5f5a000 rw-p 00000000 [anon:stack:56122]
5ce5f5a000-5ce5f5c000 ---p 00000000 [anon:guard:56123]
5ce5f5c000-5ce615d000 rw-p 00000000 [anon:stack:56123]
5ce615d000-5ce615f000 ---p 00000000 [anon:guard:56124]
5ce615f000-5ce6360000 rw-p 00000000 [anon:stack:56124]
5ce6360000-5ce6362000 ---p 00000000 [anon:guard:56125]
5ce6362000-5ce6563000 rw-p 00000000 [anon:stack:56125]
5ce6563000-5ce6565000 ---p 00000000 [anon:guard:56126]
5ce6565000-5ce6766000 rw-p 00000000 [anon:stack:56126]
5ce6766000-5ce6768000 ---p 00000000 [anon:guard:56127]
5ce6768000-5ce6969000 rw-p 00000000 [anon:stack:56127]
5ce6969000-5ce696b000 ---p 00000000 [anon:guard:56128]
5ce696b000-5ce6b6c000 rw-p 00000000 [anon:stack:56128]
5ce6b6c000-5ce6b6e000 ---p 00000000 [anon:guard:56129]
5ce6b6e000-5ce6d6f000 rw-p 00000000 [anon:stack:56129]
5ce6d6f000-5ce6d71000 ---p 00000000 [anon:guard:56130]
5ce6d71000-5ce6f72000 rw-p 00000000 [anon:stack:56130]
5ce6f72000-5ce6f74000 ---p 00000000 [anon:guard:56131]
5ce6f74000-5ce7175000 rw-p 00000000 [anon:stack:56131]
5ce7175000-5ce7177000 ---p 00000000 [anon:guard:56132]
5ce7177000-5ce7378000 rw-p 00000000 [anon:stack:56132]
5ce7378000-5ce737a000 ---p 00000000 [anon:guard:56133]
5ce737a000-5ce757b000 rw-p 00000000 [anon:stack:56133]
5ce757b000-5ce757d000 ---p 00000000 [anon:guard:56134]
5ce757d000-5ce777e000 rw-p 00000000 [anon:stack:56134]
5ce777e000-5ce7780000 ---p 00000000 [anon:guard:56135]
5ce7780000-5ce7981000 rw-p 00000000 [anon:stack:56135]
5ce7981000-5ce7983000 ---p 00000000 [anon:guard:56136]
5ce7983000-5ce7b84000 rw-p 00000000 [anon:stack:56136]
5ce7b84000-5ce7b86000 ---p 00000000 [anon:guard:56137]
5ce7b86000-5ce7d87000 rw-p 00000000 [anon:stack:56137]
5ce7d87000-5ce7d89000 ---p 00000000 [anon:guard:56138]
5ce7d89000-5ce7f8a000 rw-p 00000000 [anon:stack:56138]
5ce7f8a000-5ce7f8c000 ---p 00000000 [anon:guard:56139]
5ce7f8c000-5ce818d000 rw-p 00000000 [anon:stack:56139]
5ce818d000-5ce818f000 ---p 00000000 [anon:guard:56140]
5ce818f000-5ce8390000 rw-p 00000000 [anon:stack:56140]
6f00000000-7000000000 ---p 00000000 [io]
70dfe34000-70dfe3d000 ---p 00000000 [io]
70dfe3d000-70dfec9000 rw-p 00000000 [io]
70dfec9000-70dfecc000 rw-p 00000000 [io]
70dfecc000-70dfecd000 r--p 00000000 [io]
70dfecd000-70dfece000 rw-p 00000000 [io]
70dfece000-70dfeee000 rw-p 00000000 [io]
70dfeee000-70dff7a000 rw-p 00000000 [io]
70dff7a000-70dff7d000 rw-p 00000000 [io]
70dff7d000-70dff7e000 r--p 00000000 [io]
70dff7e000-70dff7f000 rw-p 00000000 [io]
70dff7f000-70dff9f000 rw-p 00000000 [io]
70dff9f000-70dffdf000 rw-p 00000000 [io]
70dffdf000-70dffff000 rw-p 00000000 [io]
7fc68b8000-7fc68b9000 ---p 00000000 [guard]
7fc68b9000-7fc68ba000 rw-p 00000000 [stack]
7fc68ba000-7fc68bb000 ---p 00000000 [guard]
7fc68bb000-7fc70b8000 rw-p 00000000 [stack]
OpenFiles:
0->/dev/null native object of unknown type 0
1->/dev/null native object of unknown type 0
2->/dev/null native object of unknown type 0
3->socket:[1291] native object of unknown type 218115328
4->anon_inode:[eventpoll] FILE* 4
5->socket:[1293] native object of unknown type 0
6->pipe:[228474] native object of unknown type 0
7->/dev/kmsg native object of unknown type 0
8->/sys/kernel/debug/tracing/trace_marker native object of unknown type 0
9->anon_inode:[eventpoll] FILE* 391764332608
10->pipe:[228474] native object of unknown type 0
11->/dev/binder FILE* 218126272
12->pipe:[228687] native object of unknown type 0
13->pipe:[228687] native object of unknown type 0
14->anon_inode:[eventfd] FILE* 14
15->anon_inode:[eventfd] FILE* 391764333000
16->socket:[3325] native object of unknown type 0
17->/dev/kmsg native object of unknown type 0
18->anon_inode:[eventpoll] native object of unknown type 0
19->anon_inode:[timerfd] native object of unknown type 0
21->/data/storage/el1/bundle/entry.hap FILE* 389063898824
22->anon_inode:[eventpoll] native object of unknown type 218108417
23->/sys/kernel/debug/tracing/trace_marker FILE* 218115379
24->anon_inode:[eventfd] native object of unknown type 218108417
25->socket:[5698643] native object of unknown type 0
26->/dev/urandom native object of unknown type 0
27->socket:[5698647] native object of unknown type 0
28->socket:[5698703] native object of unknown type 0
29->anon_inode:[eventpoll] native object of unknown type 218108417
30->anon_inode:[eventpoll] native object of unknown type 0
31->anon_inode:[eventfd] native object of unknown type 218108417
32->socket:[5698707] native object of unknown type 0
33->anon_inode:[eventpoll] FILE* 391764339776
34->pipe:[228689] native object of unknown type 0
35->pipe:[228689] native object of unknown type 0
36->anon_inode:[eventfd] FILE* 391764340168
37->/dev/ucollection native object of unknown type 218115344
38->/data/storage/el2/base/files/hiappevent/databases/appevent.db FILE* 5351
39->/data/storage/el2/base/files/hiappevent/databases/appevent.db-dwr FILE* 5351
40->/data/storage/el2/base/files/hiappevent/databases/appevent.db-wal FILE* 5351
41->/data/storage/el2/base/files/hiappevent/databases/appevent.db-shm FILE* 5351
42->/data/storage/el2/base/files/hiappevent/databases/appevent.db FILE* 5351
43->/data/storage/el2/base/files/hiappevent/databases/appevent.db-dwr FILE* 5351
44->/data/storage/el2/base/files/hiappevent/databases/appevent.db-wal FILE* 5351
45->/data/storage/el2/base/files/hiappevent/databases/appevent.db FILE* 5351
46->/data/storage/el2/base/files/hiappevent/databases/appevent.db-wal FILE* 5351
47->/data/storage/el2/base/files/hiappevent/databases/appevent.db-dwr FILE* 5351
48->/data/storage/el2/base/files/hiappevent/databases/appevent.db FILE* 5351
49->/data/storage/el2/base/files/hiappevent/databases/appevent.db-dwr FILE* 5351
50->/data/storage/el2/base/files/hiappevent/databases/appevent.db FILE* 5351
51->/data/storage/el2/base/files/hiappevent/databases/appevent.db-dwr FILE* 5351
52->/dev/urandom native object of unknown type 0
53->/data/storage/el2/base/files/hiappevent/databases/appevent.db-wal FILE* 5351
54->/data/storage/el2/base/files/hiappevent/databases/appevent.db-wal FILE* 5351
55->anon_inode:[eventpoll] FILE* 391776779840
56->pipe:[228695] native object of unknown type 0
57->pipe:[228695] native object of unknown type 0
58->anon_inode:[eventfd] FILE* 391776780232
59->anon_inode:[eventpoll] FILE* 391843153344
60->pipe:[228696] native object of unknown type 0
61->pipe:[228696] native object of unknown type 0
62->anon_inode:[eventfd] FILE* 391843153736
63->/dev/urandom native object of unknown type 0
64->/dev/urandom native object of unknown type 0
65->/dev/urandom native object of unknown type 0
66->/dev/urandom native object of unknown type 0
67->/dev/urandom native object of unknown type 0
68->/data/storage/el2/log/page_switch/page_switch.1.log FILE* 389063898328
69->/data/storage/el2/log/page_switch/.persist_sandbox_log FILE* 389063898576
70->socket:[5698743] native object of unknown type 218113792
71->socket:[5698745] native object of unknown type 218113792
72->anon_inode:[eventpoll] native object of unknown type 218108417
73->anon_inode:[eventfd] native object of unknown type 218108417
74->anon_inode:[eventpoll] native object of unknown type 218108417
75->anon_inode:[eventfd] native object of unknown type 218108417
76->/data/storage/el2/base/files/cache/log_files/bi/cache/bi/cache.lock native object of unknown type 0
77->anon_inode:[eventpoll] FILE* 398024190144
78->/data/storage/el2/base/files/log/log native object of unknown type 0
79->pipe:[228702] native object of unknown type 0
80->pipe:[228702] native object of unknown type 0
81->anon_inode:[eventfd] FILE* 398024190536
82->anon_inode:[eventpoll] FILE* 397941711552
83->anon_inode:[eventpoll] FILE* 398024191936
84->anon_inode:[eventpoll] FILE* 398108577344
85->pipe:[228703] native object of unknown type 0
86->pipe:[228703] native object of unknown type 0
87->anon_inode:[eventfd] FILE* 398024192328
88->pipe:[228704] native object of unknown type 0
89->pipe:[228704] native object of unknown type 0
90->pipe:[228705] native object of unknown type 0
91->pipe:[228705] native object of unknown type 0
92->anon_inode:[eventfd] FILE* 398108577736
93->anon_inode:[eventfd] FILE* 397941711944
94->/dev/ashmem native object of unknown type 0
95->/data/storage/el2/database/entry/rdb/cards.db FILE* 5351
96->/data/storage/el2/database/entry/rdb/cards.db FILE* 5351
97->anon_inode:[eventpoll] FILE* 398024202688
98->/data/storage/el2/database/entry/rdb/cards.db-dwr FILE* 5351
99->pipe:[228706] native object of unknown type 0
100->pipe:[228706] native object of unknown type 0
101->anon_inode:[eventfd] FILE* 398024203080
102->anon_inode:[eventpoll] native object of unknown type 218108417
103->socket:[5698765] native object of unknown type 0
104->anon_inode:[eventfd] native object of unknown type 218108417
105->/data/storage/el2/database/entry/rdb/cards.db-wal FILE* 5351
106->anon_inode:inotify native object of unknown type 0
107->/data/storage/el2/database/entry/rdb/cards.db-shm FILE* 5351
108->/dev/urandom native object of unknown type 0
109->/data/storage/el2/base/files/cache/log_files/ua/cache/ua/cache_54773_18_312476397 native object of unknown type 0
110->anon_inode:inotify native object of unknown type 0
111->/data/storage/el2/base/files/cache/log_files/ua/cache/ua/cache.lock native object of unknown type 0
112->/data/storage/el2/base/files/cache/log_files/bi/seq.seq native object of unknown type 0
113->/data/storage/el2/base/files/cache/log_files/monitor/cache/monitor/cache.lock native object of unknown type 0
114->/data/storage/el2/database/entry/rdb/cards.db-dwr FILE* 5351
115->anon_inode:inotify native object of unknown type 0
116->/data/storage/el2/base/files/cache/log_files/bi/cache/bi/cache_54773_24_3103139288 native object of unknown type 0
117->anon_inode:[eventpoll] FILE* 398157306432
118->anon_inode:inotify native object of unknown type 0
119->/data/storage/el2/base/files/cache/log_files/bi/cache/bi/cache_54773_16_10643831 native object of unknown type 0
120->/data/storage/el2/base/files/cache/log_files/monitor/seq.seq native object of unknown type 0
121->/data/storage/el2/base/files/cache/log_files/sysdebug/cache/sysdebug/cache.lock native object of unknown type 0
122->pipe:[228713] native object of unknown type 0
123->/data/storage/el1/bundle/entry.hap native object of unknown type 0
124->/data/storage/el2/base/files/cache/log_files/ua/seq.seq native object of unknown type 0
125->anon_inode:[eventpoll] native object of unknown type 218108417
126->/data/storage/el2/database/entry/rdb/cards.db FILE* 5351
127->pipe:[228713] native object of unknown type 0
128->/data/storage/el2/base/files/cache/log_files/sysdebug/seq.seq native object of unknown type 0
129->/dev/ashmem native object of unknown type 0
130->/data/storage/el2/database/entry/rdb/cards.db FILE* 5351
131->/data/storage/el2/database/entry/rdb/cards.db-dwr FILE* 5351
132->socket:[5698795] native object of unknown type 0
133->/data/storage/el2/database/entry/rdb/cards.db FILE* 5351
134->/data/storage/el2/database/entry/rdb/cards.db-dwr FILE* 5351
135->anon_inode:[eventfd] FILE* 398157306824
136->socket:[5698781] native object of unknown type 0
137->/data/storage/el1/bundle/entry.hap native object of unknown type 0
138->socket:[5698787] native object of unknown type 218114048
139->anon_inode:[eventfd] native object of unknown type 218108417
140->/proc/54773/sched_rtg_ctrl FILE* 389063897336
141->anon_inode:[eventpoll] FILE* 398165930432
142->pipe:[228707] native object of unknown type 0
143->pipe:[228707] native object of unknown type 0
144->anon_inode:[eventfd] FILE* 398165930824
145->anon_inode:[eventfd] native object of unknown type 218108417
146->anon_inode:[eventpoll] native object of unknown type 218108417
147->socket:[5698817] native object of unknown type 0
148->anon_inode:[eventpoll] native object of unknown type 0
149->socket:[5698833] native object of unknown type 0
150->socket:[5698835] native object of unknown type 0
151->pipe:[228708] native object of unknown type 0
152->pipe:[228708] native object of unknown type 0
153->anon_inode:[eventpoll] native object of unknown type 0
154->socket:[5698837] native object of unknown type 0
155->socket:[5698839] native object of unknown type 0
156->pipe:[228709] native object of unknown type 0
157->pipe:[228709] native object of unknown type 0
158->/dev/urandom native object of unknown type 0
159->/dev/ashmem native object of unknown type 0
160->/dev/urandom native object of unknown type 0
161->anon_inode:[eventfd] native object of unknown type 218109381
162->anon_inode:[eventfd] native object of unknown type 218109381
163->anon_inode:[eventfd] native object of unknown type 218109381
164->anon_inode:[eventfd] native object of unknown type 0
165->anon_inode:[eventfd] native object of unknown type 218109381
166->anon_inode:[eventpoll] native object of unknown type 0
167->anon_inode:[timerfd] native object of unknown type 0
168->anon_inode:[eventfd] native object of unknown type 0
169->anon_inode:[timerfd] native object of unknown type 0
170->/dev/hvgr0 native object of unknown type 0
171->/sys/kernel/debug/tracing/trace_marker FILE* 218115379
172->anon_inode:[eventfd] native object of unknown type 0
173->/data/storage/el2/base/haps/entry/files/bundle-0.82/js-kernel-harmony/1787712990002/js-kernel-harmony.hbc native object of unknown type 0
174->socket:[538624] native object of unknown type 0
175->/data/storage/el2/base/haps/entry/files/HttpDNSCache_e478a7be50ab42fb81be9748e1923d38.db native object of unknown type 0
176->/dev/urandom FILE* 389063897088
177->/data/storage/el2/base/haps/entry/files/HttpDNSCache_e478a7be50ab42fb81be9748e1923d38.db-wal native object of unknown type 0
178->socket:[538628] native object of unknown type 0
179->socket:[538626] native object of unknown type 0
180->anon_inode:[eventpoll] native object of unknown type 218109381
181->pipe:[228710] native object of unknown type 0
182->pipe:[228710] native object of unknown type 0
183->socket:[538634] native object of unknown type 218109381
184->/data/storage/el2/base/haps/entry/files/APMStorageDatabaseNGBTKXYfis8eT4gsG3iEGSdPo5SVn9ff.db native object of unknown type 0
185->/data/storage/el2/base/haps/entry/files/HttpDNSCache_e478a7be50ab42fb81be9748e1923d38.db-shm native object of unknown type 0
186->/data/storage/el2/base/haps/entry/files/APMStorageDatabaseNGBTKXYfis8eT4gsG3iEGSdPo5SVn9ff.db-wal native object of unknown type 0
187->/data/storage/el1/bundle/entry.hap native object of unknown type 0
188->anon_inode:[eventpoll] FILE* 398157318080
189->anon_inode:[timerfd] native object of unknown type 218109381
190->/dev/urandom FILE* 398175133136
191->pipe:[228711] native object of unknown type 0
192->pipe:[228711] native object of unknown type 0
193->anon_inode:[eventpoll] native object of unknown type 218108417
194->socket:[538636] native object of unknown type 218109381
195->/data/storage/el2/base/haps/entry/files/APMStorageDatabaseNGBTKXYfis8eT4gsG3iEGSdPo5SVn9ff.db-shm native object of unknown type 0
196->/data/storage/el2/base/haps/entry/files/bundle-0.82/rn-minibar-harmony/1787799059759/rn-minibar-harmony.hbc native object of unknown type 0
197->socket:[538658] native object of unknown type 0
198->pipe:[228714] native object of unknown type 0
199->socket:[538640] native object of unknown type 218109381
200->socket:[538644] native object of unknown type 218109381
201->socket:[538642] native object of unknown type 218109381
202->pipe:[228714] native object of unknown type 0
203->anon_inode:[eventfd] FILE* 398157318472
204->/data/storage/el2/base/haps/entry/files/bundle-0.82/rn-fastplay-harmony/1787811028404/rn-fastplay-harmony.hbc native object of unknown type 0
205->socket:[538646] native object of unknown type 218109381
206->anon_inode:[eventfd] native object of unknown type 0
207->anon_inode:[eventpoll] native object of unknown type 218108417
208->anon_inode:[eventfd] native object of unknown type 0
209->/data/storage/el2/base/files/playlist/playlist.db native object of unknown type 0
210->/data/storage/el2/base/files/cache/log_files/ua/cache/ua/cache_54773_25_1752100759 native object of unknown type 0
211->/data/storage/el2/base/files/cache/log_files/monitor/cache/monitor/cache_54773_21_503442059 native object of unknown type 0
212->socket:[538648] native object of unknown type 218109381
213->/data/storage/el2/base/files/cache/log_files/sysdebug/cache/sysdebug/cache_54773_12_4034094034 native object of unknown type 0
214->/data/storage/el2/base/files/cache/log_files/sysdebug/cache/sysdebug/cache_54773_17_1214903884 native object of unknown type 0
215->/data/storage/el2/base/files/cache/log_files/monitor/cache/monitor/cache_54773_27_2659050354 native object of unknown type 0
216->socket:[5699255] native object of unknown type 0
217->/data/storage/el2/base/files/urs/dat_files/music/music__app_sign_private.dat native object of unknown type 0
218->anon_inode:[eventfd] native object of unknown type 218108417
219->socket:[5699273] native object of unknown type 0
220->anon_inode:[eventfd] native object of unknown type 218108417
221->/dev/ashmem native object of unknown type 0
222->/dev/ashmem native object of unknown type 0
223->socket:[538750] native object of unknown type 0
224->anon_inode:inotify native object of unknown type 12590160
225->anon_inode:[eventpoll] native object of unknown type 12590160
226->socket:[538668] native object of unknown type 218109381
227->anon_inode:dmabuf native object of unknown type 0
228->/dev/ashmem native object of unknown type 0
229->socket:[538742] native object of unknown type 0
230->/data/storage/el2/base/files/UserData/SongCache/Caches/2/2682951942_256016_cedc1683c87f04a4c58d33e08a0547e3_0.nmsf native object of unknown type 0
231->socket:[538676] native object of unknown type 0
232->anon_inode:[eventpoll] native object of unknown type 218108417
233->anon_inode:[eventfd] native object of unknown type 218108417
234->/data/storage/el2/database/entry/kvdb/d35d42b37d871742f89868bf3f8bc9418f9ae939ab9c94b6ae94b21923f57105/single_ver/main/gen_natural_store.db FILE* 5351
235->anon_inode:[eventpoll] native object of unknown type 218108417
236->socket:[5699441] native object of unknown type 0
237->anon_inode:[eventpoll] native object of unknown type 218108417
238->socket:[5699439] native object of unknown type 0
239->anon_inode:[eventfd] native object of unknown type 218108417
240->anon_inode:[eventpoll] native object of unknown type 218108417
241->/data/storage/el2/database/entry/kvdb/d35d42b37d871742f89868bf3f8bc9418f9ae939ab9c94b6ae94b21923f57105/single_ver/main/gen_natural_store.db-wal FILE* 5351
242->socket:[5699449] native object of unknown type 0
243->socket:[5699445] native object of unknown type 0
244->anon_inode:[eventfd] native object of unknown type 218108417
245->anon_inode:[eventfd] native object of unknown type 218108417
246->socket:[5699815] native object of unknown type 12590160
247->/data/storage/el2/database/entry/kvdb/d35d42b37d871742f89868bf3f8bc9418f9ae939ab9c94b6ae94b21923f57105/single_ver/main/gen_natural_store.db-shm FILE* 5351
248->socket:[5699453] native object of unknown type 0
249->/data/storage/el2/database/entry/kvdb/d35d42b37d871742f89868bf3f8bc9418f9ae939ab9c94b6ae94b21923f57105/single_ver/main/gen_natural_store.db FILE* 5351
250->/data/storage/el2/database/entry/kvdb/d35d42b37d871742f89868bf3f8bc9418f9ae939ab9c94b6ae94b21923f57105/single_ver/main/gen_natural_store.db-wal FILE* 5351
251->anon_inode:[eventfd] native object of unknown type 0
252->anon_inode:[eventpoll] native object of unknown type 0
253->anon_inode:[eventpoll] native object of unknown type 218108417
254->anon_inode:[timerfd] native object of unknown type 0
255->anon_inode:[eventfd] native object of unknown type 218108417
256->anon_inode:[eventfd] native object of unknown type 0
257->anon_inode:[timerfd] native object of unknown type 0
258->/dev/ashmem native object of unknown type 0
259->/dev/ashmem native object of unknown type 0
260->anon_inode:dmabuf native object of unknown type 0
261->anon_inode:dmabuf native object of unknown type 0
262->anon_inode:[eventpoll] native object of unknown type 218108417
263->anon_inode:[eventfd] native object of unknown type 218108417
264->socket:[5699489] native object of unknown type 0
265->pipe:[228722] native object of unknown type 0
266->pipe:[228722] native object of unknown type 0
267->anon_inode:[eventpoll] native object of unknown type 218108417
268->socket:[5699497] native object of unknown type 0
269->anon_inode:[eventfd] native object of unknown type 218108417
270->anon_inode:[eventpoll] native object of unknown type 218108417
271->socket:[5699519] native object of unknown type 0
272->anon_inode:[eventfd] native object of unknown type 218108417
273->socket:[538758] native object of unknown type 0
274->/data/storage/el2/database/rdb/cloudmusic.db FILE* 5351
275->/data/storage/el2/database/rdb/cloudmusic.db-dwr FILE* 5351
276->/dev/ashmem native object of unknown type 0
277->socket:[538748] native object of unknown type 0
278->/dev/ashmem native object of unknown type 0
279->/data/storage/el2/database/rdb/cloudmusic.db-wal FILE* 5351
280->/data/storage/el2/database/rdb/cloudmusic.db-shm FILE* 5351
281->/dev/ashmem native object of unknown type 0
282->/data/storage/el2/base/temp/widgetVinyl1787833157495 native object of unknown type 0
283->/dev/ashmem native object of unknown type 0
284->/data/storage/el2/database/rdb/cloudmusic.db FILE* 5351
285->/data/storage/el2/database/rdb/cloudmusic.db-dwr FILE* 5351
286->/data/storage/el2/database/rdb/cloudmusic.db FILE* 5351
287->/data/storage/el2/database/rdb/cloudmusic.db-dwr FILE* 5351
288->/data/storage/el2/database/rdb/cloudmusic.db FILE* 5351
289->/data/storage/el2/database/rdb/cloudmusic.db-dwr FILE* 5351
290->/data/storage/el2/database/rdb/cloudmusic.db FILE* 5351
291->/data/storage/el2/database/rdb/cloudmusic.db-dwr FILE* 5351
292->/dev/ashmem native object of unknown type 0
293->/dev/ashmem native object of unknown type 0
294->/data/storage/el2/database/rdb/cloudmusic.db-wal FILE* 5351
295->/data/storage/el2/database/entry/rdb/cards.db-wal FILE* 5351
296->/dev/ashmem native object of unknown type 0
297->/dev/ashmem native object of unknown type 0
298->anon_inode:dmabuf native object of unknown type 0
299->/dev/ashmem native object of unknown type 0
300->/data/storage/el2/database/entry/rdb/cards.db-wal FILE* 5351
301->socket:[538776] native object of unknown type 218109381
302->/dev/ashmem native object of unknown type 0
303->/dev/ashmem native object of unknown type 0
304->/data/storage/el2/database/entry/rdb/cards.db FILE* 5351
305->socket:[538766] native object of unknown type 0
306->anon_inode:dmabuf native object of unknown type 0
307->/dev/ashmem native object of unknown type 0
308->/dev/ashmem native object of unknown type 0
309->/dev/ashmem native object of unknown type 0
310->anon_inode:dmabuf native object of unknown type 0
311->/data/storage/el2/database/entry/rdb/cards.db-wal FILE* 5351
312->/dev/ashmem native object of unknown type 0
313->/dev/ashmem native object of unknown type 0
314->/dev/ashmem native object of unknown type 0
315->anon_inode:[eventpoll] FILE* 398338674624
316->pipe:[228733] native object of unknown type 0
317->pipe:[228733] native object of unknown type 0
318->anon_inode:[eventfd] FILE* 398338675016
319->/data/storage/el2/database/entry/rdb/cards.db FILE* 5351
320->anon_inode:[eventpoll] native object of unknown type 218108417
321->anon_inode:[eventpoll] native object of unknown type 218108417
322->socket:[5700555] native object of unknown type 0
323->anon_inode:[eventfd] native object of unknown type 218108417
324->/data/storage/el2/base/haps/entry/files/bundle-0.82/rn-songlist-detail-v2-harmony/1787832033290/rn-songlist-detail-v2-harmony.hbc native object of unknown type 0
325->/data/storage/el2/database/entry/rdb/cards.db-dwr FILE* 5351
326->anon_inode:[eventfd] native object of unknown type 218108417
327->socket:[5700567] native object of unknown type 0
328->anon_inode:[eventfd] native object of unknown type 218108417
329->anon_inode:[eventpoll] native object of unknown type 218108417
330->socket:[5700571] native object of unknown type 0
331->anon_inode:[eventpoll] native object of unknown type 218108417
332->socket:[5700575] native object of unknown type 0
333->anon_inode:[eventfd] native object of unknown type 218108417
334->/data/storage/el2/database/entry/rdb/cards.db-wal FILE* 5351
335->/dev/ashmem native object of unknown type 0
336->anon_inode:[eventpoll] FILE* 398436497984
337->pipe:[228742] native object of unknown type 0
338->pipe:[228742] native object of unknown type 0
339->anon_inode:[eventfd] FILE* 398436498376
340->anon_inode:[eventpoll] native object of unknown type 218108417
341->anon_inode:[eventpoll] native object of unknown type 218108417
342->socket:[5700647] native object of unknown type 0
343->anon_inode:[eventfd] native object of unknown type 218108417
344->/data/storage/el2/base/haps/entry/files/bundle-0.82/rn-play-view-harmony/1787817559030/rn-play-view-harmony.hbc native object of unknown type 0
345->socket:[5700677] native object of unknown type 0
346->/data/storage/el2/database/rdb/cloudmusic.db-wal FILE* 5351
347->/dev/ashmem native object of unknown type 0
348->anon_inode:[eventfd] native object of unknown type 218108417
349->anon_inode:[eventpoll] native object of unknown type 218108417
350->socket:[5700681] native object of unknown type 0
351->anon_inode:[eventfd] native object of unknown type 218108417
352->anon_inode:[eventpoll] native object of unknown type 218108417
353->socket:[5700685] native object of unknown type 0
354->anon_inode:[eventfd] native object of unknown type 218108417
355->/data/storage/el2/database/rdb/cloudmusic.db-wal FILE* 5351
356->/dev/ashmem native object of unknown type 0
357->/dev/ashmem native object of unknown type 0
358->/dev/ashmem native object of unknown type 0
359->/dev/ashmem native object of unknown type 0
360->/dev/ashmem native object of unknown type 0
361->/dev/ashmem native object of unknown type 0
362->/dev/ashmem native object of unknown type 0
363->anon_inode:[eventpoll] FILE* 398446499776
364->/dev/ashmem native object of unknown type 0
365->socket:[5700739] native object of unknown type 0
366->anon_inode:dmabuf native object of unknown type 0
367->pipe:[228748] native object of unknown type 0
368->/dev/ashmem native object of unknown type 0
369->/dev/ashmem native object of unknown type 0
370->/dev/ashmem native object of unknown type 0
371->pipe:[228748] native object of unknown type 0
372->/dev/ashmem native object of unknown type 0
373->/data/storage/el2/base/haps/entry/files/bundle-0.82/rn-songlist-detail-v2-harmony/1787832033290/rn-songlist-detail-v2-harmony.hbc native object of unknown type 0
374->anon_inode:dmabuf native object of unknown type 0
375->/dev/ashmem native object of unknown type 0
376->anon_inode:dmabuf native object of unknown type 0
377->anon_inode:[eventfd] FILE* 398446500168
378->anon_inode:[eventpoll] native object of unknown type 218108417
379->anon_inode:dmabuf native object of unknown type 0
380->socket:[5700751] native object of unknown type 0
381->anon_inode:[eventfd] native object of unknown type 218108417
382->/dev/ashmem native object of unknown type 0
383->anon_inode:[eventfd] native object of unknown type 218108417
384->anon_inode:[eventpoll] native object of unknown type 218108417
385->socket:[5700777] native object of unknown type 0
386->/data/storage/el2/base/haps/entry/files/bundle-0.82/rn-mine-harmony/1787823891433/rn-mine-harmony.hbc native object of unknown type 0
387->anon_inode:[eventfd] native object of unknown type 218108417
388->anon_inode:[eventpoll] native object of unknown type 218108417
389->socket:[5700781] native object of unknown type 0
390->/data/storage/el2/database/rdb/cloudmusic.db-wal FILE* 5351
391->/dev/ashmem native object of unknown type 0
392->/dev/ashmem native object of unknown type 0
393->/dev/ashmem native object of unknown type 0
394->socket:[538814] native object of unknown type 0
395->/dev/ashmem native object of unknown type 0
396->anon_inode:[eventpoll] native object of unknown type 218108417
397->socket:[5700845] native object of unknown type 0
398->anon_inode:[eventfd] native object of unknown type 218108417
399->/dev/ashmem native object of unknown type 0
400->anon_inode:[eventpoll] native object of unknown type 218108417
401->/dev/ashmem native object of unknown type 0
402->/dev/ashmem native object of unknown type 0
403->/dev/ashmem native object of unknown type 0
404->/dev/ashmem native object of unknown type 0
405->anon_inode:dmabuf native object of unknown type 0
406->anon_inode:[eventfd] native object of unknown type 218108417
407->/dev/ashmem native object of unknown type 0
408->/dev/ashmem native object of unknown type 0
409->/dev/ashmem native object of unknown type 0
410->/dev/ashmem native object of unknown type 0
411->socket:[5701697] native object of unknown type 0
412->anon_inode:dmabuf native object of unknown type 0
413->/dev/ashmem native object of unknown type 0
414->/dev/ashmem native object of unknown type 0
415->/dev/ashmem native object of unknown type 0
416->/dev/ashmem native object of unknown type 0
417->/dev/ashmem native object of unknown type 0
418->anon_inode:[eventpoll] native object of unknown type 218108417
419->socket:[5701701] native object of unknown type 0
420->anon_inode:dmabuf native object of unknown type 0
421->/dev/ashmem native object of unknown type 0
422->/dev/ashmem native object of unknown type 0
423->/dev/ashmem native object of unknown type 0
424->anon_inode:dmabuf native object of unknown type 0
425->anon_inode:dmabuf native object of unknown type 0
426->socket:[538842] native object of unknown type 0
427->/dev/ashmem native object of unknown type 0
428->/dev/ashmem native object of unknown type 0
429->anon_inode:[eventfd] native object of unknown type 218108417
430->/dev/ashmem native object of unknown type 0
431->/dev/ashmem native object of unknown type 0
432->anon_inode:dmabuf native object of unknown type 0
433->/dev/ashmem native object of unknown type 0
434->/dev/ashmem native object of unknown type 0
435->/dev/ashmem native object of unknown type 0
436->anon_inode:[eventpoll] native object of unknown type 218108417
437->/dev/ashmem native object of unknown type 0
438->socket:[5701707] native object of unknown type 0
439->/dev/ashmem native object of unknown type 0
440->anon_inode:[eventfd] native object of unknown type 218108417
441->/dev/ashmem native object of unknown type 0
442->/dev/ashmem native object of unknown type 0
443->/dev/ashmem native object of unknown type 0
444->/dev/ashmem native object of unknown type 0
445->/dev/ashmem native object of unknown type 0
446->/dev/ashmem native object of unknown type 0
447->/dev/ashmem native object of unknown type 0
448->/dev/ashmem native object of unknown type 0
449->/dev/ashmem native object of unknown type 0
450->/dev/ashmem native object of unknown type 0
451->/dev/ashmem native object of unknown type 0
452->/dev/ashmem native object of unknown type 0
453->/dev/ashmem native object of unknown type 0
454->/dev/ashmem native object of unknown type 0
455->/dev/ashmem native object of unknown type 0
456->/dev/ashmem native object of unknown type 0
457->/dev/ashmem native object of unknown type 0
458->/dev/ashmem native object of unknown type 0
459->/dev/ashmem native object of unknown type 0
460->/dev/ashmem native object of unknown type 0
461->/dev/ashmem native object of unknown type 0
462->/dev/ashmem native object of unknown type 0
463->/dev/ashmem native object of unknown type 0
464->/dev/ashmem native object of unknown type 0
465->/dev/ashmem native object of unknown type 0
466->/dev/ashmem native object of unknown type 0
467->/dev/ashmem native object of unknown type 0
468->/dev/ashmem native object of unknown type 0
469->/dev/ashmem native object of unknown type 0
470->/dev/ashmem native object of unknown type 0
471->anon_inode:[eventpoll] FILE* 398507488192
472->pipe:[228757] native object of unknown type 0
473->/dev/ashmem native object of unknown type 0
474->/dev/ashmem native object of unknown type 0
475->/dev/ashmem native object of unknown type 0
476->/dev/ashmem native object of unknown type 0
477->/dev/ashmem native object of unknown type 0
478->/dev/ashmem native object of unknown type 0
479->/dev/ashmem native object of unknown type 0
480->/dev/ashmem native object of unknown type 0
481->/dev/ashmem native object of unknown type 0
482->/dev/ashmem native object of unknown type 0
483->/dev/ashmem native object of unknown type 0
484->/dev/ashmem native object of unknown type 0
485->/dev/ashmem native object of unknown type 0
486->pipe:[228757] native object of unknown type 0
487->anon_inode:[eventfd] FILE* 398507488584
488->/dev/ashmem native object of unknown type 0
489->anon_inode:[eventpoll] native object of unknown type 218108417
490->socket:[5701651] native object of unknown type 0
491->anon_inode:[eventfd] native object of unknown type 218108417
492->/dev/ashmem native object of unknown type 0
493->anon_inode:dmabuf native object of unknown type 0
494->/dev/ashmem native object of unknown type 0
495->/dev/ashmem native object of unknown type 0
496->/dev/ashmem native object of unknown type 0
497->/dev/ashmem native object of unknown type 0
498->/dev/ashmem native object of unknown type 0
499->/dev/ashmem native object of unknown type 0
500->/dev/ashmem native object of unknown type 0
501->/dev/ashmem native object of unknown type 0
502->anon_inode:[eventpoll] FILE* 398654231360
503->socket:[538904] native object of unknown type 218109381
504->pipe:[228767] native object of unknown type 0
505->pipe:[228767] native object of unknown type 0
506->anon_inode:[eventfd] FILE* 398654231752
507->/dev/urandom native object of unknown type 0
508->anon_inode:[eventpoll] native object of unknown type 218108417
509->socket:[5702479] native object of unknown type 0
510->anon_inode:[eventfd] native object of unknown type 218108417
511->socket:[538920] native object of unknown type 0
512->/dev/urandom native object of unknown type 0
513->anon_inode:[eventfd] native object of unknown type 0
514->socket:[538928] native object of unknown type 0
515->anon_inode:[eventfd] native object of unknown type 0
516->socket:[538932] native object of unknown type 0
517->anon_inode:[eventpoll] native object of unknown type 218108417
518->anon_inode:[eventpoll] native object of unknown type 218108417
519->socket:[5702557] native object of unknown type 0
520->anon_inode:[eventfd] native object of unknown type 218108417
521->socket:[5702671] native object of unknown type 0
522->anon_inode:[eventfd] native object of unknown type 218108417
523->anon_inode:[eventpoll] native object of unknown type 218108417
524->socket:[5702675] native object of unknown type 0
525->anon_inode:[eventfd] native object of unknown type 218108417
526->/dev/urandom native object of unknown type 0
527->anon_inode:[eventfd] native object of unknown type 0
528->socket:[538948] native object of unknown type 0
529->socket:[5702693] native object of unknown type 0
530->socket:[5702695] native object of unknown type 0
531->pipe:[228769] native object of unknown type 0
532->pipe:[228769] native object of unknown type 0
533->anon_inode:[eventfd] native object of unknown type 0
534->anon_inode:[timerfd] native object of unknown type 0
535->anon_inode:[eventpoll] native object of unknown type 257698545736
536->anon_inode:[eventfd] native object of unknown type 257698545752
537->anon_inode:[eventpoll] native object of unknown type 257698547176
538->anon_inode:[eventfd] native object of unknown type 257698547192
539->/dev/ashmem native object of unknown type 257698988040
540->pipe:[228770] native object of unknown type 0
541->pipe:[228770] native object of unknown type 0
542->/dev/ashmem native object of unknown type 393496967256
543->anon_inode:[eventpoll] native object of unknown type 257698556392
544->anon_inode:inotify native object of unknown type 0
545->/dev/ashmem native object of unknown type 257699281752
546->/dev/ashmem native object of unknown type 257699774112
547->anon_inode:[eventfd] native object of unknown type 257698556408
548->anon_inode:[eventfd] native object of unknown type 257698561016
549->anon_inode:[eventpoll] native object of unknown type 257698561000
550->/data/storage/el2/base/cache/web/segmentation_platform/ukm_db native object of unknown type 0
551->/data/storage/el2/base/cache/web/Web Data native object of unknown type 0
552->/dev/ashmem native object of unknown type 257699670736
553->/data/storage/el2/base/cache/web/Local Storage/leveldb/LOG native object of unknown type 257701163368
554->/data/storage/el2/base/cache/web/Sync Data/LevelDB/LOG native object of unknown type 257698335848
555->/data/storage/el2/base/cache/web/Shared Dictionary/db native object of unknown type 0
556->/data/storage/el2/base/cache/web/Sync Data/LevelDB/LOCK native object of unknown type 257698580568
557->/data/storage/el2/base/cache/web/Local Storage/leveldb/LOCK native object of unknown type 257698566600
558->/dev/ashmem native object of unknown type 257699411104
559->/data/storage/el2/base/cache/web/Local Storage/leveldb/MANIFEST-000001 native object of unknown type 257698270848
560->/data/storage/el2/base/cache/web/Sync Data/LevelDB/MANIFEST-000001 native object of unknown type 257698272128
561->/data/storage/el2/base/cache/web/Local Storage/leveldb/000003.log native object of unknown type 257698270688
562->/data/storage/el2/base/cache/web/Sync Data/LevelDB/000003.log native object of unknown type 257698271968
563->/data/storage/el2/base/cache/web/Site Characteristics Database/MANIFEST-000001 native object of unknown type 257698272768
564->/data/storage/el2/base/cache/web/Site Characteristics Database/LOCK native object of unknown type 257698579272
565->/data/storage/el2/base/cache/web/Site Characteristics Database/LOG native object of unknown type 257702658600
566->/data/storage/el2/base/cache/web/Site Characteristics Database/000003.log native object of unknown type 257698272928
567->/data/storage/el2/base/cache/web/Affiliation Database native object of unknown type 0
568->/data/storage/el2/base/cache/web/Login Data native object of unknown type 0
569->/data/storage/el2/base/cache/web/Login Data For Account native object of unknown type 0
570->/data/storage/el2/base/cache/web/Safe Browsing Cookies native object of unknown type 0
571->/data/storage/el2/base/cache/web/Cookies native object of unknown type 0
572->/dev/ashmem native object of unknown type 0
574->/data/storage/el2/base/cache/web/shared_proto_db/metadata/LOG native object of unknown type 257701130344
575->/data/storage/el2/base/cache/web/shared_proto_db/metadata/LOCK native object of unknown type 257698596408
576->/data/storage/el2/base/cache/web/shared_proto_db/metadata/MANIFEST-000001 native object of unknown type 257698283648
577->/data/storage/el2/base/cache/web/shared_proto_db/metadata/000003.log native object of unknown type 257698283488
578->/data/storage/el2/base/cache/web/SharedStorage native object of unknown type 0
579->/data/storage/el2/base/cache/web/shared_proto_db/LOG native object of unknown type 257702657544
580->/data/storage/el2/base/cache/web/SharedStorage-wal native object of unknown type 0
581->/data/storage/el2/base/cache/web/shared_proto_db/LOCK native object of unknown type 257706629656
582->/data/storage/el2/base/cache/web/shared_proto_db/MANIFEST-000001 native object of unknown type 257698272448
583->/data/storage/el2/base/cache/web/shared_proto_db/000003.log native object of unknown type 257708448032
584->/data/storage/el2/base/cache/web/Extension State/000003.log native object of unknown type 257698284928
585->/data/storage/el2/base/cache/web/Extension State/LOG native object of unknown type 257702660424
586->/data/storage/el2/base/cache/web/Extension State/LOCK native object of unknown type 257698601304
587->/data/storage/el2/base/cache/web/Extension State/MANIFEST-000001 native object of unknown type 257698285088
